題號,題名,網址,難度,通過率(%),標籤
1,Two Sum,https://leetcode.com/problems/two-sum/,Easy,57.95,Array|Hash Table
2,Add Two Numbers,https://leetcode.com/problems/add-two-numbers/,Medium,49.05,Linked List|Math|Recursion
3,Longest Substring Without Repeating Characters,https://leetcode.com/problems/longest-substring-without-repeating-characters/,Medium,39.67,Hash Table|String|Sliding Window
4,Median of Two Sorted Arrays,https://leetcode.com/problems/median-of-two-sorted-arrays/,Hard,47.28,Array|Binary Search|Divide and Conquer
5,Longest Palindromic Substring,https://leetcode.com/problems/longest-palindromic-substring/,Medium,38.39,Two Pointers|String|Dynamic Programming|Manacher
6,Zigzag Conversion,https://leetcode.com/problems/zigzag-conversion/,Medium,54.81,String
7,Reverse Integer,https://leetcode.com/problems/reverse-integer/,Medium,32.31,Math
8,String to Integer (atoi),https://leetcode.com/problems/string-to-integer-atoi/,Medium,21.5,String
9,Palindrome Number,https://leetcode.com/problems/palindrome-number/,Easy,60.84,Math
10,Regular Expression Matching,https://leetcode.com/problems/regular-expression-matching/,Hard,31.5,String|Dynamic Programming|Recursion
11,Container With Most Water,https://leetcode.com/problems/container-with-most-water/,Medium,60.57,Array|Two Pointers|Greedy
12,Integer to Roman,https://leetcode.com/problems/integer-to-roman/,Medium,71.43,Hash Table|Math|String
13,Roman to Integer,https://leetcode.com/problems/roman-to-integer/,Easy,67.0,Hash Table|Math|String
14,Longest Common Prefix,https://leetcode.com/problems/longest-common-prefix/,Easy,48.11,Array|String|Trie
15,3Sum,https://leetcode.com/problems/3sum/,Medium,39.62,Array|Two Pointers|Sorting
16,3Sum Closest,https://leetcode.com/problems/3sum-closest/,Medium,49.13,Array|Two Pointers|Sorting
17,Letter Combinations of a Phone Number,https://leetcode.com/problems/letter-combinations-of-a-phone-number/,Medium,66.6,Hash Table|String|Backtracking
18,4Sum,https://leetcode.com/problems/4sum/,Medium,41.36,Array|Two Pointers|Sorting
19,Remove Nth Node From End of List,https://leetcode.com/problems/remove-nth-node-from-end-of-list/,Medium,52.29,Linked List|Two Pointers
20,Valid Parentheses,https://leetcode.com/problems/valid-parentheses/,Easy,44.66,String|Stack|Bracket Sequences
21,Merge Two Sorted Lists,https://leetcode.com/problems/merge-two-sorted-lists/,Easy,68.69,Linked List|Recursion
22,Generate Parentheses,https://leetcode.com/problems/generate-parentheses/,Medium,79.02,String|Dynamic Programming|Backtracking|Bracket Sequences
23,Merge k Sorted Lists,https://leetcode.com/problems/merge-k-sorted-lists/,Hard,60.2,Linked List|Divide and Conquer|Heap (Priority Queue)|Merge Sort|Tournament Sort
24,Swap Nodes in Pairs,https://leetcode.com/problems/swap-nodes-in-pairs/,Medium,70.05,Linked List|Recursion
25,Reverse Nodes in k-Group,https://leetcode.com/problems/reverse-nodes-in-k-group/,Hard,66.86,Linked List|Recursion
26,Remove Duplicates from Sorted Array,https://leetcode.com/problems/remove-duplicates-from-sorted-array/,Easy,63.47,Array|Two Pointers
27,Remove Element,https://leetcode.com/problems/remove-element/,Easy,62.3,Array|Two Pointers
28,Find the Index of the First Occurrence in a String,https://leetcode.com/problems/find-the-index-of-the-first-occurrence-in-a-string/,Easy,47.11,Two Pointers|String|String Matching|Z Algorithm|Knuth–Morris–Pratt Algorithm|Boyer–Moore String-Search Algorithm
29,Divide Two Integers,https://leetcode.com/problems/divide-two-integers/,Medium,20.19,Math|Bit Manipulation
30,Substring with Concatenation of All Words,https://leetcode.com/problems/substring-with-concatenation-of-all-words/,Hard,34.92,Hash Table|String|Sliding Window
31,Next Permutation,https://leetcode.com/problems/next-permutation/,Medium,45.87,Array|Two Pointers
32,Longest Valid Parentheses,https://leetcode.com/problems/longest-valid-parentheses/,Hard,39.42,String|Dynamic Programming|Stack|Bracket Sequences
33,Search in Rotated Sorted Array,https://leetcode.com/problems/search-in-rotated-sorted-array/,Medium,45.39,Array|Binary Search
34,Find First and Last Position of Element in Sorted Array,https://leetcode.com/problems/find-first-and-last-position-of-element-in-sorted-array/,Medium,49.45,Array|Binary Search
35,Search Insert Position,https://leetcode.com/problems/search-insert-position/,Easy,51.92,Array|Binary Search
36,Valid Sudoku,https://leetcode.com/problems/valid-sudoku/,Medium,64.89,Array|Hash Table|Matrix
37,Sudoku Solver,https://leetcode.com/problems/sudoku-solver/,Hard,65.58,Array|Hash Table|Backtracking|Matrix|Algorithm X|Dancing Links
38,Count and Say,https://leetcode.com/problems/count-and-say/,Medium,63.53,String
39,Combination Sum,https://leetcode.com/problems/combination-sum/,Medium,76.95,Array|Backtracking
40,Combination Sum II,https://leetcode.com/problems/combination-sum-ii/,Medium,59.91,Array|Backtracking
41,First Missing Positive,https://leetcode.com/problems/first-missing-positive/,Hard,43.46,Array|Hash Table
42,Trapping Rain Water,https://leetcode.com/problems/trapping-rain-water/,Hard,67.94,Array|Two Pointers|Dynamic Programming|Stack|Monotonic Stack
43,Multiply Strings,https://leetcode.com/problems/multiply-strings/,Medium,44.59,Math|String|Simulation
44,Wildcard Matching,https://leetcode.com/problems/wildcard-matching/,Hard,32.54,String|Dynamic Programming|Greedy|Recursion
45,Jump Game II,https://leetcode.com/problems/jump-game-ii/,Medium,43.29,Array|Dynamic Programming|Greedy
46,Permutations,https://leetcode.com/problems/permutations/,Medium,82.22,Array|Backtracking
47,Permutations II,https://leetcode.com/problems/permutations-ii/,Medium,63.94,Array|Backtracking|Sorting
48,Rotate Image,https://leetcode.com/problems/rotate-image/,Medium,80.52,Array|Math|Matrix
49,Group Anagrams,https://leetcode.com/problems/group-anagrams/,Medium,73.06,Array|Hash Table|String|Sorting
50,"Pow(x, n)",https://leetcode.com/problems/powx-n/,Medium,39.11,Math|Recursion
51,N-Queens,https://leetcode.com/problems/n-queens/,Hard,76.19,Array|Backtracking|Algorithm X
52,N-Queens II,https://leetcode.com/problems/n-queens-ii/,Hard,79.13,Backtracking|Algorithm X
53,Maximum Subarray,https://leetcode.com/problems/maximum-subarray/,Medium,53.68,Array|Divide and Conquer|Dynamic Programming
54,Spiral Matrix,https://leetcode.com/problems/spiral-matrix/,Medium,57.51,Array|Matrix|Simulation
55,Jump Game,https://leetcode.com/problems/jump-game/,Medium,41.32,Array|Dynamic Programming|Greedy
56,Merge Intervals,https://leetcode.com/problems/merge-intervals/,Medium,52.48,Array|Sorting|Quicksort
57,Insert Interval,https://leetcode.com/problems/insert-interval/,Medium,45.74,Array
58,Length of Last Word,https://leetcode.com/problems/length-of-last-word/,Easy,59.43,String
59,Spiral Matrix II,https://leetcode.com/problems/spiral-matrix-ii/,Medium,75.57,Array|Matrix|Simulation
60,Permutation Sequence,https://leetcode.com/problems/permutation-sequence/,Hard,53.89,Math|Recursion
61,Rotate List,https://leetcode.com/problems/rotate-list/,Medium,43.05,Linked List|Two Pointers
62,Unique Paths,https://leetcode.com/problems/unique-paths/,Medium,67.13,Math|Dynamic Programming|Combinatorics
63,Unique Paths II,https://leetcode.com/problems/unique-paths-ii/,Medium,44.89,Array|Dynamic Programming|Matrix
64,Minimum Path Sum,https://leetcode.com/problems/minimum-path-sum/,Medium,68.68,Array|Dynamic Programming|Matrix
65,Valid Number,https://leetcode.com/problems/valid-number/,Hard,23.38,String
66,Plus One,https://leetcode.com/problems/plus-one/,Easy,50.39,Array|Math
67,Add Binary,https://leetcode.com/problems/add-binary/,Easy,58.43,Math|String|Bit Manipulation|Simulation
68,Text Justification,https://leetcode.com/problems/text-justification/,Hard,51.8,Array|String|Simulation
69,Sqrt(x),https://leetcode.com/problems/sqrtx/,Easy,42.21,Math|Binary Search|Newton's Method
70,Climbing Stairs,https://leetcode.com/problems/climbing-stairs/,Easy,54.26,Math|Dynamic Programming|Memoization
71,Simplify Path,https://leetcode.com/problems/simplify-path/,Medium,51.14,String|Stack
72,Edit Distance,https://leetcode.com/problems/edit-distance/,Medium,61.05,String|Dynamic Programming
73,Set Matrix Zeroes,https://leetcode.com/problems/set-matrix-zeroes/,Medium,63.44,Array|Hash Table|Matrix
74,Search a 2D Matrix,https://leetcode.com/problems/search-a-2d-matrix/,Medium,54.4,Array|Binary Search|Matrix
75,Sort Colors,https://leetcode.com/problems/sort-colors/,Medium,70.14,Array|Two Pointers|Sorting|Quicksort|Bubble Sort
76,Minimum Window Substring,https://leetcode.com/problems/minimum-window-substring/,Hard,48.17,Hash Table|String|Sliding Window
77,Combinations,https://leetcode.com/problems/combinations/,Medium,74.96,Backtracking
78,Subsets,https://leetcode.com/problems/subsets/,Medium,82.67,Array|Backtracking|Bit Manipulation
79,Word Search,https://leetcode.com/problems/word-search/,Medium,47.88,Array|String|Backtracking|Depth-First Search|Matrix
80,Remove Duplicates from Sorted Array II,https://leetcode.com/problems/remove-duplicates-from-sorted-array-ii/,Medium,65.1,Array|Two Pointers
81,Search in Rotated Sorted Array II,https://leetcode.com/problems/search-in-rotated-sorted-array-ii/,Medium,40.39,Array|Binary Search
82,Remove Duplicates from Sorted List II,https://leetcode.com/problems/remove-duplicates-from-sorted-list-ii/,Medium,52.28,Linked List|Two Pointers
83,Remove Duplicates from Sorted List,https://leetcode.com/problems/remove-duplicates-from-sorted-list/,Easy,57.27,Linked List
84,Largest Rectangle in Histogram,https://leetcode.com/problems/largest-rectangle-in-histogram/,Hard,50.58,Array|Stack|Monotonic Stack|Range Minimum/Maximum Query
85,Maximal Rectangle,https://leetcode.com/problems/maximal-rectangle/,Hard,59.49,Array|Dynamic Programming|Stack|Matrix|Monotonic Stack
86,Partition List,https://leetcode.com/problems/partition-list/,Medium,61.75,Linked List|Two Pointers
87,Scramble String,https://leetcode.com/problems/scramble-string/,Hard,45.26,String|Dynamic Programming
88,Merge Sorted Array,https://leetcode.com/problems/merge-sorted-array/,Easy,55.44,Array|Two Pointers|Sorting
89,Gray Code,https://leetcode.com/problems/gray-code/,Medium,65.67,Math|Backtracking|Bit Manipulation
90,Subsets II,https://leetcode.com/problems/subsets-ii/,Medium,61.76,Array|Backtracking|Bit Manipulation
91,Decode Ways,https://leetcode.com/problems/decode-ways/,Medium,38.38,String|Dynamic Programming
92,Reverse Linked List II,https://leetcode.com/problems/reverse-linked-list-ii/,Medium,52.09,Linked List
93,Restore IP Addresses,https://leetcode.com/problems/restore-ip-addresses/,Medium,56.69,String|Backtracking
94,Binary Tree Inorder Traversal,https://leetcode.com/problems/binary-tree-inorder-traversal/,Easy,80.46,Stack|Tree|Depth-First Search|Binary Tree
95,Unique Binary Search Trees II,https://leetcode.com/problems/unique-binary-search-trees-ii/,Medium,63.04,Dynamic Programming|Backtracking|Tree|Binary Search Tree|Binary Tree
96,Unique Binary Search Trees,https://leetcode.com/problems/unique-binary-search-trees/,Medium,64.03,Math|Dynamic Programming|Tree|Binary Search Tree|Binary Tree
97,Interleaving String,https://leetcode.com/problems/interleaving-string/,Medium,44.5,String|Dynamic Programming
98,Validate Binary Search Tree,https://leetcode.com/problems/validate-binary-search-tree/,Medium,36.15,Tree|Depth-First Search|Binary Search Tree|Binary Tree
99,Recover Binary Search Tree,https://leetcode.com/problems/recover-binary-search-tree/,Medium,60.55,Tree|Depth-First Search|Binary Search Tree|Binary Tree
100,Same Tree,https://leetcode.com/problems/same-tree/,Easy,67.71,Tree|Depth-First Search|Breadth-First Search|Binary Tree
101,Symmetric Tree,https://leetcode.com/problems/symmetric-tree/,Easy,61.75,Tree|Depth-First Search|Breadth-First Search|Binary Tree
102,Binary Tree Level Order Traversal,https://leetcode.com/problems/binary-tree-level-order-traversal/,Medium,73.22,Tree|Breadth-First Search|Binary Tree
103,Binary Tree Zigzag Level Order Traversal,https://leetcode.com/problems/binary-tree-zigzag-level-order-traversal/,Medium,64.26,Tree|Breadth-First Search|Binary Tree
104,Maximum Depth of Binary Tree,https://leetcode.com/problems/maximum-depth-of-binary-tree/,Easy,78.49,Tree|Depth-First Search|Breadth-First Search|Binary Tree
105,Construct Binary Tree from Preorder and Inorder Traversal,https://leetcode.com/problems/construct-binary-tree-from-preorder-and-inorder-traversal/,Medium,69.32,Array|Hash Table|Divide and Conquer|Tree|Binary Tree
106,Construct Binary Tree from Inorder and Postorder Traversal,https://leetcode.com/problems/construct-binary-tree-from-inorder-and-postorder-traversal/,Medium,69.31,Array|Hash Table|Divide and Conquer|Tree|Binary Tree
107,Binary Tree Level Order Traversal II,https://leetcode.com/problems/binary-tree-level-order-traversal-ii/,Medium,68.78,Tree|Breadth-First Search|Binary Tree
108,Convert Sorted Array to Binary Search Tree,https://leetcode.com/problems/convert-sorted-array-to-binary-search-tree/,Easy,75.94,Array|Divide and Conquer|Tree|Binary Search Tree|Binary Tree
109,Convert Sorted List to Binary Search Tree,https://leetcode.com/problems/convert-sorted-list-to-binary-search-tree/,Medium,67.13,Linked List|Divide and Conquer|Tree|Binary Search Tree|Binary Tree
110,Balanced Binary Tree,https://leetcode.com/problems/balanced-binary-tree/,Easy,58.93,Tree|Depth-First Search|Binary Tree
111,Minimum Depth of Binary Tree,https://leetcode.com/problems/minimum-depth-of-binary-tree/,Easy,53.51,Tree|Depth-First Search|Breadth-First Search|Binary Tree
112,Path Sum,https://leetcode.com/problems/path-sum/,Easy,55.44,Tree|Depth-First Search|Breadth-First Search|Binary Tree
113,Path Sum II,https://leetcode.com/problems/path-sum-ii/,Medium,62.67,Backtracking|Tree|Depth-First Search|Binary Tree
114,Flatten Binary Tree to Linked List,https://leetcode.com/problems/flatten-binary-tree-to-linked-list/,Medium,71.26,Linked List|Stack|Tree|Depth-First Search|Binary Tree
115,Distinct Subsequences,https://leetcode.com/problems/distinct-subsequences/,Hard,52.33,String|Dynamic Programming
116,Populating Next Right Pointers in Each Node,https://leetcode.com/problems/populating-next-right-pointers-in-each-node/,Medium,67.58,Linked List|Tree|Depth-First Search|Breadth-First Search|Binary Tree
117,Populating Next Right Pointers in Each Node II,https://leetcode.com/problems/populating-next-right-pointers-in-each-node-ii/,Medium,57.97,Linked List|Tree|Depth-First Search|Breadth-First Search|Binary Tree
118,Pascal's Triangle,https://leetcode.com/problems/pascals-triangle/,Easy,79.26,Array|Dynamic Programming
119,Pascal's Triangle II,https://leetcode.com/problems/pascals-triangle-ii/,Easy,67.83,Array|Dynamic Programming
120,Triangle,https://leetcode.com/problems/triangle/,Medium,59.91,Array|Dynamic Programming
121,Best Time to Buy and Sell Stock,https://leetcode.com/problems/best-time-to-buy-and-sell-stock/,Easy,57.19,Array|Dynamic Programming
122,Best Time to Buy and Sell Stock II,https://leetcode.com/problems/best-time-to-buy-and-sell-stock-ii/,Medium,71.45,Array|Dynamic Programming|Greedy
123,Best Time to Buy and Sell Stock III,https://leetcode.com/problems/best-time-to-buy-and-sell-stock-iii/,Hard,54.41,Array|Dynamic Programming
124,Binary Tree Maximum Path Sum,https://leetcode.com/problems/binary-tree-maximum-path-sum/,Hard,42.63,Dynamic Programming|Tree|Depth-First Search|Binary Tree|DP on Trees
125,Valid Palindrome,https://leetcode.com/problems/valid-palindrome/,Easy,53.98,Two Pointers|String
126,Word Ladder II,https://leetcode.com/problems/word-ladder-ii/,Hard,27.92,Hash Table|String|Backtracking|Breadth-First Search|Bidirectional Search
127,Word Ladder,https://leetcode.com/problems/word-ladder/,Hard,46.23,Hash Table|String|Breadth-First Search|Bidirectional Search
128,Longest Consecutive Sequence,https://leetcode.com/problems/longest-consecutive-sequence/,Medium,47.2,Array|Hash Table|Union-Find
129,Sum Root to Leaf Numbers,https://leetcode.com/problems/sum-root-to-leaf-numbers/,Medium,70.24,Tree|Depth-First Search|Binary Tree
130,Surrounded Regions,https://leetcode.com/problems/surrounded-regions/,Medium,45.98,Array|Depth-First Search|Breadth-First Search|Union-Find|Matrix
131,Palindrome Partitioning,https://leetcode.com/problems/palindrome-partitioning/,Medium,74.45,String|Dynamic Programming|Backtracking
132,Palindrome Partitioning II,https://leetcode.com/problems/palindrome-partitioning-ii/,Hard,37.66,String|Dynamic Programming
133,Clone Graph,https://leetcode.com/problems/clone-graph/,Medium,65.9,Hash Table|Depth-First Search|Breadth-First Search|Graph Theory
134,Gas Station,https://leetcode.com/problems/gas-station/,Medium,48.49,Array|Greedy
135,Candy,https://leetcode.com/problems/candy/,Hard,48.97,Array|Greedy
136,Single Number,https://leetcode.com/problems/single-number/,Easy,78.1,Array|Bit Manipulation
137,Single Number II,https://leetcode.com/problems/single-number-ii/,Medium,67.6,Array|Bit Manipulation
138,Copy List with Random Pointer,https://leetcode.com/problems/copy-list-with-random-pointer/,Medium,63.44,Hash Table|Linked List
139,Word Break,https://leetcode.com/problems/word-break/,Medium,49.74,Array|Hash Table|String|Dynamic Programming|Trie|Memoization|Brute-Force Search
140,Word Break II,https://leetcode.com/problems/word-break-ii/,Hard,55.96,Array|Hash Table|String|Dynamic Programming|Backtracking|Trie|Memoization
141,Linked List Cycle,https://leetcode.com/problems/linked-list-cycle/,Easy,54.84,Hash Table|Linked List|Two Pointers|Floyd's Cycle Finding Algorithm
142,Linked List Cycle II,https://leetcode.com/problems/linked-list-cycle-ii/,Medium,58.77,Hash Table|Linked List|Two Pointers|Floyd's Cycle Finding Algorithm
143,Reorder List,https://leetcode.com/problems/reorder-list/,Medium,65.9,Linked List|Two Pointers|Stack|Recursion
144,Binary Tree Preorder Traversal,https://leetcode.com/problems/binary-tree-preorder-traversal/,Easy,76.39,Stack|Tree|Depth-First Search|Binary Tree
145,Binary Tree Postorder Traversal,https://leetcode.com/problems/binary-tree-postorder-traversal/,Easy,78.75,Stack|Tree|Depth-First Search|Binary Tree
146,LRU Cache,https://leetcode.com/problems/lru-cache/,Medium,47.8,Hash Table|Linked List|Design|Doubly-Linked List
147,Insertion Sort List,https://leetcode.com/problems/insertion-sort-list/,Medium,59.82,Linked List|Sorting
148,Sort List,https://leetcode.com/problems/sort-list/,Medium,65.09,Linked List|Two Pointers|Divide and Conquer|Sorting|Merge Sort
149,Max Points on a Line,https://leetcode.com/problems/max-points-on-a-line/,Hard,31.19,Array|Hash Table|Math|Geometry|Euclidean Algorithm|Greatest Common Divisor
150,Evaluate Reverse Polish Notation,https://leetcode.com/problems/evaluate-reverse-polish-notation/,Medium,58.4,Array|Math|Stack
151,Reverse Words in a String,https://leetcode.com/problems/reverse-words-in-a-string/,Medium,57.4,Two Pointers|String
152,Maximum Product Subarray,https://leetcode.com/problems/maximum-product-subarray/,Medium,36.82,Array|Dynamic Programming
153,Find Minimum in Rotated Sorted Array,https://leetcode.com/problems/find-minimum-in-rotated-sorted-array/,Medium,55.11,Array|Binary Search
154,Find Minimum in Rotated Sorted Array II,https://leetcode.com/problems/find-minimum-in-rotated-sorted-array-ii/,Hard,46.85,Array|Binary Search
155,Min Stack,https://leetcode.com/problems/min-stack/,Medium,58.51,Stack|Design
160,Intersection of Two Linked Lists,https://leetcode.com/problems/intersection-of-two-linked-lists/,Easy,64.37,Hash Table|Linked List|Two Pointers
162,Find Peak Element,https://leetcode.com/problems/find-peak-element/,Medium,47.11,Array|Binary Search
164,Maximum Gap,https://leetcode.com/problems/maximum-gap/,Medium,52.72,Array|Sorting|Bucket Sort|Radix Sort|Pigeonhole Principle
165,Compare Version Numbers,https://leetcode.com/problems/compare-version-numbers/,Medium,46.81,Two Pointers|String
166,Fraction to Recurring Decimal,https://leetcode.com/problems/fraction-to-recurring-decimal/,Medium,31.21,Hash Table|Math|String
167,Two Sum II - Input Array Is Sorted,https://leetcode.com/problems/two-sum-ii-input-array-is-sorted/,Medium,65.61,Array|Two Pointers|Binary Search
168,Excel Sheet Column Title,https://leetcode.com/problems/excel-sheet-column-title/,Easy,47.2,Math|String
169,Majority Element,https://leetcode.com/problems/majority-element/,Easy,66.46,Array|Hash Table|Divide and Conquer|Sorting|Counting|Boyer–Moore Majority Vote Algorithm
171,Excel Sheet Column Number,https://leetcode.com/problems/excel-sheet-column-number/,Easy,68.21,Math|String
172,Factorial Trailing Zeroes,https://leetcode.com/problems/factorial-trailing-zeroes/,Medium,47.17,Math
173,Binary Search Tree Iterator,https://leetcode.com/problems/binary-search-tree-iterator/,Medium,76.84,Stack|Tree|Design|Binary Search Tree|Binary Tree|Iterator
174,Dungeon Game,https://leetcode.com/problems/dungeon-game/,Hard,41.93,Array|Dynamic Programming|Matrix
175,Combine Two Tables,https://leetcode.com/problems/combine-two-tables/,Easy,79.83,Database
176,Second Highest Salary,https://leetcode.com/problems/second-highest-salary/,Medium,47.85,Database
177,Nth Highest Salary,https://leetcode.com/problems/nth-highest-salary/,Medium,39.81,Database
178,Rank Scores,https://leetcode.com/problems/rank-scores/,Medium,68.43,Database
179,Largest Number,https://leetcode.com/problems/largest-number/,Medium,43.51,Array|String|Greedy|Sorting
180,Consecutive Numbers,https://leetcode.com/problems/consecutive-numbers/,Medium,48.99,Database
181,Employees Earning More Than Their Managers,https://leetcode.com/problems/employees-earning-more-than-their-managers/,Easy,73.67,Database
182,Duplicate Emails,https://leetcode.com/problems/duplicate-emails/,Easy,74.13,Database
183,Customers Who Never Order,https://leetcode.com/problems/customers-who-never-order/,Easy,72.17,Database
184,Department Highest Salary,https://leetcode.com/problems/department-highest-salary/,Medium,58.95,Database
185,Department Top Three Salaries,https://leetcode.com/problems/department-top-three-salaries/,Hard,61.28,Database
187,Repeated DNA Sequences,https://leetcode.com/problems/repeated-dna-sequences/,Medium,53.75,Hash Table|String|Bit Manipulation|Sliding Window|Rolling Hash|Hash Function|Z Algorithm|Boyer–Moore String-Search Algorithm
188,Best Time to Buy and Sell Stock IV,https://leetcode.com/problems/best-time-to-buy-and-sell-stock-iv/,Hard,50.92,Array|Dynamic Programming
189,Rotate Array,https://leetcode.com/problems/rotate-array/,Medium,45.4,Array|Math|Two Pointers
190,Reverse Bits,https://leetcode.com/problems/reverse-bits/,Easy,69.05,Divide and Conquer|Bit Manipulation
191,Number of 1 Bits,https://leetcode.com/problems/number-of-1-bits/,Easy,77.29,Divide and Conquer|Bit Manipulation
192,Word Frequency,https://leetcode.com/problems/word-frequency/,Medium,29.75,Shell
193,Valid Phone Numbers,https://leetcode.com/problems/valid-phone-numbers/,Easy,30.45,Shell
194,Transpose File,https://leetcode.com/problems/transpose-file/,Medium,32.97,Shell
195,Tenth Line,https://leetcode.com/problems/tenth-line/,Easy,37.3,Shell
196,Delete Duplicate Emails,https://leetcode.com/problems/delete-duplicate-emails/,Easy,66.48,Database
197,Rising Temperature,https://leetcode.com/problems/rising-temperature/,Easy,51.84,Database
198,House Robber,https://leetcode.com/problems/house-robber/,Medium,53.47,Array|Dynamic Programming
199,Binary Tree Right Side View,https://leetcode.com/problems/binary-tree-right-side-view/,Medium,70.89,Tree|Depth-First Search|Breadth-First Search|Binary Tree
200,Number of Islands,https://leetcode.com/problems/number-of-islands/,Medium,64.89,Array|Depth-First Search|Breadth-First Search|Union-Find|Matrix
201,Bitwise AND of Numbers Range,https://leetcode.com/problems/bitwise-and-of-numbers-range/,Medium,48.96,Bit Manipulation
202,Happy Number,https://leetcode.com/problems/happy-number/,Easy,60.06,Hash Table|Math|Two Pointers|Floyd's Cycle Finding Algorithm
203,Remove Linked List Elements,https://leetcode.com/problems/remove-linked-list-elements/,Easy,55.12,Linked List|Recursion
204,Count Primes,https://leetcode.com/problems/count-primes/,Medium,36.34,Array|Math|Enumeration|Number Theory|Primality Test|Sieve Theory|Prime Number Sieve
205,Isomorphic Strings,https://leetcode.com/problems/isomorphic-strings/,Easy,48.85,Hash Table|String
206,Reverse Linked List,https://leetcode.com/problems/reverse-linked-list/,Easy,80.89,Linked List|Recursion
207,Course Schedule,https://leetcode.com/problems/course-schedule/,Medium,51.96,Depth-First Search|Breadth-First Search|Graph Theory|Topological Sort|Directed Acyclic Graph
208,Implement Trie (Prefix Tree),https://leetcode.com/problems/implement-trie-prefix-tree/,Medium,69.87,Hash Table|String|Design|Trie
209,Minimum Size Subarray Sum,https://leetcode.com/problems/minimum-size-subarray-sum/,Medium,52.49,Array|Binary Search|Sliding Window|Prefix Sum
210,Course Schedule II,https://leetcode.com/problems/course-schedule-ii/,Medium,56.02,Depth-First Search|Breadth-First Search|Graph Theory|Topological Sort
211,Design Add and Search Words Data Structure,https://leetcode.com/problems/design-add-and-search-words-data-structure/,Medium,48.84,String|Depth-First Search|Design|Trie
212,Word Search II,https://leetcode.com/problems/word-search-ii/,Hard,38.75,Array|String|Backtracking|Trie|Matrix
213,House Robber II,https://leetcode.com/problems/house-robber-ii/,Medium,45.34,Array|Dynamic Programming
214,Shortest Palindrome,https://leetcode.com/problems/shortest-palindrome/,Hard,42.88,String|Rolling Hash|String Matching|Hash Function|Manacher|Z Algorithm|Knuth–Morris–Pratt Algorithm
215,Kth Largest Element in an Array,https://leetcode.com/problems/kth-largest-element-in-an-array/,Medium,69.2,Array|Divide and Conquer|Sorting|Heap (Priority Queue)|Quickselect
216,Combination Sum III,https://leetcode.com/problems/combination-sum-iii/,Medium,73.58,Array|Backtracking
217,Contains Duplicate,https://leetcode.com/problems/contains-duplicate/,Easy,64.6,Array|Hash Table|Sorting
218,The Skyline Problem,https://leetcode.com/problems/the-skyline-problem/,Hard,45.72,Array|Divide and Conquer|Binary Indexed Tree|Segment Tree|Sweep Line|Sorting|Heap (Priority Queue)|Ordered Set
219,Contains Duplicate II,https://leetcode.com/problems/contains-duplicate-ii/,Easy,51.72,Array|Hash Table|Sliding Window
220,Contains Duplicate III,https://leetcode.com/problems/contains-duplicate-iii/,Hard,25.04,Array|Sliding Window|Sorting|Bucket Sort|Ordered Set
221,Maximal Square,https://leetcode.com/problems/maximal-square/,Medium,50.68,Array|Dynamic Programming|Matrix
222,Count Complete Tree Nodes,https://leetcode.com/problems/count-complete-tree-nodes/,Medium,73.04,Binary Search|Bit Manipulation|Tree|Binary Tree
223,Rectangle Area,https://leetcode.com/problems/rectangle-area/,Medium,50.03,Math|Geometry
224,Basic Calculator,https://leetcode.com/problems/basic-calculator/,Hard,47.08,Math|String|Stack|Recursion
225,Implement Stack using Queues,https://leetcode.com/problems/implement-stack-using-queues/,Easy,70.56,Stack|Design|Queue
226,Invert Binary Tree,https://leetcode.com/problems/invert-binary-tree/,Easy,80.33,Tree|Depth-First Search|Breadth-First Search|Binary Tree
227,Basic Calculator II,https://leetcode.com/problems/basic-calculator-ii/,Medium,47.05,Math|String|Stack
228,Summary Ranges,https://leetcode.com/problems/summary-ranges/,Easy,54.57,Array
229,Majority Element II,https://leetcode.com/problems/majority-element-ii/,Medium,56.63,Array|Hash Table|Sorting|Counting|Boyer–Moore Majority Vote Algorithm
230,Kth Smallest Element in a BST,https://leetcode.com/problems/kth-smallest-element-in-a-bst/,Medium,77.17,Tree|Depth-First Search|Binary Search Tree|Binary Tree
231,Power of Two,https://leetcode.com/problems/power-of-two/,Easy,50.38,Math|Bit Manipulation|Recursion
232,Implement Queue using Stacks,https://leetcode.com/problems/implement-queue-using-stacks/,Easy,70.22,Stack|Design|Queue
233,Number of Digit One,https://leetcode.com/problems/number-of-digit-one/,Hard,39.48,Math|Dynamic Programming|Recursion
234,Palindrome Linked List,https://leetcode.com/problems/palindrome-linked-list/,Easy,58.53,Linked List|Two Pointers|Stack|Recursion
235,Lowest Common Ancestor of a Binary Search Tree,https://leetcode.com/problems/lowest-common-ancestor-of-a-binary-search-tree/,Medium,71.12,Tree|Depth-First Search|Binary Search Tree|Binary Tree|Binary Lifting|Lowest Common Ancestor
236,Lowest Common Ancestor of a Binary Tree,https://leetcode.com/problems/lowest-common-ancestor-of-a-binary-tree/,Medium,69.89,Tree|Depth-First Search|Binary Tree|Binary Lifting|Lowest Common Ancestor
237,Delete Node in a Linked List,https://leetcode.com/problems/delete-node-in-a-linked-list/,Medium,84.25,Linked List
238,Product of Array Except Self,https://leetcode.com/problems/product-of-array-except-self/,Medium,69.13,Array|Prefix Sum
239,Sliding Window Maximum,https://leetcode.com/problems/sliding-window-maximum/,Hard,49.07,Array|Queue|Sliding Window|Heap (Priority Queue)|Monotonic Queue|Range Minimum/Maximum Query
240,Search a 2D Matrix II,https://leetcode.com/problems/search-a-2d-matrix-ii/,Medium,57.82,Array|Binary Search|Divide and Conquer|Matrix
241,Different Ways to Add Parentheses,https://leetcode.com/problems/different-ways-to-add-parentheses/,Medium,73.49,Math|String|Dynamic Programming|Recursion|Memoization|Bracket Sequences
242,Valid Anagram,https://leetcode.com/problems/valid-anagram/,Easy,68.48,Hash Table|String|Sorting
257,Binary Tree Paths,https://leetcode.com/problems/binary-tree-paths/,Easy,69.11,String|Backtracking|Tree|Depth-First Search|Binary Tree
258,Add Digits,https://leetcode.com/problems/add-digits/,Easy,69.18,Math|Simulation|Number Theory
260,Single Number III,https://leetcode.com/problems/single-number-iii/,Medium,70.15,Array|Bit Manipulation
262,Trips and Users,https://leetcode.com/problems/trips-and-users/,Hard,38.87,Database
263,Ugly Number,https://leetcode.com/problems/ugly-number/,Easy,43.99,Math
264,Ugly Number II,https://leetcode.com/problems/ugly-number-ii/,Medium,49.74,Hash Table|Math|Dynamic Programming|Heap (Priority Queue)
268,Missing Number,https://leetcode.com/problems/missing-number/,Easy,72.46,Array|Hash Table|Math|Binary Search|Bit Manipulation|Sorting
273,Integer to English Words,https://leetcode.com/problems/integer-to-english-words/,Hard,35.14,Math|String|Recursion
274,H-Index,https://leetcode.com/problems/h-index/,Medium,41.74,Array|Sorting|Counting Sort
275,H-Index II,https://leetcode.com/problems/h-index-ii/,Medium,39.89,Array|Binary Search
278,First Bad Version,https://leetcode.com/problems/first-bad-version/,Easy,47.46,Binary Search|Interactive
279,Perfect Squares,https://leetcode.com/problems/perfect-squares/,Medium,56.77,Math|Dynamic Programming|Breadth-First Search|Knapsack Problem|Complete Knapsack
282,Expression Add Operators,https://leetcode.com/problems/expression-add-operators/,Hard,43.6,Math|String|Backtracking
283,Move Zeroes,https://leetcode.com/problems/move-zeroes/,Easy,64.22,Array|Two Pointers
284,Peeking Iterator,https://leetcode.com/problems/peeking-iterator/,Medium,61.79,Array|Design|Iterator
287,Find the Duplicate Number,https://leetcode.com/problems/find-the-duplicate-number/,Medium,64.72,Array|Two Pointers|Binary Search|Bit Manipulation|Pigeonhole Principle|Floyd's Cycle Finding Algorithm
289,Game of Life,https://leetcode.com/problems/game-of-life/,Medium,72.89,Array|Matrix|Simulation
290,Word Pattern,https://leetcode.com/problems/word-pattern/,Easy,44.46,Hash Table|String
292,Nim Game,https://leetcode.com/problems/nim-game/,Easy,60.25,Math|Brainteaser|Minimax|Game Theory|Nim Game|Impartial Game
295,Find Median from Data Stream,https://leetcode.com/problems/find-median-from-data-stream/,Hard,54.83,Two Pointers|Design|Sorting|Heap (Priority Queue)|Data Stream
297,Serialize and Deserialize Binary Tree,https://leetcode.com/problems/serialize-and-deserialize-binary-tree/,Hard,61.12,String|Tree|Depth-First Search|Breadth-First Search|Design|Binary Tree
299,Bulls and Cows,https://leetcode.com/problems/bulls-and-cows/,Medium,52.82,Hash Table|String|Counting
300,Longest Increasing Subsequence,https://leetcode.com/problems/longest-increasing-subsequence/,Medium,59.79,Array|Binary Search|Dynamic Programming|Longest Increasing Subsequence
301,Remove Invalid Parentheses,https://leetcode.com/problems/remove-invalid-parentheses/,Hard,50.07,String|Backtracking|Breadth-First Search
303,Range Sum Query - Immutable,https://leetcode.com/problems/range-sum-query-immutable/,Easy,73.04,Array|Design|Prefix Sum
304,Range Sum Query 2D - Immutable,https://leetcode.com/problems/range-sum-query-2d-immutable/,Medium,58.75,Array|Design|Matrix|Prefix Sum
306,Additive Number,https://leetcode.com/problems/additive-number/,Medium,34.22,String|Backtracking
307,Range Sum Query - Mutable,https://leetcode.com/problems/range-sum-query-mutable/,Medium,43.52,Array|Divide and Conquer|Design|Binary Indexed Tree|Segment Tree|Sqrt Decomposition
309,Best Time to Buy and Sell Stock with Cooldown,https://leetcode.com/problems/best-time-to-buy-and-sell-stock-with-cooldown/,Medium,62.54,Array|Dynamic Programming
310,Minimum Height Trees,https://leetcode.com/problems/minimum-height-trees/,Medium,42.72,Depth-First Search|Breadth-First Search|Graph Theory|Topological Sort
312,Burst Balloons,https://leetcode.com/problems/burst-balloons/,Hard,64.11,Array|Dynamic Programming
313,Super Ugly Number,https://leetcode.com/problems/super-ugly-number/,Medium,46.42,Array|Math|Dynamic Programming
315,Count of Smaller Numbers After Self,https://leetcode.com/problems/count-of-smaller-numbers-after-self/,Hard,43.89,Array|Binary Search|Divide and Conquer|Binary Indexed Tree|Segment Tree|Merge Sort|Ordered Set|Treap
316,Remove Duplicate Letters,https://leetcode.com/problems/remove-duplicate-letters/,Medium,54.2,String|Stack|Greedy|Monotonic Stack
318,Maximum Product of Word Lengths,https://leetcode.com/problems/maximum-product-of-word-lengths/,Medium,61.44,Array|String|Bit Manipulation
319,Bulb Switcher,https://leetcode.com/problems/bulb-switcher/,Medium,56.26,Math|Brainteaser
321,Create Maximum Number,https://leetcode.com/problems/create-maximum-number/,Hard,36.28,Array|Two Pointers|Stack|Greedy|Monotonic Stack
322,Coin Change,https://leetcode.com/problems/coin-change/,Medium,48.91,Array|Dynamic Programming|Breadth-First Search|Knapsack Problem|Complete Knapsack
324,Wiggle Sort II,https://leetcode.com/problems/wiggle-sort-ii/,Medium,37.95,Array|Divide and Conquer|Greedy|Sorting|Quickselect
326,Power of Three,https://leetcode.com/problems/power-of-three/,Easy,51.42,Math|Recursion
327,Count of Range Sum,https://leetcode.com/problems/count-of-range-sum/,Hard,39.51,Array|Binary Search|Divide and Conquer|Binary Indexed Tree|Segment Tree|Merge Sort|Ordered Set|Treap
328,Odd Even Linked List,https://leetcode.com/problems/odd-even-linked-list/,Medium,62.71,Linked List
329,Longest Increasing Path in a Matrix,https://leetcode.com/problems/longest-increasing-path-in-a-matrix/,Hard,56.91,Array|Dynamic Programming|Depth-First Search|Breadth-First Search|Graph Theory|Topological Sort|Memoization|Matrix|Directed Acyclic Graph
330,Patching Array,https://leetcode.com/problems/patching-array/,Hard,54.53,Array|Greedy
331,Verify Preorder Serialization of a Binary Tree,https://leetcode.com/problems/verify-preorder-serialization-of-a-binary-tree/,Medium,47.66,String|Stack|Tree|Binary Tree
332,Reconstruct Itinerary,https://leetcode.com/problems/reconstruct-itinerary/,Hard,44.85,Array|String|Depth-First Search|Graph Theory|Sorting|Heap (Priority Queue)|Eulerian Circuit|Eulerian Path|Semi-Eulerian Graph
334,Increasing Triplet Subsequence,https://leetcode.com/problems/increasing-triplet-subsequence/,Medium,39.56,Array|Greedy|Longest Increasing Subsequence
335,Self Crossing,https://leetcode.com/problems/self-crossing/,Hard,35.77,Array|Math|Geometry
336,Palindrome Pairs,https://leetcode.com/problems/palindrome-pairs/,Hard,37.45,Array|Hash Table|String|Trie|Hash Function
337,House Robber III,https://leetcode.com/problems/house-robber-iii/,Medium,56.18,Dynamic Programming|Tree|Depth-First Search|Binary Tree|DP on Trees
338,Counting Bits,https://leetcode.com/problems/counting-bits/,Easy,80.78,Dynamic Programming|Bit Manipulation
341,Flatten Nested List Iterator,https://leetcode.com/problems/flatten-nested-list-iterator/,Medium,65.81,Stack|Tree|Depth-First Search|Design|Queue|Iterator
342,Power of Four,https://leetcode.com/problems/power-of-four/,Easy,52.42,Math|Bit Manipulation|Recursion
343,Integer Break,https://leetcode.com/problems/integer-break/,Medium,62.59,Math|Dynamic Programming
344,Reverse String,https://leetcode.com/problems/reverse-string/,Easy,81.14,Two Pointers|String
345,Reverse Vowels of a String,https://leetcode.com/problems/reverse-vowels-of-a-string/,Easy,61.99,Two Pointers|String
347,Top K Frequent Elements,https://leetcode.com/problems/top-k-frequent-elements/,Medium,67.05,Array|Hash Table|Divide and Conquer|Sorting|Heap (Priority Queue)|Bucket Sort|Counting|Quickselect
349,Intersection of Two Arrays,https://leetcode.com/problems/intersection-of-two-arrays/,Easy,78.14,Array|Hash Table|Two Pointers|Binary Search|Sorting
350,Intersection of Two Arrays II,https://leetcode.com/problems/intersection-of-two-arrays-ii/,Easy,60.17,Array|Hash Table|Two Pointers|Binary Search|Sorting
352,Data Stream as Disjoint Intervals,https://leetcode.com/problems/data-stream-as-disjoint-intervals/,Hard,60.45,Hash Table|Binary Search|Union-Find|Design|Data Stream|Ordered Set
354,Russian Doll Envelopes,https://leetcode.com/problems/russian-doll-envelopes/,Hard,38.09,Array|Binary Search|Dynamic Programming|Sorting|Longest Increasing Subsequence
355,Design Twitter,https://leetcode.com/problems/design-twitter/,Medium,45.29,Hash Table|Linked List|Design|Heap (Priority Queue)
357,Count Numbers with Unique Digits,https://leetcode.com/problems/count-numbers-with-unique-digits/,Medium,56.03,Math|Dynamic Programming|Backtracking
363,Max Sum of Rectangle No Larger Than K,https://leetcode.com/problems/max-sum-of-rectangle-no-larger-than-k/,Hard,45.85,Array|Binary Search|Matrix|Prefix Sum|Ordered Set
365,Water and Jug Problem,https://leetcode.com/problems/water-and-jug-problem/,Medium,46.13,Math|Depth-First Search|Breadth-First Search|Bézout's Lemma|Euclidean Algorithm|Greatest Common Divisor|Extended Euclidean Algorithm
367,Valid Perfect Square,https://leetcode.com/problems/valid-perfect-square/,Easy,45.15,Math|Binary Search
368,Largest Divisible Subset,https://leetcode.com/problems/largest-divisible-subset/,Medium,49.97,Array|Math|Dynamic Programming|Sorting
371,Sum of Two Integers,https://leetcode.com/problems/sum-of-two-integers/,Medium,55.91,Math|Bit Manipulation
372,Super Pow,https://leetcode.com/problems/super-pow/,Medium,37.27,Math|Divide and Conquer|Euler's Totient Function|Euler's Theorem
373,Find K Pairs with Smallest Sums,https://leetcode.com/problems/find-k-pairs-with-smallest-sums/,Medium,42.21,Array|Heap (Priority Queue)
374,Guess Number Higher or Lower,https://leetcode.com/problems/guess-number-higher-or-lower/,Easy,58.06,Binary Search|Interactive
375,Guess Number Higher or Lower II,https://leetcode.com/problems/guess-number-higher-or-lower-ii/,Medium,53.24,Math|Dynamic Programming|Minimax|Game Theory
376,Wiggle Subsequence,https://leetcode.com/problems/wiggle-subsequence/,Medium,49.65,Array|Dynamic Programming|Greedy
377,Combination Sum IV,https://leetcode.com/problems/combination-sum-iv/,Medium,55.25,Array|Dynamic Programming
378,Kth Smallest Element in a Sorted Matrix,https://leetcode.com/problems/kth-smallest-element-in-a-sorted-matrix/,Medium,64.92,Array|Binary Search|Sorting|Heap (Priority Queue)|Matrix
380,Insert Delete GetRandom O(1),https://leetcode.com/problems/insert-delete-getrandom-o1/,Medium,55.47,Array|Hash Table|Math|Design|Randomized
381,Insert Delete GetRandom O(1) - Duplicates allowed,https://leetcode.com/problems/insert-delete-getrandom-o1-duplicates-allowed/,Hard,36.85,Array|Hash Table|Math|Design|Randomized
382,Linked List Random Node,https://leetcode.com/problems/linked-list-random-node/,Medium,65.08,Linked List|Math|Reservoir Sampling|Randomized
383,Ransom Note,https://leetcode.com/problems/ransom-note/,Easy,66.27,Hash Table|String|Counting
384,Shuffle an Array,https://leetcode.com/problems/shuffle-an-array/,Medium,59.91,Array|Math|Design|Randomized
385,Mini Parser,https://leetcode.com/problems/mini-parser/,Medium,43.23,String|Stack|Depth-First Search
386,Lexicographical Numbers,https://leetcode.com/problems/lexicographical-numbers/,Medium,76.32,Depth-First Search|Trie
387,First Unique Character in a String,https://leetcode.com/problems/first-unique-character-in-a-string/,Easy,66.02,Hash Table|String|Queue|Counting
388,Longest Absolute File Path,https://leetcode.com/problems/longest-absolute-file-path/,Medium,49.75,String|Stack|Depth-First Search
389,Find the Difference,https://leetcode.com/problems/find-the-difference/,Easy,60.59,Hash Table|String|Bit Manipulation|Sorting
390,Elimination Game,https://leetcode.com/problems/elimination-game/,Medium,46.54,Math|Recursion
391,Perfect Rectangle,https://leetcode.com/problems/perfect-rectangle/,Hard,38.74,Array|Hash Table|Math|Geometry|Sweep Line
392,Is Subsequence,https://leetcode.com/problems/is-subsequence/,Easy,49.3,Two Pointers|String|Dynamic Programming
393,UTF-8 Validation,https://leetcode.com/problems/utf-8-validation/,Medium,46.5,Array|Bit Manipulation
394,Decode String,https://leetcode.com/problems/decode-string/,Medium,63.03,String|Stack|Recursion
395,Longest Substring with At Least K Repeating Characters,https://leetcode.com/problems/longest-substring-with-at-least-k-repeating-characters/,Medium,46.51,Hash Table|String|Divide and Conquer|Sliding Window
396,Rotate Function,https://leetcode.com/problems/rotate-function/,Medium,54.17,Array|Math|Dynamic Programming
397,Integer Replacement,https://leetcode.com/problems/integer-replacement/,Medium,37.84,Dynamic Programming|Greedy|Bit Manipulation|Memoization
398,Random Pick Index,https://leetcode.com/problems/random-pick-index/,Medium,65.11,Hash Table|Math|Reservoir Sampling|Randomized
399,Evaluate Division,https://leetcode.com/problems/evaluate-division/,Medium,64.48,Array|String|Depth-First Search|Breadth-First Search|Union-Find|Graph Theory|Shortest Path|Bellman–Ford Algorithm|Floyd–Warshall Algorithm
400,Nth Digit,https://leetcode.com/problems/nth-digit/,Medium,38.7,Math|Binary Search
401,Binary Watch,https://leetcode.com/problems/binary-watch/,Easy,66.01,Backtracking|Bit Manipulation
402,Remove K Digits,https://leetcode.com/problems/remove-k-digits/,Medium,37.41,String|Stack|Greedy|Monotonic Stack
403,Frog Jump,https://leetcode.com/problems/frog-jump/,Hard,47.52,Array|Dynamic Programming
404,Sum of Left Leaves,https://leetcode.com/problems/sum-of-left-leaves/,Easy,63.0,Tree|Depth-First Search|Breadth-First Search|Binary Tree
405,Convert a Number to Hexadecimal,https://leetcode.com/problems/convert-a-number-to-hexadecimal/,Easy,54.68,Math|String|Bit Manipulation
406,Queue Reconstruction by Height,https://leetcode.com/problems/queue-reconstruction-by-height/,Medium,74.92,Array|Binary Indexed Tree|Segment Tree|Sorting
407,Trapping Rain Water II,https://leetcode.com/problems/trapping-rain-water-ii/,Hard,64.17,Array|Breadth-First Search|Heap (Priority Queue)|Matrix
409,Longest Palindrome,https://leetcode.com/problems/longest-palindrome/,Easy,56.15,Hash Table|String|Greedy
410,Split Array Largest Sum,https://leetcode.com/problems/split-array-largest-sum/,Hard,61.1,Array|Binary Search|Dynamic Programming|Greedy|Prefix Sum
412,Fizz Buzz,https://leetcode.com/problems/fizz-buzz/,Easy,75.77,Math|String|Simulation
413,Arithmetic Slices,https://leetcode.com/problems/arithmetic-slices/,Medium,64.87,Array|Dynamic Programming|Sliding Window
414,Third Maximum Number,https://leetcode.com/problems/third-maximum-number/,Easy,40.07,Array|Sorting
415,Add Strings,https://leetcode.com/problems/add-strings/,Easy,52.21,Math|String|Simulation
416,Partition Equal Subset Sum,https://leetcode.com/problems/partition-equal-subset-sum/,Medium,49.84,Array|Dynamic Programming|Knapsack Problem|0-1 Knapsack
417,Pacific Atlantic Water Flow,https://leetcode.com/problems/pacific-atlantic-water-flow/,Medium,61.3,Array|Depth-First Search|Breadth-First Search|Matrix
419,Battleships in a Board,https://leetcode.com/problems/battleships-in-a-board/,Medium,77.7,Array|Depth-First Search|Matrix
420,Strong Password Checker,https://leetcode.com/problems/strong-password-checker/,Hard,16.19,String|Greedy|Heap (Priority Queue)
421,Maximum XOR of Two Numbers in an Array,https://leetcode.com/problems/maximum-xor-of-two-numbers-in-an-array/,Medium,53.7,Array|Hash Table|Bit Manipulation|Trie
423,Reconstruct Original Digits from English,https://leetcode.com/problems/reconstruct-original-digits-from-english/,Medium,53.19,Hash Table|Math|String
424,Longest Repeating Character Replacement,https://leetcode.com/problems/longest-repeating-character-replacement/,Medium,60.32,Hash Table|String|Sliding Window
427,Construct Quad Tree,https://leetcode.com/problems/construct-quad-tree/,Medium,78.58,Array|Divide and Conquer|Tree|Matrix
429,N-ary Tree Level Order Traversal,https://leetcode.com/problems/n-ary-tree-level-order-traversal/,Medium,71.62,Tree|Breadth-First Search
430,Flatten a Multilevel Doubly Linked List,https://leetcode.com/problems/flatten-a-multilevel-doubly-linked-list/,Medium,63.24,Linked List|Depth-First Search|Doubly-Linked List
432,All O`one Data Structure,https://leetcode.com/problems/all-oone-data-structure/,Hard,44.45,Hash Table|Linked List|Design|Doubly-Linked List
433,Minimum Genetic Mutation,https://leetcode.com/problems/minimum-genetic-mutation/,Medium,57.02,Hash Table|String|Breadth-First Search|Bidirectional Search
434,Number of Segments in a String,https://leetcode.com/problems/number-of-segments-in-a-string/,Easy,37.61,String
435,Non-overlapping Intervals,https://leetcode.com/problems/non-overlapping-intervals/,Medium,57.51,Array|Dynamic Programming|Greedy|Sorting
436,Find Right Interval,https://leetcode.com/problems/find-right-interval/,Medium,56.3,Array|Binary Search|Sorting
437,Path Sum III,https://leetcode.com/problems/path-sum-iii/,Medium,46.57,Tree|Depth-First Search|Binary Tree
438,Find All Anagrams in a String,https://leetcode.com/problems/find-all-anagrams-in-a-string/,Medium,54.25,Hash Table|String|Sliding Window
440,K-th Smallest in Lexicographical Order,https://leetcode.com/problems/k-th-smallest-in-lexicographical-order/,Hard,46.47,Trie
441,Arranging Coins,https://leetcode.com/problems/arranging-coins/,Easy,48.48,Math|Binary Search
442,Find All Duplicates in an Array,https://leetcode.com/problems/find-all-duplicates-in-an-array/,Medium,77.08,Array|Hash Table|Sorting
443,String Compression,https://leetcode.com/problems/string-compression/,Medium,60.52,Two Pointers|String
445,Add Two Numbers II,https://leetcode.com/problems/add-two-numbers-ii/,Medium,62.91,Linked List|Math|Stack
446,Arithmetic Slices II - Subsequence,https://leetcode.com/problems/arithmetic-slices-ii-subsequence/,Hard,55.18,Array|Dynamic Programming
447,Number of Boomerangs,https://leetcode.com/problems/number-of-boomerangs/,Medium,57.88,Array|Hash Table|Math
448,Find All Numbers Disappeared in an Array,https://leetcode.com/problems/find-all-numbers-disappeared-in-an-array/,Easy,64.5,Array|Hash Table
449,Serialize and Deserialize BST,https://leetcode.com/problems/serialize-and-deserialize-bst/,Medium,59.88,String|Tree|Depth-First Search|Breadth-First Search|Design|Binary Search Tree|Binary Tree
450,Delete Node in a BST,https://leetcode.com/problems/delete-node-in-a-bst/,Medium,55.21,Tree|Binary Search Tree|Binary Tree
451,Sort Characters By Frequency,https://leetcode.com/problems/sort-characters-by-frequency/,Medium,75.66,Hash Table|String|Sorting|Heap (Priority Queue)|Bucket Sort|Counting
452,Minimum Number of Arrows to Burst Balloons,https://leetcode.com/problems/minimum-number-of-arrows-to-burst-balloons/,Medium,61.77,Array|Greedy|Sorting
453,Minimum Moves to Equal Array Elements,https://leetcode.com/problems/minimum-moves-to-equal-array-elements/,Medium,58.97,Array|Math
454,4Sum II,https://leetcode.com/problems/4sum-ii/,Medium,58.1,Array|Hash Table
455,Assign Cookies,https://leetcode.com/problems/assign-cookies/,Easy,55.36,Array|Two Pointers|Greedy|Sorting|Quicksort
456,132 Pattern,https://leetcode.com/problems/132-pattern/,Medium,35.0,Array|Binary Search|Stack|Monotonic Stack|Ordered Set
457,Circular Array Loop,https://leetcode.com/problems/circular-array-loop/,Medium,38.06,Array|Hash Table|Two Pointers|Floyd's Cycle Finding Algorithm
458,Poor Pigs,https://leetcode.com/problems/poor-pigs/,Hard,59.18,Math|Dynamic Programming|Combinatorics
459,Repeated Substring Pattern,https://leetcode.com/problems/repeated-substring-pattern/,Easy,48.61,String|String Matching|Z Algorithm|Knuth–Morris–Pratt Algorithm
460,LFU Cache,https://leetcode.com/problems/lfu-cache/,Hard,49.94,Hash Table|Linked List|Design|Doubly-Linked List
461,Hamming Distance,https://leetcode.com/problems/hamming-distance/,Easy,76.98,Bit Manipulation
462,Minimum Moves to Equal Array Elements II,https://leetcode.com/problems/minimum-moves-to-equal-array-elements-ii/,Medium,62.24,Array|Math|Sorting
463,Island Perimeter,https://leetcode.com/problems/island-perimeter/,Easy,74.3,Array|Depth-First Search|Breadth-First Search|Matrix
464,Can I Win,https://leetcode.com/problems/can-i-win/,Medium,31.63,Math|Dynamic Programming|Bit Manipulation|Memoization|Game Theory|Bitmask
466,Count The Repetitions,https://leetcode.com/problems/count-the-repetitions/,Hard,35.51,Two Pointers|String|Dynamic Programming
467,Unique Substrings in Wraparound String,https://leetcode.com/problems/unique-substrings-in-wraparound-string/,Medium,43.62,String|Dynamic Programming
468,Validate IP Address,https://leetcode.com/problems/validate-ip-address/,Medium,28.44,String
470,Implement Rand10() Using Rand7(),https://leetcode.com/problems/implement-rand10-using-rand7/,Medium,46.6,Math|Rejection Sampling|Randomized|Probability and Statistics
472,Concatenated Words,https://leetcode.com/problems/concatenated-words/,Hard,49.9,Array|String|Dynamic Programming|Depth-First Search|Trie|Sorting
473,Matchsticks to Square,https://leetcode.com/problems/matchsticks-to-square/,Medium,42.16,Array|Dynamic Programming|Backtracking|Bit Manipulation|Bitmask
474,Ones and Zeroes,https://leetcode.com/problems/ones-and-zeroes/,Medium,53.63,Array|String|Dynamic Programming|Knapsack Problem|0-1 Knapsack
475,Heaters,https://leetcode.com/problems/heaters/,Medium,42.39,Array|Two Pointers|Binary Search|Sorting
476,Number Complement,https://leetcode.com/problems/number-complement/,Easy,70.52,Bit Manipulation
477,Total Hamming Distance,https://leetcode.com/problems/total-hamming-distance/,Medium,55.23,Array|Math|Bit Manipulation
478,Generate Random Point in a Circle,https://leetcode.com/problems/generate-random-point-in-a-circle/,Medium,43.44,Math|Geometry|Rejection Sampling|Randomized
479,Largest Palindrome Product,https://leetcode.com/problems/largest-palindrome-product/,Hard,39.55,Math|Enumeration
480,Sliding Window Median,https://leetcode.com/problems/sliding-window-median/,Hard,39.07,Array|Hash Table|Sliding Window|Heap (Priority Queue)|Treap
481,Magical String,https://leetcode.com/problems/magical-string/,Medium,56.01,Two Pointers|String
482,License Key Formatting,https://leetcode.com/problems/license-key-formatting/,Easy,46.38,String
483,Smallest Good Base,https://leetcode.com/problems/smallest-good-base/,Hard,46.97,Math|Binary Search
485,Max Consecutive Ones,https://leetcode.com/problems/max-consecutive-ones/,Easy,65.83,Array
486,Predict the Winner,https://leetcode.com/problems/predict-the-winner/,Medium,59.8,Array|Math|Dynamic Programming|Recursion|Minimax|Game Theory|Zero-Sum Game
488,Zuma Game,https://leetcode.com/problems/zuma-game/,Hard,29.43,String|Dynamic Programming|Stack|Breadth-First Search|Memoization
491,Non-decreasing Subsequences,https://leetcode.com/problems/non-decreasing-subsequences/,Medium,62.94,Array|Hash Table|Backtracking|Bit Manipulation
492,Construct the Rectangle,https://leetcode.com/problems/construct-the-rectangle/,Easy,64.71,Math
493,Reverse Pairs,https://leetcode.com/problems/reverse-pairs/,Hard,34.91,Array|Binary Search|Divide and Conquer|Binary Indexed Tree|Segment Tree|Merge Sort|Ordered Set|Treap
494,Target Sum,https://leetcode.com/problems/target-sum/,Medium,52.66,Array|Dynamic Programming|Backtracking|Knapsack Problem|0-1 Knapsack
495,Teemo Attacking,https://leetcode.com/problems/teemo-attacking/,Easy,57.96,Array|Simulation
496,Next Greater Element I,https://leetcode.com/problems/next-greater-element-i/,Easy,76.62,Array|Hash Table|Stack|Monotonic Stack
497,Random Point in Non-overlapping Rectangles,https://leetcode.com/problems/random-point-in-non-overlapping-rectangles/,Medium,40.34,Array|Math|Binary Search|Reservoir Sampling|Prefix Sum|Ordered Set|Randomized
498,Diagonal Traverse,https://leetcode.com/problems/diagonal-traverse/,Medium,67.34,Array|Matrix|Simulation
500,Keyboard Row,https://leetcode.com/problems/keyboard-row/,Easy,74.22,Array|Hash Table|String
501,Find Mode in Binary Search Tree,https://leetcode.com/problems/find-mode-in-binary-search-tree/,Easy,59.21,Tree|Depth-First Search|Binary Search Tree|Binary Tree
502,IPO,https://leetcode.com/problems/ipo/,Hard,53.7,Array|Greedy|Sorting|Heap (Priority Queue)
503,Next Greater Element II,https://leetcode.com/problems/next-greater-element-ii/,Medium,68.92,Array|Stack|Monotonic Stack
504,Base 7,https://leetcode.com/problems/base-7/,Easy,55.01,Math|String
506,Relative Ranks,https://leetcode.com/problems/relative-ranks/,Easy,75.03,Array|Sorting|Heap (Priority Queue)
507,Perfect Number,https://leetcode.com/problems/perfect-number/,Easy,49.72,Math
508,Most Frequent Subtree Sum,https://leetcode.com/problems/most-frequent-subtree-sum/,Medium,69.54,Hash Table|Tree|Depth-First Search|Binary Tree|DP on Trees
509,Fibonacci Number,https://leetcode.com/problems/fibonacci-number/,Easy,74.48,Math|Dynamic Programming|Recursion|Memoization
511,Game Play Analysis I,https://leetcode.com/problems/game-play-analysis-i/,Easy,76.57,Database
513,Find Bottom Left Tree Value,https://leetcode.com/problems/find-bottom-left-tree-value/,Medium,72.5,Tree|Depth-First Search|Breadth-First Search|Binary Tree
514,Freedom Trail,https://leetcode.com/problems/freedom-trail/,Hard,59.43,String|Dynamic Programming|Depth-First Search|Breadth-First Search
515,Find Largest Value in Each Tree Row,https://leetcode.com/problems/find-largest-value-in-each-tree-row/,Medium,66.37,Tree|Depth-First Search|Breadth-First Search|Binary Tree
516,Longest Palindromic Subsequence,https://leetcode.com/problems/longest-palindromic-subsequence/,Medium,65.77,String|Dynamic Programming
517,Super Washing Machines,https://leetcode.com/problems/super-washing-machines/,Hard,45.09,Array|Greedy
518,Coin Change II,https://leetcode.com/problems/coin-change-ii/,Medium,59.37,Array|Dynamic Programming|Knapsack Problem|Complete Knapsack
519,Random Flip Matrix,https://leetcode.com/problems/random-flip-matrix/,Medium,46.53,Hash Table|Math|Reservoir Sampling|Randomized
520,Detect Capital,https://leetcode.com/problems/detect-capital/,Easy,56.91,String
521,Longest Uncommon Subsequence I,https://leetcode.com/problems/longest-uncommon-subsequence-i/,Easy,62.52,String
522,Longest Uncommon Subsequence II,https://leetcode.com/problems/longest-uncommon-subsequence-ii/,Medium,45.36,Array|Hash Table|Two Pointers|String|Sorting
523,Continuous Subarray Sum,https://leetcode.com/problems/continuous-subarray-sum/,Medium,31.57,Array|Hash Table|Math|Prefix Sum|Pigeonhole Principle
524,Longest Word in Dictionary through Deleting,https://leetcode.com/problems/longest-word-in-dictionary-through-deleting/,Medium,52.91,Array|Two Pointers|String|Sorting
525,Contiguous Array,https://leetcode.com/problems/contiguous-array/,Medium,51.98,Array|Hash Table|Prefix Sum
526,Beautiful Arrangement,https://leetcode.com/problems/beautiful-arrangement/,Medium,64.9,Array|Dynamic Programming|Backtracking|Bit Manipulation|Bitmask
528,Random Pick with Weight,https://leetcode.com/problems/random-pick-with-weight/,Medium,49.2,Array|Math|Binary Search|Prefix Sum|Randomized
529,Minesweeper,https://leetcode.com/problems/minesweeper/,Medium,68.87,Array|Depth-First Search|Breadth-First Search|Matrix
530,Minimum Absolute Difference in BST,https://leetcode.com/problems/minimum-absolute-difference-in-bst/,Easy,59.62,Tree|Depth-First Search|Breadth-First Search|Binary Search Tree|Binary Tree
532,K-diff Pairs in an Array,https://leetcode.com/problems/k-diff-pairs-in-an-array/,Medium,46.2,Array|Hash Table|Two Pointers|Binary Search|Sorting
535,Encode and Decode TinyURL,https://leetcode.com/problems/encode-and-decode-tinyurl/,Medium,86.65,Hash Table|String|Design|Hash Function
537,Complex Number Multiplication,https://leetcode.com/problems/complex-number-multiplication/,Medium,73.7,Math|String|Simulation
538,Convert BST to Greater Tree,https://leetcode.com/problems/convert-bst-to-greater-tree/,Medium,71.83,Tree|Depth-First Search|Binary Search Tree|Binary Tree
539,Minimum Time Difference,https://leetcode.com/problems/minimum-time-difference/,Medium,62.66,Array|Math|String|Sorting
540,Single Element in a Sorted Array,https://leetcode.com/problems/single-element-in-a-sorted-array/,Medium,59.38,Array|Binary Search
541,Reverse String II,https://leetcode.com/problems/reverse-string-ii/,Easy,54.27,Two Pointers|String
542,01 Matrix,https://leetcode.com/problems/01-matrix/,Medium,54.63,Array|Dynamic Programming|Breadth-First Search|Matrix
543,Diameter of Binary Tree,https://leetcode.com/problems/diameter-of-binary-tree/,Easy,66.02,Tree|Depth-First Search|Binary Tree|DP on Trees
546,Remove Boxes,https://leetcode.com/problems/remove-boxes/,Hard,49.6,Array|Dynamic Programming|Memoization
547,Number of Provinces,https://leetcode.com/problems/number-of-provinces/,Medium,70.87,Depth-First Search|Breadth-First Search|Union-Find|Graph Theory
550,Game Play Analysis IV,https://leetcode.com/problems/game-play-analysis-iv/,Medium,41.99,Database
551,Student Attendance Record I,https://leetcode.com/problems/student-attendance-record-i/,Easy,50.4,String
552,Student Attendance Record II,https://leetcode.com/problems/student-attendance-record-ii/,Hard,56.82,Dynamic Programming
553,Optimal Division,https://leetcode.com/problems/optimal-division/,Medium,63.45,Array|Math|Dynamic Programming
554,Brick Wall,https://leetcode.com/problems/brick-wall/,Medium,56.07,Array|Hash Table
556,Next Greater Element III,https://leetcode.com/problems/next-greater-element-iii/,Medium,35.51,Math|Two Pointers|String
557,Reverse Words in a String III,https://leetcode.com/problems/reverse-words-in-a-string-iii/,Easy,84.11,Two Pointers|String
558,Logical OR of Two Binary Grids Represented as Quad-Trees,https://leetcode.com/problems/logical-or-of-two-binary-grids-represented-as-quad-trees/,Medium,53.1,Divide and Conquer|Tree
559,Maximum Depth of N-ary Tree,https://leetcode.com/problems/maximum-depth-of-n-ary-tree/,Easy,73.73,Tree|Depth-First Search|Breadth-First Search
560,Subarray Sum Equals K,https://leetcode.com/problems/subarray-sum-equals-k/,Medium,47.9,Array|Hash Table|Prefix Sum
561,Array Partition,https://leetcode.com/problems/array-partition/,Easy,82.04,Array|Greedy|Sorting|Counting Sort
563,Binary Tree Tilt,https://leetcode.com/problems/binary-tree-tilt/,Easy,66.25,Tree|Depth-First Search|Binary Tree|DP on Trees
564,Find the Closest Palindrome,https://leetcode.com/problems/find-the-closest-palindrome/,Hard,32.05,Math|String
565,Array Nesting,https://leetcode.com/problems/array-nesting/,Medium,56.82,Array|Depth-First Search
566,Reshape the Matrix,https://leetcode.com/problems/reshape-the-matrix/,Easy,65.34,Array|Matrix|Simulation
567,Permutation in String,https://leetcode.com/problems/permutation-in-string/,Medium,49.43,Hash Table|Two Pointers|String|Sliding Window
570,Managers with at Least 5 Direct Reports,https://leetcode.com/problems/managers-with-at-least-5-direct-reports/,Medium,49.33,Database
572,Subtree of Another Tree,https://leetcode.com/problems/subtree-of-another-tree/,Easy,51.99,Tree|Depth-First Search|String Matching|Binary Tree|Hash Function
575,Distribute Candies,https://leetcode.com/problems/distribute-candies/,Easy,71.5,Array|Hash Table
576,Out of Boundary Paths,https://leetcode.com/problems/out-of-boundary-paths/,Medium,48.53,Dynamic Programming
577,Employee Bonus,https://leetcode.com/problems/employee-bonus/,Easy,77.84,Database
581,Shortest Unsorted Continuous Subarray,https://leetcode.com/problems/shortest-unsorted-continuous-subarray/,Medium,38.5,Array|Two Pointers|Stack|Greedy|Sorting|Monotonic Stack
583,Delete Operation for Two Strings,https://leetcode.com/problems/delete-operation-for-two-strings/,Medium,66.08,String|Dynamic Programming|Longest Common Subsequence
584,Find Customer Referee,https://leetcode.com/problems/find-customer-referee/,Easy,73.28,Database
585,Investments in 2016,https://leetcode.com/problems/investments-in-2016/,Medium,51.58,Database
586,Customer Placing the Largest Number of Orders,https://leetcode.com/problems/customer-placing-the-largest-number-of-orders/,Easy,64.63,Database
587,Erect the Fence,https://leetcode.com/problems/erect-the-fence/,Hard,53.27,Array|Math|Geometry|Convex Hull|Polygons
589,N-ary Tree Preorder Traversal,https://leetcode.com/problems/n-ary-tree-preorder-traversal/,Easy,76.91,Stack|Tree|Depth-First Search
590,N-ary Tree Postorder Traversal,https://leetcode.com/problems/n-ary-tree-postorder-traversal/,Easy,81.17,Stack|Tree|Depth-First Search
591,Tag Validator,https://leetcode.com/problems/tag-validator/,Hard,41.25,String|Stack
592,Fraction Addition and Subtraction,https://leetcode.com/problems/fraction-addition-and-subtraction/,Medium,66.54,Math|String|Simulation|Euclidean Algorithm|Greatest Common Divisor
593,Valid Square,https://leetcode.com/problems/valid-square/,Medium,45.4,Math|Geometry
594,Longest Harmonious Subsequence,https://leetcode.com/problems/longest-harmonious-subsequence/,Easy,64.95,Array|Hash Table|Sliding Window|Sorting|Counting
595,Big Countries,https://leetcode.com/problems/big-countries/,Easy,68.71,Database
596,Classes With at Least 5 Students,https://leetcode.com/problems/classes-with-at-least-5-students/,Easy,64.52,Database
598,Range Addition II,https://leetcode.com/problems/range-addition-ii/,Easy,59.07,Array|Math
599,Minimum Index Sum of Two Lists,https://leetcode.com/problems/minimum-index-sum-of-two-lists/,Easy,60.27,Array|Hash Table|String
600,Non-negative Integers without Consecutive Ones,https://leetcode.com/problems/non-negative-integers-without-consecutive-ones/,Hard,42.96,Dynamic Programming
601,Human Traffic of Stadium,https://leetcode.com/problems/human-traffic-of-stadium/,Hard,51.87,Database
602,Friend Requests II: Who Has the Most Friends,https://leetcode.com/problems/friend-requests-ii-who-has-the-most-friends/,Medium,63.31,Database
605,Can Place Flowers,https://leetcode.com/problems/can-place-flowers/,Easy,29.26,Array|Greedy
606,Construct String from Binary Tree,https://leetcode.com/problems/construct-string-from-binary-tree/,Medium,70.83,String|Tree|Depth-First Search|Binary Tree
607,Sales Person,https://leetcode.com/problems/sales-person/,Easy,66.27,Database
608,Tree Node,https://leetcode.com/problems/tree-node/,Medium,76.25,Database
609,Find Duplicate File in System,https://leetcode.com/problems/find-duplicate-file-in-system/,Medium,67.47,Array|Hash Table|String
610,Triangle Judgement,https://leetcode.com/problems/triangle-judgement/,Easy,75.05,Database
611,Valid Triangle Number,https://leetcode.com/problems/valid-triangle-number/,Medium,57.1,Array|Two Pointers|Binary Search|Greedy|Sorting
617,Merge Two Binary Trees,https://leetcode.com/problems/merge-two-binary-trees/,Easy,79.13,Tree|Depth-First Search|Breadth-First Search|Binary Tree
619,Biggest Single Number,https://leetcode.com/problems/biggest-single-number/,Easy,71.85,Database
620,Not Boring Movies,https://leetcode.com/problems/not-boring-movies/,Easy,75.16,Database
621,Task Scheduler,https://leetcode.com/problems/task-scheduler/,Medium,63.56,Array|Hash Table|Greedy|Sorting|Heap (Priority Queue)|Counting
622,Design Circular Queue,https://leetcode.com/problems/design-circular-queue/,Medium,55.16,Array|Linked List|Design|Queue
623,Add One Row to Tree,https://leetcode.com/problems/add-one-row-to-tree/,Medium,64.16,Tree|Depth-First Search|Breadth-First Search|Binary Tree
624,Maximum Distance in Arrays,https://leetcode.com/problems/maximum-distance-in-arrays/,Medium,45.6,Array|Greedy
626,Exchange Seats,https://leetcode.com/problems/exchange-seats/,Medium,74.61,Database
627,Swap Sex of Employees,https://leetcode.com/problems/swap-sex-of-employees/,Easy,84.83,Database
628,Maximum Product of Three Numbers,https://leetcode.com/problems/maximum-product-of-three-numbers/,Easy,48.17,Array|Math|Sorting
629,K Inverse Pairs Array,https://leetcode.com/problems/k-inverse-pairs-array/,Hard,49.0,Dynamic Programming
630,Course Schedule III,https://leetcode.com/problems/course-schedule-iii/,Hard,41.99,Array|Greedy|Sorting|Heap (Priority Queue)
632,Smallest Range Covering Elements from K Lists,https://leetcode.com/problems/smallest-range-covering-elements-from-k-lists/,Hard,70.3,Array|Hash Table|Greedy|Sliding Window|Sorting|Heap (Priority Queue)
633,Sum of Square Numbers,https://leetcode.com/problems/sum-of-square-numbers/,Medium,36.97,Math|Two Pointers|Binary Search
636,Exclusive Time of Functions,https://leetcode.com/problems/exclusive-time-of-functions/,Medium,66.26,Array|Stack
637,Average of Levels in Binary Tree,https://leetcode.com/problems/average-of-levels-in-binary-tree/,Easy,75.11,Tree|Depth-First Search|Breadth-First Search|Binary Tree
638,Shopping Offers,https://leetcode.com/problems/shopping-offers/,Medium,52.65,Array|Dynamic Programming|Backtracking|Bit Manipulation|Memoization|Bitmask|Knapsack Problem|Complete Knapsack
639,Decode Ways II,https://leetcode.com/problems/decode-ways-ii/,Hard,32.12,String|Dynamic Programming
640,Solve the Equation,https://leetcode.com/problems/solve-the-equation/,Medium,46.52,Math|String|Simulation|Linear Algebra
641,Design Circular Deque,https://leetcode.com/problems/design-circular-deque/,Medium,64.85,Array|Linked List|Design|Queue
643,Maximum Average Subarray I,https://leetcode.com/problems/maximum-average-subarray-i/,Easy,48.77,Array|Sliding Window
645,Set Mismatch,https://leetcode.com/problems/set-mismatch/,Easy,43.39,Array|Hash Table|Bit Manipulation|Sorting
646,Maximum Length of Pair Chain,https://leetcode.com/problems/maximum-length-of-pair-chain/,Medium,62.04,Array|Dynamic Programming|Greedy|Sorting|Longest Increasing Subsequence
647,Palindromic Substrings,https://leetcode.com/problems/palindromic-substrings/,Medium,73.08,Two Pointers|String|Dynamic Programming
648,Replace Words,https://leetcode.com/problems/replace-words/,Medium,68.88,Array|Hash Table|String|Trie
649,Dota2 Senate,https://leetcode.com/problems/dota2-senate/,Medium,50.31,String|Greedy|Queue
650,2 Keys Keyboard,https://leetcode.com/problems/2-keys-keyboard/,Medium,59.44,Math|Dynamic Programming
652,Find Duplicate Subtrees,https://leetcode.com/problems/find-duplicate-subtrees/,Medium,60.81,Hash Table|Tree|Depth-First Search|Binary Tree
653,Two Sum IV - Input is a BST,https://leetcode.com/problems/two-sum-iv-input-is-a-bst/,Easy,63.58,Hash Table|Two Pointers|Tree|Depth-First Search|Breadth-First Search|Binary Search Tree|Binary Tree
654,Maximum Binary Tree,https://leetcode.com/problems/maximum-binary-tree/,Medium,86.42,Array|Divide and Conquer|Stack|Tree|Monotonic Stack|Binary Tree|Cartesian Tree
655,Print Binary Tree,https://leetcode.com/problems/print-binary-tree/,Medium,66.81,Tree|Depth-First Search|Breadth-First Search|Binary Tree
657,Robot Return to Origin,https://leetcode.com/problems/robot-return-to-origin/,Easy,78.17,String|Simulation
658,Find K Closest Elements,https://leetcode.com/problems/find-k-closest-elements/,Medium,49.97,Array|Two Pointers|Binary Search|Sliding Window|Sorting|Heap (Priority Queue)
659,Split Array into Consecutive Subsequences,https://leetcode.com/problems/split-array-into-consecutive-subsequences/,Medium,52.41,Array|Hash Table|Greedy|Heap (Priority Queue)
661,Image Smoother,https://leetcode.com/problems/image-smoother/,Easy,69.48,Array|Matrix
662,Maximum Width of Binary Tree,https://leetcode.com/problems/maximum-width-of-binary-tree/,Medium,45.93,Tree|Depth-First Search|Breadth-First Search|Binary Tree
664,Strange Printer,https://leetcode.com/problems/strange-printer/,Hard,60.96,String|Dynamic Programming
665,Non-decreasing Array,https://leetcode.com/problems/non-decreasing-array/,Medium,25.54,Array
667,Beautiful Arrangement II,https://leetcode.com/problems/beautiful-arrangement-ii/,Medium,61.3,Array|Math
668,Kth Smallest Number in Multiplication Table,https://leetcode.com/problems/kth-smallest-number-in-multiplication-table/,Hard,54.59,Math|Binary Search
669,Trim a Binary Search Tree,https://leetcode.com/problems/trim-a-binary-search-tree/,Medium,66.79,Tree|Depth-First Search|Binary Search Tree|Binary Tree
670,Maximum Swap,https://leetcode.com/problems/maximum-swap/,Medium,52.08,Math|Greedy
671,Second Minimum Node In a Binary Tree,https://leetcode.com/problems/second-minimum-node-in-a-binary-tree/,Easy,46.29,Tree|Depth-First Search|Binary Tree
672,Bulb Switcher II,https://leetcode.com/problems/bulb-switcher-ii/,Medium,50.55,Math|Bit Manipulation|Depth-First Search|Breadth-First Search
673,Number of Longest Increasing Subsequence,https://leetcode.com/problems/number-of-longest-increasing-subsequence/,Medium,52.48,Array|Dynamic Programming|Binary Indexed Tree|Segment Tree|Longest Increasing Subsequence
674,Longest Continuous Increasing Subsequence,https://leetcode.com/problems/longest-continuous-increasing-subsequence/,Easy,52.28,Array
675,Cut Off Trees for Golf Event,https://leetcode.com/problems/cut-off-trees-for-golf-event/,Hard,36.71,Array|Breadth-First Search|Heap (Priority Queue)|Matrix
676,Implement Magic Dictionary,https://leetcode.com/problems/implement-magic-dictionary/,Medium,58.05,Hash Table|String|Depth-First Search|Design|Trie
677,Map Sum Pairs,https://leetcode.com/problems/map-sum-pairs/,Medium,57.32,Hash Table|String|Design|Trie
678,Valid Parenthesis String,https://leetcode.com/problems/valid-parenthesis-string/,Medium,40.37,String|Dynamic Programming|Stack|Greedy|Bracket Sequences
679,24 Game,https://leetcode.com/problems/24-game/,Hard,59.6,Array|Math|Backtracking
680,Valid Palindrome II,https://leetcode.com/problems/valid-palindrome-ii/,Easy,44.56,Two Pointers|String|Greedy
682,Baseball Game,https://leetcode.com/problems/baseball-game/,Easy,80.94,Array|Stack|Simulation
684,Redundant Connection,https://leetcode.com/problems/redundant-connection/,Medium,68.03,Depth-First Search|Breadth-First Search|Union-Find|Graph Theory
685,Redundant Connection II,https://leetcode.com/problems/redundant-connection-ii/,Hard,36.45,Depth-First Search|Breadth-First Search|Union-Find|Graph Theory
686,Repeated String Match,https://leetcode.com/problems/repeated-string-match/,Medium,39.56,String|String Matching|Z Algorithm|Knuth–Morris–Pratt Algorithm|Boyer–Moore String-Search Algorithm
687,Longest Univalue Path,https://leetcode.com/problems/longest-univalue-path/,Medium,44.27,Tree|Depth-First Search|Binary Tree|DP on Trees
688,Knight Probability in Chessboard,https://leetcode.com/problems/knight-probability-in-chessboard/,Medium,57.23,Dynamic Programming
689,Maximum Sum of 3 Non-Overlapping Subarrays,https://leetcode.com/problems/maximum-sum-of-3-non-overlapping-subarrays/,Hard,59.95,Array|Dynamic Programming|Sliding Window|Prefix Sum
690,Employee Importance,https://leetcode.com/problems/employee-importance/,Medium,69.68,Array|Hash Table|Tree|Depth-First Search|Breadth-First Search
691,Stickers to Spell Word,https://leetcode.com/problems/stickers-to-spell-word/,Hard,51.06,Array|Hash Table|String|Dynamic Programming|Backtracking|Bit Manipulation|Memoization|Bitmask
692,Top K Frequent Words,https://leetcode.com/problems/top-k-frequent-words/,Medium,60.46,Array|Hash Table|String|Trie|Sorting|Heap (Priority Queue)|Bucket Sort|Counting
693,Binary Number with Alternating Bits,https://leetcode.com/problems/binary-number-with-alternating-bits/,Easy,69.99,Bit Manipulation
695,Max Area of Island,https://leetcode.com/problems/max-area-of-island/,Medium,74.16,Array|Depth-First Search|Breadth-First Search|Union-Find|Matrix
696,Count Binary Substrings,https://leetcode.com/problems/count-binary-substrings/,Easy,70.53,Two Pointers|String
697,Degree of an Array,https://leetcode.com/problems/degree-of-an-array/,Easy,58.57,Array|Hash Table
698,Partition to K Equal Sum Subsets,https://leetcode.com/problems/partition-to-k-equal-sum-subsets/,Medium,38.8,Array|Dynamic Programming|Backtracking|Bit Manipulation|Memoization|Bitmask
699,Falling Squares,https://leetcode.com/problems/falling-squares/,Hard,48.46,Array|Segment Tree|Ordered Set
700,Search in a Binary Search Tree,https://leetcode.com/problems/search-in-a-binary-search-tree/,Easy,83.03,Tree|Binary Search Tree|Binary Tree
701,Insert into a Binary Search Tree,https://leetcode.com/problems/insert-into-a-binary-search-tree/,Medium,73.6,Tree|Binary Search Tree|Binary Tree
703,Kth Largest Element in a Stream,https://leetcode.com/problems/kth-largest-element-in-a-stream/,Easy,61.42,Tree|Design|Binary Search Tree|Heap (Priority Queue)|Binary Tree|Data Stream
704,Binary Search,https://leetcode.com/problems/binary-search/,Easy,61.27,Array|Binary Search
705,Design HashSet,https://leetcode.com/problems/design-hashset/,Easy,68.34,Array|Hash Table|Linked List|Design|Hash Function
706,Design HashMap,https://leetcode.com/problems/design-hashmap/,Easy,66.75,Array|Hash Table|Linked List|Design|Hash Function
707,Design Linked List,https://leetcode.com/problems/design-linked-list/,Medium,30.62,Linked List|Design
709,To Lower Case,https://leetcode.com/problems/to-lower-case/,Easy,85.07,String
710,Random Pick with Blacklist,https://leetcode.com/problems/random-pick-with-blacklist/,Hard,35.31,Array|Hash Table|Math|Binary Search|Sorting|Randomized
712,Minimum ASCII Delete Sum for Two Strings,https://leetcode.com/problems/minimum-ascii-delete-sum-for-two-strings/,Medium,71.11,String|Dynamic Programming|Longest Common Subsequence
713,Subarray Product Less Than K,https://leetcode.com/problems/subarray-product-less-than-k/,Medium,54.84,Array|Binary Search|Sliding Window|Prefix Sum
714,Best Time to Buy and Sell Stock with Transaction Fee,https://leetcode.com/problems/best-time-to-buy-and-sell-stock-with-transaction-fee/,Medium,72.42,Array|Dynamic Programming|Greedy
715,Range Module,https://leetcode.com/problems/range-module/,Hard,45.35,Design|Segment Tree|Ordered Set
717,1-bit and 2-bit Characters,https://leetcode.com/problems/1-bit-and-2-bit-characters/,Easy,49.67,Array
718,Maximum Length of Repeated Subarray,https://leetcode.com/problems/maximum-length-of-repeated-subarray/,Medium,51.52,Array|Binary Search|Dynamic Programming|Sliding Window|Rolling Hash|Hash Function
719,Find K-th Smallest Pair Distance,https://leetcode.com/problems/find-k-th-smallest-pair-distance/,Hard,46.72,Array|Two Pointers|Binary Search|Sorting
720,Longest Word in Dictionary,https://leetcode.com/problems/longest-word-in-dictionary/,Medium,55.26,Array|Hash Table|String|Trie|Sorting
721,Accounts Merge,https://leetcode.com/problems/accounts-merge/,Medium,61.82,Array|Hash Table|String|Depth-First Search|Breadth-First Search|Union-Find|Sorting
722,Remove Comments,https://leetcode.com/problems/remove-comments/,Medium,40.35,Array|String
724,Find Pivot Index,https://leetcode.com/problems/find-pivot-index/,Easy,63.48,Array|Prefix Sum
725,Split Linked List in Parts,https://leetcode.com/problems/split-linked-list-in-parts/,Medium,70.67,Linked List
726,Number of Atoms,https://leetcode.com/problems/number-of-atoms/,Hard,65.22,Hash Table|String|Stack|Sorting
728,Self Dividing Numbers,https://leetcode.com/problems/self-dividing-numbers/,Easy,81.08,Math
729,My Calendar I,https://leetcode.com/problems/my-calendar-i/,Medium,58.36,Array|Binary Search|Design|Segment Tree|Ordered Set
730,Count Different Palindromic Subsequences,https://leetcode.com/problems/count-different-palindromic-subsequences/,Hard,48.05,String|Dynamic Programming
731,My Calendar II,https://leetcode.com/problems/my-calendar-ii/,Medium,63.39,Array|Binary Search|Design|Segment Tree|Prefix Sum|Ordered Set
732,My Calendar III,https://leetcode.com/problems/my-calendar-iii/,Hard,72.07,Binary Search|Design|Segment Tree|Prefix Sum|Ordered Set
733,Flood Fill,https://leetcode.com/problems/flood-fill/,Easy,68.72,Array|Depth-First Search|Breadth-First Search|Matrix
735,Asteroid Collision,https://leetcode.com/problems/asteroid-collision/,Medium,48.64,Array|Stack|Simulation
736,Parse Lisp Expression,https://leetcode.com/problems/parse-lisp-expression/,Hard,53.85,Hash Table|String|Stack|Recursion
738,Monotone Increasing Digits,https://leetcode.com/problems/monotone-increasing-digits/,Medium,49.87,Math|Greedy
739,Daily Temperatures,https://leetcode.com/problems/daily-temperatures/,Medium,69.01,Array|Stack|Monotonic Stack
740,Delete and Earn,https://leetcode.com/problems/delete-and-earn/,Medium,57.45,Array|Hash Table|Dynamic Programming
741,Cherry Pickup,https://leetcode.com/problems/cherry-pickup/,Hard,40.15,Array|Dynamic Programming|Matrix
743,Network Delay Time,https://leetcode.com/problems/network-delay-time/,Medium,61.25,Depth-First Search|Breadth-First Search|Graph Theory|Heap (Priority Queue)|Shortest Path|Dijkstra's Algorithm
744,Find Smallest Letter Greater Than Target,https://leetcode.com/problems/find-smallest-letter-greater-than-target/,Easy,59.49,Array|Binary Search
745,Prefix and Suffix Search,https://leetcode.com/problems/prefix-and-suffix-search/,Hard,41.07,Array|Hash Table|String|Design|Trie
746,Min Cost Climbing Stairs,https://leetcode.com/problems/min-cost-climbing-stairs/,Easy,68.59,Array|Dynamic Programming
747,Largest Number At Least Twice of Others,https://leetcode.com/problems/largest-number-at-least-twice-of-others/,Easy,52.94,Array|Sorting
748,Shortest Completing Word,https://leetcode.com/problems/shortest-completing-word/,Easy,63.56,Array|Hash Table|String
749,Contain Virus,https://leetcode.com/problems/contain-virus/,Hard,55.59,Array|Depth-First Search|Breadth-First Search|Matrix|Simulation
752,Open the Lock,https://leetcode.com/problems/open-the-lock/,Medium,61.48,Array|Hash Table|String|Breadth-First Search|Bidirectional Search
753,Cracking the Safe,https://leetcode.com/problems/cracking-the-safe/,Hard,58.61,String|Depth-First Search|Graph Theory|Eulerian Circuit|Eulerian Path|Eulerian Graph
754,Reach a Number,https://leetcode.com/problems/reach-a-number/,Medium,45.45,Math|Binary Search
756,Pyramid Transition Matrix,https://leetcode.com/problems/pyramid-transition-matrix/,Medium,60.59,Hash Table|String|Backtracking|Bit Manipulation
757,Set Intersection Size At Least Two,https://leetcode.com/problems/set-intersection-size-at-least-two/,Hard,58.1,Array|Greedy|Sorting
761,Special Binary String,https://leetcode.com/problems/special-binary-string/,Hard,79.42,String|Divide and Conquer|Sorting
762,Prime Number of Set Bits in Binary Representation,https://leetcode.com/problems/prime-number-of-set-bits-in-binary-representation/,Easy,78.96,Math|Bit Manipulation|Primality Test
763,Partition Labels,https://leetcode.com/problems/partition-labels/,Medium,81.99,Hash Table|Two Pointers|String|Greedy
764,Largest Plus Sign,https://leetcode.com/problems/largest-plus-sign/,Medium,49.43,Array|Dynamic Programming
765,Couples Holding Hands,https://leetcode.com/problems/couples-holding-hands/,Hard,59.6,Greedy|Depth-First Search|Breadth-First Search|Union-Find|Graph Theory
766,Toeplitz Matrix,https://leetcode.com/problems/toeplitz-matrix/,Easy,69.83,Array|Matrix
767,Reorganize String,https://leetcode.com/problems/reorganize-string/,Medium,57.41,Hash Table|String|Greedy|Sorting|Heap (Priority Queue)|Counting
768,Max Chunks To Make Sorted II,https://leetcode.com/problems/max-chunks-to-make-sorted-ii/,Hard,55.02,Array|Stack|Greedy|Sorting|Monotonic Stack
769,Max Chunks To Make Sorted,https://leetcode.com/problems/max-chunks-to-make-sorted/,Medium,64.22,Array|Stack|Greedy|Sorting|Monotonic Stack
770,Basic Calculator IV,https://leetcode.com/problems/basic-calculator-iv/,Hard,49.87,Hash Table|Math|String|Stack|Recursion
771,Jewels and Stones,https://leetcode.com/problems/jewels-and-stones/,Easy,89.63,Hash Table|String
773,Sliding Puzzle,https://leetcode.com/problems/sliding-puzzle/,Hard,74.53,Array|Dynamic Programming|Backtracking|Breadth-First Search|Memoization|Matrix|Heuristic Search|Bidirectional Search|A* Search
775,Global and Local Inversions,https://leetcode.com/problems/global-and-local-inversions/,Medium,42.95,Array|Math
777,Swap Adjacent in LR String,https://leetcode.com/problems/swap-adjacent-in-lr-string/,Medium,38.31,Two Pointers|String
778,Swim in Rising Water,https://leetcode.com/problems/swim-in-rising-water/,Hard,68.13,Array|Binary Search|Depth-First Search|Breadth-First Search|Union-Find|Minimax|Heap (Priority Queue)|Matrix|Dijkstra's Algorithm
779,K-th Symbol in Grammar,https://leetcode.com/problems/k-th-symbol-in-grammar/,Medium,48.57,Math|Bit Manipulation|Recursion
780,Reaching Points,https://leetcode.com/problems/reaching-points/,Hard,34.54,Math|Euclidean Algorithm|Greatest Common Divisor
781,Rabbits in Forest,https://leetcode.com/problems/rabbits-in-forest/,Medium,58.03,Array|Hash Table|Math|Greedy
782,Transform to Chessboard,https://leetcode.com/problems/transform-to-chessboard/,Hard,51.59,Array|Math|Bit Manipulation|Matrix
783,Minimum Distance Between BST Nodes,https://leetcode.com/problems/minimum-distance-between-bst-nodes/,Easy,61.72,Tree|Depth-First Search|Breadth-First Search|Binary Search Tree|Binary Tree
784,Letter Case Permutation,https://leetcode.com/problems/letter-case-permutation/,Medium,76.0,String|Backtracking|Bit Manipulation
785,Is Graph Bipartite?,https://leetcode.com/problems/is-graph-bipartite/,Medium,59.7,Depth-First Search|Breadth-First Search|Union-Find|Graph Theory|Graph Coloring|Bipartite Graph
786,K-th Smallest Prime Fraction,https://leetcode.com/problems/k-th-smallest-prime-fraction/,Medium,69.24,Array|Two Pointers|Binary Search|Sorting|Heap (Priority Queue)
787,Cheapest Flights Within K Stops,https://leetcode.com/problems/cheapest-flights-within-k-stops/,Medium,42.35,Dynamic Programming|Depth-First Search|Breadth-First Search|Graph Theory|Heap (Priority Queue)|Shortest Path
788,Rotated Digits,https://leetcode.com/problems/rotated-digits/,Medium,64.07,Math|Dynamic Programming
789,Escape The Ghosts,https://leetcode.com/problems/escape-the-ghosts/,Medium,64.01,Array|Math
790,Domino and Tromino Tiling,https://leetcode.com/problems/domino-and-tromino-tiling/,Medium,51.27,Dynamic Programming
791,Custom Sort String,https://leetcode.com/problems/custom-sort-string/,Medium,72.32,Hash Table|String|Sorting
792,Number of Matching Subsequences,https://leetcode.com/problems/number-of-matching-subsequences/,Medium,50.58,Array|Hash Table|String|Binary Search|Dynamic Programming|Trie|Sorting
793,Preimage Size of Factorial Zeroes Function,https://leetcode.com/problems/preimage-size-of-factorial-zeroes-function/,Hard,47.45,Math|Binary Search
794,Valid Tic-Tac-Toe State,https://leetcode.com/problems/valid-tic-tac-toe-state/,Medium,34.93,Array|Matrix
795,Number of Subarrays with Bounded Maximum,https://leetcode.com/problems/number-of-subarrays-with-bounded-maximum/,Medium,55.21,Array|Two Pointers
796,Rotate String,https://leetcode.com/problems/rotate-string/,Easy,66.72,String|String Matching
797,All Paths From Source to Target,https://leetcode.com/problems/all-paths-from-source-to-target/,Medium,83.76,Backtracking|Depth-First Search|Breadth-First Search|Graph Theory|Directed Acyclic Graph
798,Smallest Rotation with Highest Score,https://leetcode.com/problems/smallest-rotation-with-highest-score/,Hard,54.54,Array|Prefix Sum
799,Champagne Tower,https://leetcode.com/problems/champagne-tower/,Medium,63.99,Dynamic Programming
801,Minimum Swaps To Make Sequences Increasing,https://leetcode.com/problems/minimum-swaps-to-make-sequences-increasing/,Hard,41.84,Array|Dynamic Programming
802,Find Eventual Safe States,https://leetcode.com/problems/find-eventual-safe-states/,Medium,71.35,Depth-First Search|Breadth-First Search|Graph Theory|Topological Sort|Kosaraju's Algorithm|Tarjan's SCC Algorithm
803,Bricks Falling When Hit,https://leetcode.com/problems/bricks-falling-when-hit/,Hard,37.64,Array|Union-Find|Matrix
804,Unique Morse Code Words,https://leetcode.com/problems/unique-morse-code-words/,Easy,83.7,Array|Hash Table|String
805,Split Array With Same Average,https://leetcode.com/problems/split-array-with-same-average/,Hard,27.34,Array|Hash Table|Math|Dynamic Programming|Bit Manipulation|Meet in the Middle|Bitmask
806,Number of Lines To Write String,https://leetcode.com/problems/number-of-lines-to-write-string/,Easy,72.98,Array|String
807,Max Increase to Keep City Skyline,https://leetcode.com/problems/max-increase-to-keep-city-skyline/,Medium,86.41,Array|Greedy|Matrix
808,Soup Servings,https://leetcode.com/problems/soup-servings/,Medium,59.56,Math|Dynamic Programming|Probability and Statistics
809,Expressive Words,https://leetcode.com/problems/expressive-words/,Medium,46.95,Array|Two Pointers|String
810,Chalkboard XOR Game,https://leetcode.com/problems/chalkboard-xor-game/,Hard,66.79,Array|Math|Bit Manipulation|Brainteaser|Game Theory|Zero-Sum Game|Impartial Game
811,Subdomain Visit Count,https://leetcode.com/problems/subdomain-visit-count/,Medium,77.2,Array|Hash Table|String|Counting
812,Largest Triangle Area,https://leetcode.com/problems/largest-triangle-area/,Easy,72.02,Array|Math|Geometry|Polygons
813,Largest Sum of Averages,https://leetcode.com/problems/largest-sum-of-averages/,Medium,55.32,Array|Dynamic Programming|Prefix Sum
814,Binary Tree Pruning,https://leetcode.com/problems/binary-tree-pruning/,Medium,72.55,Tree|Depth-First Search|Binary Tree
815,Bus Routes,https://leetcode.com/problems/bus-routes/,Hard,47.47,Array|Hash Table|Breadth-First Search
816,Ambiguous Coordinates,https://leetcode.com/problems/ambiguous-coordinates/,Medium,56.41,String|Backtracking|Enumeration
817,Linked List Components,https://leetcode.com/problems/linked-list-components/,Medium,58.12,Array|Hash Table|Linked List
818,Race Car,https://leetcode.com/problems/race-car/,Hard,44.98,Dynamic Programming|Heuristic Search|A* Search
819,Most Common Word,https://leetcode.com/problems/most-common-word/,Easy,45.29,Array|Hash Table|String|Counting
820,Short Encoding of Words,https://leetcode.com/problems/short-encoding-of-words/,Medium,60.95,Array|Hash Table|String|Trie
821,Shortest Distance to a Character,https://leetcode.com/problems/shortest-distance-to-a-character/,Easy,72.93,Array|Two Pointers|String
822,Card Flipping Game,https://leetcode.com/problems/card-flipping-game/,Medium,50.7,Array|Hash Table
823,Binary Trees With Factors,https://leetcode.com/problems/binary-trees-with-factors/,Medium,53.17,Array|Hash Table|Dynamic Programming|Sorting
824,Goat Latin,https://leetcode.com/problems/goat-latin/,Easy,70.12,String
825,Friends Of Appropriate Ages,https://leetcode.com/problems/friends-of-appropriate-ages/,Medium,49.95,Array|Two Pointers|Binary Search|Sorting
826,Most Profit Assigning Work,https://leetcode.com/problems/most-profit-assigning-work/,Medium,56.3,Array|Two Pointers|Binary Search|Greedy|Sorting
827,Making A Large Island,https://leetcode.com/problems/making-a-large-island/,Hard,57.03,Array|Depth-First Search|Breadth-First Search|Union-Find|Matrix
828,Count Unique Characters of All Substrings of a Given String,https://leetcode.com/problems/count-unique-characters-of-all-substrings-of-a-given-string/,Hard,53.88,Hash Table|String|Dynamic Programming
829,Consecutive Numbers Sum,https://leetcode.com/problems/consecutive-numbers-sum/,Hard,42.79,Math|Enumeration
830,Positions of Large Groups,https://leetcode.com/problems/positions-of-large-groups/,Easy,54.2,String
831,Masking Personal Information,https://leetcode.com/problems/masking-personal-information/,Medium,56.03,String
832,Flipping an Image,https://leetcode.com/problems/flipping-an-image/,Easy,83.92,Array|Two Pointers|Bit Manipulation|Matrix|Simulation
833,Find And Replace in String,https://leetcode.com/problems/find-and-replace-in-string/,Medium,50.75,Array|Hash Table|String|Sorting
834,Sum of Distances in Tree,https://leetcode.com/problems/sum-of-distances-in-tree/,Hard,65.73,Dynamic Programming|Tree|Depth-First Search|Graph Theory|DP on Trees
835,Image Overlap,https://leetcode.com/problems/image-overlap/,Medium,64.12,Array|Matrix
836,Rectangle Overlap,https://leetcode.com/problems/rectangle-overlap/,Easy,46.95,Math|Geometry
837,New 21 Game,https://leetcode.com/problems/new-21-game/,Medium,51.94,Math|Dynamic Programming|Sliding Window|Probability and Statistics
838,Push Dominoes,https://leetcode.com/problems/push-dominoes/,Medium,63.05,Two Pointers|String|Dynamic Programming
839,Similar String Groups,https://leetcode.com/problems/similar-string-groups/,Hard,56.48,Array|Hash Table|String|Depth-First Search|Breadth-First Search|Union-Find
840,Magic Squares In Grid,https://leetcode.com/problems/magic-squares-in-grid/,Medium,55.21,Array|Hash Table|Math|Matrix
841,Keys and Rooms,https://leetcode.com/problems/keys-and-rooms/,Medium,76.1,Depth-First Search|Breadth-First Search|Graph Theory
842,Split Array into Fibonacci Sequence,https://leetcode.com/problems/split-array-into-fibonacci-sequence/,Medium,40.55,String|Backtracking
843,Guess the Word,https://leetcode.com/problems/guess-the-word/,Hard,36.62,Array|Math|String|Minimax|Interactive|Game Theory
844,Backspace String Compare,https://leetcode.com/problems/backspace-string-compare/,Easy,50.15,Two Pointers|String|Stack|Simulation
845,Longest Mountain in Array,https://leetcode.com/problems/longest-mountain-in-array/,Medium,42.4,Array|Two Pointers|Dynamic Programming|Enumeration
846,Hand of Straights,https://leetcode.com/problems/hand-of-straights/,Medium,58.28,Array|Hash Table|Greedy|Sorting
847,Shortest Path Visiting All Nodes,https://leetcode.com/problems/shortest-path-visiting-all-nodes/,Hard,66.22,Dynamic Programming|Bit Manipulation|Breadth-First Search|Graph Theory|Bitmask
848,Shifting Letters,https://leetcode.com/problems/shifting-letters/,Medium,46.39,Array|String|Prefix Sum
849,Maximize Distance to Closest Person,https://leetcode.com/problems/maximize-distance-to-closest-person/,Medium,49.93,Array
850,Rectangle Area II,https://leetcode.com/problems/rectangle-area-ii/,Hard,56.5,Array|Segment Tree|Sweep Line|Ordered Set
851,Loud and Rich,https://leetcode.com/problems/loud-and-rich/,Medium,63.93,Array|Depth-First Search|Graph Theory|Topological Sort|Directed Acyclic Graph
852,Peak Index in a Mountain Array,https://leetcode.com/problems/peak-index-in-a-mountain-array/,Medium,66.73,Array|Binary Search|Ternary Search
853,Car Fleet,https://leetcode.com/problems/car-fleet/,Medium,55.51,Array|Stack|Sorting|Monotonic Stack
854,K-Similar Strings,https://leetcode.com/problems/k-similar-strings/,Hard,41.17,Hash Table|String|Breadth-First Search
855,Exam Room,https://leetcode.com/problems/exam-room/,Medium,43.69,Design|Heap (Priority Queue)|Ordered Set
856,Score of Parentheses,https://leetcode.com/problems/score-of-parentheses/,Medium,63.49,String|Stack|Bracket Sequences
857,Minimum Cost to Hire K Workers,https://leetcode.com/problems/minimum-cost-to-hire-k-workers/,Hard,63.73,Array|Greedy|Sorting|Heap (Priority Queue)
858,Mirror Reflection,https://leetcode.com/problems/mirror-reflection/,Medium,62.35,Math|Geometry|Number Theory|Least Common Multiple|Greatest Common Divisor
859,Buddy Strings,https://leetcode.com/problems/buddy-strings/,Easy,34.15,Hash Table|String
860,Lemonade Change,https://leetcode.com/problems/lemonade-change/,Easy,59.36,Array|Greedy
861,Score After Flipping Matrix,https://leetcode.com/problems/score-after-flipping-matrix/,Medium,80.27,Array|Greedy|Bit Manipulation|Matrix
862,Shortest Subarray with Sum at Least K,https://leetcode.com/problems/shortest-subarray-with-sum-at-least-k/,Hard,32.96,Array|Binary Search|Queue|Sliding Window|Heap (Priority Queue)|Prefix Sum|Monotonic Queue
863,All Nodes Distance K in Binary Tree,https://leetcode.com/problems/all-nodes-distance-k-in-binary-tree/,Medium,67.96,Hash Table|Tree|Depth-First Search|Breadth-First Search|Binary Tree
864,Shortest Path to Get All Keys,https://leetcode.com/problems/shortest-path-to-get-all-keys/,Hard,54.87,Array|Bit Manipulation|Breadth-First Search|Matrix
865,Smallest Subtree with all the Deepest Nodes,https://leetcode.com/problems/smallest-subtree-with-all-the-deepest-nodes/,Medium,77.68,Hash Table|Tree|Depth-First Search|Breadth-First Search|Binary Tree|Binary Lifting|Lowest Common Ancestor|DP on Trees
866,Prime Palindrome,https://leetcode.com/problems/prime-palindrome/,Medium,28.48,Math|Number Theory|Primality Test
867,Transpose Matrix,https://leetcode.com/problems/transpose-matrix/,Easy,76.96,Array|Matrix|Simulation
868,Binary Gap,https://leetcode.com/problems/binary-gap/,Easy,74.38,Bit Manipulation
869,Reordered Power of 2,https://leetcode.com/problems/reordered-power-of-2/,Medium,65.86,Hash Table|Math|Sorting|Counting|Enumeration
870,Advantage Shuffle,https://leetcode.com/problems/advantage-shuffle/,Medium,54.88,Array|Two Pointers|Greedy|Sorting
871,Minimum Number of Refueling Stops,https://leetcode.com/problems/minimum-number-of-refueling-stops/,Hard,41.72,Array|Dynamic Programming|Greedy|Heap (Priority Queue)
872,Leaf-Similar Trees,https://leetcode.com/problems/leaf-similar-trees/,Easy,70.32,Tree|Depth-First Search|Binary Tree
873,Length of Longest Fibonacci Subsequence,https://leetcode.com/problems/length-of-longest-fibonacci-subsequence/,Medium,57.56,Array|Hash Table|Dynamic Programming
874,Walking Robot Simulation,https://leetcode.com/problems/walking-robot-simulation/,Medium,64.61,Array|Hash Table|Simulation
875,Koko Eating Bananas,https://leetcode.com/problems/koko-eating-bananas/,Medium,50.35,Array|Binary Search
876,Middle of the Linked List,https://leetcode.com/problems/middle-of-the-linked-list/,Easy,82.23,Linked List|Two Pointers
877,Stone Game,https://leetcode.com/problems/stone-game/,Medium,76.82,Array|Math|Dynamic Programming|Minimax|Game Theory|Zero-Sum Game
878,Nth Magical Number,https://leetcode.com/problems/nth-magical-number/,Hard,36.95,Math|Binary Search|Least Common Multiple|Inclusion-Exclusion Principle
879,Profitable Schemes,https://leetcode.com/problems/profitable-schemes/,Hard,48.55,Array|Dynamic Programming|Knapsack Problem|0-1 Knapsack
880,Decoded String at Index,https://leetcode.com/problems/decoded-string-at-index/,Medium,37.46,String|Stack
881,Boats to Save People,https://leetcode.com/problems/boats-to-save-people/,Medium,62.21,Array|Two Pointers|Greedy|Sorting|Timsort
882,Reachable Nodes In Subdivided Graph,https://leetcode.com/problems/reachable-nodes-in-subdivided-graph/,Hard,52.64,Graph Theory|Heap (Priority Queue)|Shortest Path|Dijkstra's Algorithm
883,Projection Area of 3D Shapes,https://leetcode.com/problems/projection-area-of-3d-shapes/,Easy,76.44,Array|Math|Geometry|Matrix
884,Uncommon Words from Two Sentences,https://leetcode.com/problems/uncommon-words-from-two-sentences/,Easy,75.8,Hash Table|String|Counting
885,Spiral Matrix III,https://leetcode.com/problems/spiral-matrix-iii/,Medium,84.57,Array|Matrix|Simulation
886,Possible Bipartition,https://leetcode.com/problems/possible-bipartition/,Medium,52.91,Depth-First Search|Breadth-First Search|Union-Find|Graph Theory|Graph Coloring|Bipartite Graph
887,Super Egg Drop,https://leetcode.com/problems/super-egg-drop/,Hard,30.7,Math|Binary Search|Dynamic Programming
888,Fair Candy Swap,https://leetcode.com/problems/fair-candy-swap/,Easy,65.4,Array|Hash Table|Binary Search|Sorting
889,Construct Binary Tree from Preorder and Postorder Traversal,https://leetcode.com/problems/construct-binary-tree-from-preorder-and-postorder-traversal/,Medium,78.05,Array|Hash Table|Divide and Conquer|Tree|Binary Tree
890,Find and Replace Pattern,https://leetcode.com/problems/find-and-replace-pattern/,Medium,77.09,Array|Hash Table|String
891,Sum of Subsequence Widths,https://leetcode.com/problems/sum-of-subsequence-widths/,Hard,40.96,Array|Math|Sorting
892,Surface Area of 3D Shapes,https://leetcode.com/problems/surface-area-of-3d-shapes/,Easy,71.19,Array|Math|Geometry|Matrix
893,Groups of Special-Equivalent Strings,https://leetcode.com/problems/groups-of-special-equivalent-strings/,Medium,73.75,Array|Hash Table|String|Sorting
894,All Possible Full Binary Trees,https://leetcode.com/problems/all-possible-full-binary-trees/,Medium,82.76,Dynamic Programming|Tree|Recursion|Memoization|Binary Tree
895,Maximum Frequency Stack,https://leetcode.com/problems/maximum-frequency-stack/,Hard,67.0,Hash Table|Stack|Design|Ordered Set
896,Monotonic Array,https://leetcode.com/problems/monotonic-array/,Easy,62.54,Array
897,Increasing Order Search Tree,https://leetcode.com/problems/increasing-order-search-tree/,Easy,79.07,Stack|Tree|Depth-First Search|Binary Search Tree|Binary Tree
898,Bitwise ORs of Subarrays,https://leetcode.com/problems/bitwise-ors-of-subarrays/,Medium,56.93,Array|Dynamic Programming|Bit Manipulation
899,Orderly Queue,https://leetcode.com/problems/orderly-queue/,Hard,67.11,Math|String|Sorting|Lexicographically Minimal String Rotation
900,RLE Iterator,https://leetcode.com/problems/rle-iterator/,Medium,59.49,Array|Design|Counting|Iterator
901,Online Stock Span,https://leetcode.com/problems/online-stock-span/,Medium,69.55,Stack|Design|Monotonic Stack|Data Stream
902,Numbers At Most N Given Digit Set,https://leetcode.com/problems/numbers-at-most-n-given-digit-set/,Hard,45.76,Array|Math|String|Binary Search|Dynamic Programming
903,Valid Permutations for DI Sequence,https://leetcode.com/problems/valid-permutations-for-di-sequence/,Hard,56.58,String|Dynamic Programming|Prefix Sum
904,Fruit Into Baskets,https://leetcode.com/problems/fruit-into-baskets/,Medium,52.01,Array|Hash Table|Sliding Window
905,Sort Array By Parity,https://leetcode.com/problems/sort-array-by-parity/,Easy,76.61,Array|Two Pointers|Sorting
906,Super Palindromes,https://leetcode.com/problems/super-palindromes/,Hard,40.21,Math|String|Enumeration
907,Sum of Subarray Minimums,https://leetcode.com/problems/sum-of-subarray-minimums/,Medium,38.92,Array|Dynamic Programming|Stack|Monotonic Stack
908,Smallest Range I,https://leetcode.com/problems/smallest-range-i/,Easy,73.89,Array|Math
909,Snakes and Ladders,https://leetcode.com/problems/snakes-and-ladders/,Medium,48.22,Array|Breadth-First Search|Matrix
910,Smallest Range II,https://leetcode.com/problems/smallest-range-ii/,Medium,38.13,Array|Math|Greedy|Sorting
911,Online Election,https://leetcode.com/problems/online-election/,Medium,53.03,Array|Hash Table|Binary Search|Design
912,Sort an Array,https://leetcode.com/problems/sort-an-array/,Medium,55.87,Array|Divide and Conquer|Sorting|Heap (Priority Queue)|Merge Sort|Bucket Sort|Radix Sort|Counting Sort
913,Cat and Mouse,https://leetcode.com/problems/cat-and-mouse/,Hard,35.74,Math|Dynamic Programming|Graph Theory|Topological Sort|Memoization|Minimax|Game Theory|Zero-Sum Game
914,X of a Kind in a Deck of Cards,https://leetcode.com/problems/x-of-a-kind-in-a-deck-of-cards/,Easy,30.44,Array|Hash Table|Math|Counting|Number Theory|Euclidean Algorithm|Greatest Common Divisor
915,Partition Array into Disjoint Intervals,https://leetcode.com/problems/partition-array-into-disjoint-intervals/,Medium,49.56,Array
916,Word Subsets,https://leetcode.com/problems/word-subsets/,Medium,55.98,Array|Hash Table|String
917,Reverse Only Letters,https://leetcode.com/problems/reverse-only-letters/,Easy,68.87,Two Pointers|String
918,Maximum Sum Circular Subarray,https://leetcode.com/problems/maximum-sum-circular-subarray/,Medium,51.03,Array|Divide and Conquer|Dynamic Programming|Queue|Monotonic Queue
919,Complete Binary Tree Inserter,https://leetcode.com/problems/complete-binary-tree-inserter/,Medium,65.15,Tree|Breadth-First Search|Design|Binary Tree
920,Number of Music Playlists,https://leetcode.com/problems/number-of-music-playlists/,Hard,60.07,Math|Dynamic Programming|Combinatorics
921,Minimum Add to Make Parentheses Valid,https://leetcode.com/problems/minimum-add-to-make-parentheses-valid/,Medium,74.29,String|Stack|Greedy|Bracket Sequences
922,Sort Array By Parity II,https://leetcode.com/problems/sort-array-by-parity-ii/,Easy,71.34,Array|Two Pointers|Sorting
923,3Sum With Multiplicity,https://leetcode.com/problems/3sum-with-multiplicity/,Medium,46.39,Array|Hash Table|Two Pointers|Sorting|Counting
924,Minimize Malware Spread,https://leetcode.com/problems/minimize-malware-spread/,Hard,43.35,Array|Hash Table|Depth-First Search|Breadth-First Search|Union-Find|Graph Theory
925,Long Pressed Name,https://leetcode.com/problems/long-pressed-name/,Easy,33.05,Two Pointers|String
926,Flip String to Monotone Increasing,https://leetcode.com/problems/flip-string-to-monotone-increasing/,Medium,61.92,String|Dynamic Programming
927,Three Equal Parts,https://leetcode.com/problems/three-equal-parts/,Hard,41.55,Array|Math
928,Minimize Malware Spread II,https://leetcode.com/problems/minimize-malware-spread-ii/,Hard,45.91,Array|Hash Table|Depth-First Search|Breadth-First Search|Union-Find|Graph Theory
929,Unique Email Addresses,https://leetcode.com/problems/unique-email-addresses/,Easy,67.95,Array|Hash Table|String
930,Binary Subarrays With Sum,https://leetcode.com/problems/binary-subarrays-with-sum/,Medium,69.57,Array|Hash Table|Sliding Window|Prefix Sum
931,Minimum Falling Path Sum,https://leetcode.com/problems/minimum-falling-path-sum/,Medium,60.84,Array|Dynamic Programming|Matrix
932,Beautiful Array,https://leetcode.com/problems/beautiful-array/,Medium,70.22,Array|Math|Divide and Conquer
933,Number of Recent Calls,https://leetcode.com/problems/number-of-recent-calls/,Easy,78.84,Design|Queue|Data Stream
934,Shortest Bridge,https://leetcode.com/problems/shortest-bridge/,Medium,59.67,Array|Depth-First Search|Breadth-First Search|Matrix
935,Knight Dialer,https://leetcode.com/problems/knight-dialer/,Medium,62.07,Dynamic Programming
936,Stamping The Sequence,https://leetcode.com/problems/stamping-the-sequence/,Hard,62.28,String|Stack|Greedy|Queue
937,Reorder Data in Log Files,https://leetcode.com/problems/reorder-data-in-log-files/,Medium,56.78,Array|String|Sorting
938,Range Sum of BST,https://leetcode.com/problems/range-sum-of-bst/,Easy,87.62,Tree|Depth-First Search|Binary Search Tree|Binary Tree
939,Minimum Area Rectangle,https://leetcode.com/problems/minimum-area-rectangle/,Medium,55.46,Array|Hash Table|Math|Geometry|Sorting
940,Distinct Subsequences II,https://leetcode.com/problems/distinct-subsequences-ii/,Hard,44.18,String|Dynamic Programming
941,Valid Mountain Array,https://leetcode.com/problems/valid-mountain-array/,Easy,35.6,Array
942,DI String Match,https://leetcode.com/problems/di-string-match/,Easy,81.22,Array|Two Pointers|String|Greedy
943,Find the Shortest Superstring,https://leetcode.com/problems/find-the-shortest-superstring/,Hard,45.61,Array|String|Dynamic Programming|Bit Manipulation|Bitmask|Hamiltonian Path
944,Delete Columns to Make Sorted,https://leetcode.com/problems/delete-columns-to-make-sorted/,Easy,78.15,Array|String|Longest Increasing Subsequence
945,Minimum Increment to Make Array Unique,https://leetcode.com/problems/minimum-increment-to-make-array-unique/,Medium,60.75,Array|Greedy|Sorting|Counting
946,Validate Stack Sequences,https://leetcode.com/problems/validate-stack-sequences/,Medium,70.62,Array|Stack|Simulation
947,Most Stones Removed with Same Row or Column,https://leetcode.com/problems/most-stones-removed-with-same-row-or-column/,Medium,63.35,Hash Table|Depth-First Search|Union-Find|Graph Theory|Bipartite Graph
948,Bag of Tokens,https://leetcode.com/problems/bag-of-tokens/,Medium,59.81,Array|Two Pointers|Greedy|Sorting
949,Largest Time for Given Digits,https://leetcode.com/problems/largest-time-for-given-digits/,Medium,36.06,Array|String|Backtracking|Enumeration
950,Reveal Cards In Increasing Order,https://leetcode.com/problems/reveal-cards-in-increasing-order/,Medium,83.76,Array|Queue|Sorting|Simulation
951,Flip Equivalent Binary Trees,https://leetcode.com/problems/flip-equivalent-binary-trees/,Medium,69.49,Tree|Depth-First Search|Binary Tree
952,Largest Component Size by Common Factor,https://leetcode.com/problems/largest-component-size-by-common-factor/,Hard,43.61,Array|Hash Table|Math|Union-Find|Number Theory|Prime Factorization
953,Verifying an Alien Dictionary,https://leetcode.com/problems/verifying-an-alien-dictionary/,Easy,56.08,Array|Hash Table|String
954,Array of Doubled Pairs,https://leetcode.com/problems/array-of-doubled-pairs/,Medium,39.93,Array|Hash Table|Greedy|Sorting
955,Delete Columns to Make Sorted II,https://leetcode.com/problems/delete-columns-to-make-sorted-ii/,Medium,49.7,Array|String|Greedy
956,Tallest Billboard,https://leetcode.com/problems/tallest-billboard/,Hard,51.86,Array|Dynamic Programming|Meet in the Middle|Knapsack Problem|0-1 Knapsack
957,Prison Cells After N Days,https://leetcode.com/problems/prison-cells-after-n-days/,Medium,39.26,Array|Hash Table|Math|Bit Manipulation|Floyd's Cycle Finding Algorithm
958,Check Completeness of a Binary Tree,https://leetcode.com/problems/check-completeness-of-a-binary-tree/,Medium,59.4,Tree|Breadth-First Search|Binary Tree
959,Regions Cut By Slashes,https://leetcode.com/problems/regions-cut-by-slashes/,Medium,77.53,Array|Hash Table|Depth-First Search|Breadth-First Search|Union-Find|Matrix|Planar Graph
960,Delete Columns to Make Sorted III,https://leetcode.com/problems/delete-columns-to-make-sorted-iii/,Hard,72.62,Array|String|Dynamic Programming
961,N-Repeated Element in Size 2N Array,https://leetcode.com/problems/n-repeated-element-in-size-2n-array/,Easy,79.98,Array|Hash Table|Pigeonhole Principle
962,Maximum Width Ramp,https://leetcode.com/problems/maximum-width-ramp/,Medium,55.93,Array|Two Pointers|Stack|Monotonic Stack
963,Minimum Area Rectangle II,https://leetcode.com/problems/minimum-area-rectangle-ii/,Medium,55.96,Array|Hash Table|Math|Geometry
964,Least Operators to Express Number,https://leetcode.com/problems/least-operators-to-express-number/,Hard,48.42,Math|Dynamic Programming|Memoization
965,Univalued Binary Tree,https://leetcode.com/problems/univalued-binary-tree/,Easy,73.26,Tree|Depth-First Search|Breadth-First Search|Binary Tree
966,Vowel Spellchecker,https://leetcode.com/problems/vowel-spellchecker/,Medium,61.43,Array|Hash Table|String
967,Numbers With Same Consecutive Differences,https://leetcode.com/problems/numbers-with-same-consecutive-differences/,Medium,59.31,Backtracking|Breadth-First Search
968,Binary Tree Cameras,https://leetcode.com/problems/binary-tree-cameras/,Hard,48.05,Dynamic Programming|Tree|Depth-First Search|Binary Tree|DP on Trees
969,Pancake Sorting,https://leetcode.com/problems/pancake-sorting/,Medium,71.85,Array|Two Pointers|Greedy|Sorting
970,Powerful Integers,https://leetcode.com/problems/powerful-integers/,Medium,44.69,Hash Table|Math|Enumeration
971,Flip Binary Tree To Match Preorder Traversal,https://leetcode.com/problems/flip-binary-tree-to-match-preorder-traversal/,Medium,52.04,Tree|Depth-First Search|Binary Tree
972,Equal Rational Numbers,https://leetcode.com/problems/equal-rational-numbers/,Hard,46.52,Math|String
973,K Closest Points to Origin,https://leetcode.com/problems/k-closest-points-to-origin/,Medium,69.24,Array|Math|Divide and Conquer|Geometry|Sorting|Heap (Priority Queue)|Quickselect|K-D Tree
974,Subarray Sums Divisible by K,https://leetcode.com/problems/subarray-sums-divisible-by-k/,Medium,56.59,Array|Hash Table|Prefix Sum
975,Odd Even Jump,https://leetcode.com/problems/odd-even-jump/,Hard,41.42,Array|Dynamic Programming|Stack|Sorting|Monotonic Stack|Ordered Set
976,Largest Perimeter Triangle,https://leetcode.com/problems/largest-perimeter-triangle/,Easy,62.39,Array|Math|Greedy|Sorting|Quicksort|Polygons
977,Squares of a Sorted Array,https://leetcode.com/problems/squares-of-a-sorted-array/,Easy,74.03,Array|Two Pointers|Sorting
978,Longest Turbulent Subarray,https://leetcode.com/problems/longest-turbulent-subarray/,Medium,49.37,Array|Dynamic Programming|Sliding Window
979,Distribute Coins in Binary Tree,https://leetcode.com/problems/distribute-coins-in-binary-tree/,Medium,77.32,Tree|Depth-First Search|Binary Tree|DP on Trees
980,Unique Paths III,https://leetcode.com/problems/unique-paths-iii/,Hard,82.94,Array|Backtracking|Bit Manipulation|Matrix|Hamiltonian Path
981,Time Based Key-Value Store,https://leetcode.com/problems/time-based-key-value-store/,Medium,50.1,Hash Table|String|Binary Search|Design
982,Triples with Bitwise AND Equal To Zero,https://leetcode.com/problems/triples-with-bitwise-and-equal-to-zero/,Hard,60.32,Array|Hash Table|Bit Manipulation
983,Minimum Cost For Tickets,https://leetcode.com/problems/minimum-cost-for-tickets/,Medium,67.47,Array|Dynamic Programming
984,String Without AAA or BBB,https://leetcode.com/problems/string-without-aaa-or-bbb/,Medium,45.55,String|Greedy
985,Sum of Even Numbers After Queries,https://leetcode.com/problems/sum-of-even-numbers-after-queries/,Medium,68.94,Array|Simulation
986,Interval List Intersections,https://leetcode.com/problems/interval-list-intersections/,Medium,73.12,Array|Two Pointers|Sweep Line
987,Vertical Order Traversal of a Binary Tree,https://leetcode.com/problems/vertical-order-traversal-of-a-binary-tree/,Hard,54.44,Hash Table|Tree|Depth-First Search|Breadth-First Search|Sorting|Binary Tree
988,Smallest String Starting From Leaf,https://leetcode.com/problems/smallest-string-starting-from-leaf/,Medium,61.36,String|Backtracking|Tree|Depth-First Search|Binary Tree
989,Add to Array-Form of Integer,https://leetcode.com/problems/add-to-array-form-of-integer/,Easy,45.64,Array|Math
990,Satisfiability of Equality Equations,https://leetcode.com/problems/satisfiability-of-equality-equations/,Medium,52.07,Array|String|Union-Find|Graph Theory
991,Broken Calculator,https://leetcode.com/problems/broken-calculator/,Medium,56.36,Math|Greedy
992,Subarrays with K Different Integers,https://leetcode.com/problems/subarrays-with-k-different-integers/,Hard,68.78,Array|Hash Table|Sliding Window|Counting
993,Cousins in Binary Tree,https://leetcode.com/problems/cousins-in-binary-tree/,Easy,59.63,Tree|Depth-First Search|Breadth-First Search|Binary Tree
994,Rotting Oranges,https://leetcode.com/problems/rotting-oranges/,Medium,59.21,Array|Breadth-First Search|Matrix
995,Minimum Number of K Consecutive Bit Flips,https://leetcode.com/problems/minimum-number-of-k-consecutive-bit-flips/,Hard,62.38,Array|Bit Manipulation|Queue|Sliding Window|Prefix Sum|Brute-Force Search
996,Number of Squareful Arrays,https://leetcode.com/problems/number-of-squareful-arrays/,Hard,51.7,Array|Hash Table|Math|Dynamic Programming|Backtracking|Bit Manipulation|Bitmask
997,Find the Town Judge,https://leetcode.com/problems/find-the-town-judge/,Easy,51.01,Array|Hash Table|Graph Theory
998,Maximum Binary Tree II,https://leetcode.com/problems/maximum-binary-tree-ii/,Medium,70.77,Tree|Binary Tree
999,Available Captures for Rook,https://leetcode.com/problems/available-captures-for-rook/,Easy,72.02,Array|Matrix|Simulation
1000,Minimum Cost to Merge Stones,https://leetcode.com/problems/minimum-cost-to-merge-stones/,Hard,46.61,Array|Dynamic Programming|Prefix Sum
1001,Grid Illumination,https://leetcode.com/problems/grid-illumination/,Hard,39.83,Array|Hash Table
1002,Find Common Characters,https://leetcode.com/problems/find-common-characters/,Easy,74.79,Array|Hash Table|String
1003,Check If Word Is Valid After Substitutions,https://leetcode.com/problems/check-if-word-is-valid-after-substitutions/,Medium,61.31,String|Stack
1004,Max Consecutive Ones III,https://leetcode.com/problems/max-consecutive-ones-iii/,Medium,68.19,Array|Binary Search|Sliding Window|Prefix Sum
1005,Maximize Sum Of Array After K Negations,https://leetcode.com/problems/maximize-sum-of-array-after-k-negations/,Easy,54.16,Array|Greedy|Sorting
1006,Clumsy Factorial,https://leetcode.com/problems/clumsy-factorial/,Medium,61.8,Math|Stack|Simulation
1007,Minimum Domino Rotations For Equal Row,https://leetcode.com/problems/minimum-domino-rotations-for-equal-row/,Medium,56.49,Array|Greedy
1008,Construct Binary Search Tree from Preorder Traversal,https://leetcode.com/problems/construct-binary-search-tree-from-preorder-traversal/,Medium,84.52,Array|Stack|Tree|Binary Search Tree|Monotonic Stack|Binary Tree
1009,Complement of Base 10 Integer,https://leetcode.com/problems/complement-of-base-10-integer/,Easy,63.4,Bit Manipulation
1010,Pairs of Songs With Total Durations Divisible by 60,https://leetcode.com/problems/pairs-of-songs-with-total-durations-divisible-by-60/,Medium,53.52,Array|Hash Table|Counting
1011,Capacity To Ship Packages Within D Days,https://leetcode.com/problems/capacity-to-ship-packages-within-d-days/,Medium,74.43,Array|Binary Search
1012,Numbers With Repeated Digits,https://leetcode.com/problems/numbers-with-repeated-digits/,Hard,48.19,Math|Dynamic Programming
1013,Partition Array Into Three Parts With Equal Sum,https://leetcode.com/problems/partition-array-into-three-parts-with-equal-sum/,Easy,42.97,Array|Greedy
1014,Best Sightseeing Pair,https://leetcode.com/problems/best-sightseeing-pair/,Medium,62.7,Array|Dynamic Programming
1015,Smallest Integer Divisible by K,https://leetcode.com/problems/smallest-integer-divisible-by-k/,Medium,54.17,Hash Table|Math|Pigeonhole Principle
1016,Binary String With Substrings Representing 1 To N,https://leetcode.com/problems/binary-string-with-substrings-representing-1-to-n/,Medium,58.67,Hash Table|String|Bit Manipulation|Sliding Window
1017,Convert to Base -2,https://leetcode.com/problems/convert-to-base-2/,Medium,61.96,Math
1018,Binary Prefix Divisible By 5,https://leetcode.com/problems/binary-prefix-divisible-by-5/,Easy,53.71,Array|Bit Manipulation
1019,Next Greater Node In Linked List,https://leetcode.com/problems/next-greater-node-in-linked-list/,Medium,64.61,Array|Linked List|Stack|Monotonic Stack
1020,Number of Enclaves,https://leetcode.com/problems/number-of-enclaves/,Medium,72.14,Array|Depth-First Search|Breadth-First Search|Union-Find|Matrix
1021,Remove Outermost Parentheses,https://leetcode.com/problems/remove-outermost-parentheses/,Easy,87.36,String|Stack|Bracket Sequences
1022,Sum of Root To Leaf Binary Numbers,https://leetcode.com/problems/sum-of-root-to-leaf-binary-numbers/,Easy,76.67,Tree|Depth-First Search|Binary Tree
1023,Camelcase Matching,https://leetcode.com/problems/camelcase-matching/,Medium,65.77,Array|Two Pointers|String|Trie|String Matching
1024,Video Stitching,https://leetcode.com/problems/video-stitching/,Medium,52.85,Array|Dynamic Programming|Greedy
1025,Divisor Game,https://leetcode.com/problems/divisor-game/,Easy,72.36,Math|Dynamic Programming|Brainteaser|Game Theory|Impartial Game
1026,Maximum Difference Between Node and Ancestor,https://leetcode.com/problems/maximum-difference-between-node-and-ancestor/,Medium,78.22,Tree|Depth-First Search|Binary Tree
1027,Longest Arithmetic Subsequence,https://leetcode.com/problems/longest-arithmetic-subsequence/,Medium,50.12,Array|Hash Table|Binary Search|Dynamic Programming
1028,Recover a Tree From Preorder Traversal,https://leetcode.com/problems/recover-a-tree-from-preorder-traversal/,Hard,83.21,String|Tree|Depth-First Search|Binary Tree
1029,Two City Scheduling,https://leetcode.com/problems/two-city-scheduling/,Medium,68.8,Array|Greedy|Sorting|Hungarian Algorithm|Successive Shortest Path Algorithm
1030,Matrix Cells in Distance Order,https://leetcode.com/problems/matrix-cells-in-distance-order/,Easy,74.5,Array|Math|Geometry|Sorting|Matrix
1031,Maximum Sum of Two Non-Overlapping Subarrays,https://leetcode.com/problems/maximum-sum-of-two-non-overlapping-subarrays/,Medium,61.27,Array|Dynamic Programming|Sliding Window
1032,Stream of Characters,https://leetcode.com/problems/stream-of-characters/,Hard,52.7,Array|String|Design|Trie|Data Stream|Aho–Corasick Algorithm
1033,Moving Stones Until Consecutive,https://leetcode.com/problems/moving-stones-until-consecutive/,Medium,52.58,Math|Brainteaser
1034,Coloring A Border,https://leetcode.com/problems/coloring-a-border/,Medium,51.57,Array|Depth-First Search|Breadth-First Search|Matrix
1035,Uncrossed Lines,https://leetcode.com/problems/uncrossed-lines/,Medium,65.47,Array|Dynamic Programming|Longest Common Subsequence
1036,Escape a Large Maze,https://leetcode.com/problems/escape-a-large-maze/,Hard,36.94,Array|Hash Table|Depth-First Search|Breadth-First Search|Bidirectional Search
1037,Valid Boomerang,https://leetcode.com/problems/valid-boomerang/,Easy,40.04,Array|Math|Geometry
1038,Binary Search Tree to Greater Sum Tree,https://leetcode.com/problems/binary-search-tree-to-greater-sum-tree/,Medium,88.4,Tree|Depth-First Search|Binary Search Tree|Binary Tree
1039,Minimum Score Triangulation of Polygon,https://leetcode.com/problems/minimum-score-triangulation-of-polygon/,Medium,67.58,Array|Dynamic Programming|Triangulation|Polygons
1040,Moving Stones Until Consecutive II,https://leetcode.com/problems/moving-stones-until-consecutive-ii/,Medium,59.23,Array|Math|Sliding Window|Sorting
1041,Robot Bounded In Circle,https://leetcode.com/problems/robot-bounded-in-circle/,Medium,56.6,Math|String|Simulation
1042,Flower Planting With No Adjacent,https://leetcode.com/problems/flower-planting-with-no-adjacent/,Medium,54.02,Depth-First Search|Breadth-First Search|Graph Theory|Graph Coloring
1043,Partition Array for Maximum Sum,https://leetcode.com/problems/partition-array-for-maximum-sum/,Medium,77.52,Array|Dynamic Programming
1044,Longest Duplicate Substring,https://leetcode.com/problems/longest-duplicate-substring/,Hard,31.33,String|Binary Search|Sliding Window|Rolling Hash|Suffix Array|Hash Function|Suffix Automaton|Suffix Tree|Z Algorithm|Boyer–Moore String-Search Algorithm
1045,Customers Who Bought All Products,https://leetcode.com/problems/customers-who-bought-all-products/,Medium,64.34,Database
1046,Last Stone Weight,https://leetcode.com/problems/last-stone-weight/,Easy,66.69,Array|Heap (Priority Queue)
1047,Remove All Adjacent Duplicates In String,https://leetcode.com/problems/remove-all-adjacent-duplicates-in-string/,Easy,73.79,String|Stack
1048,Longest String Chain,https://leetcode.com/problems/longest-string-chain/,Medium,63.35,Array|Hash Table|Two Pointers|String|Dynamic Programming|Sorting
1049,Last Stone Weight II,https://leetcode.com/problems/last-stone-weight-ii/,Medium,60.46,Array|Dynamic Programming|Knapsack Problem|0-1 Knapsack
1050,Actors and Directors Who Cooperated At Least Three Times,https://leetcode.com/problems/actors-and-directors-who-cooperated-at-least-three-times/,Easy,71.28,Database
1051,Height Checker,https://leetcode.com/problems/height-checker/,Easy,81.9,Array|Sorting|Counting Sort|Bubble Sort
1052,Grumpy Bookstore Owner,https://leetcode.com/problems/grumpy-bookstore-owner/,Medium,64.11,Array|Sliding Window
1053,Previous Permutation With One Swap,https://leetcode.com/problems/previous-permutation-with-one-swap/,Medium,49.26,Array|Greedy
1054,Distant Barcodes,https://leetcode.com/problems/distant-barcodes/,Medium,49.28,Array|Hash Table|Greedy|Sorting|Heap (Priority Queue)|Counting
1061,Lexicographically Smallest Equivalent String,https://leetcode.com/problems/lexicographically-smallest-equivalent-string/,Medium,81.07,String|Union-Find
1068,Product Sales Analysis I,https://leetcode.com/problems/product-sales-analysis-i/,Easy,86.05,Database
1070,Product Sales Analysis III,https://leetcode.com/problems/product-sales-analysis-iii/,Medium,46.36,Database
1071,Greatest Common Divisor of Strings,https://leetcode.com/problems/greatest-common-divisor-of-strings/,Easy,54.22,Math|String|Euclidean Algorithm|Greatest Common Divisor
1072,Flip Columns For Maximum Number of Equal Rows,https://leetcode.com/problems/flip-columns-for-maximum-number-of-equal-rows/,Medium,78.49,Array|Hash Table|Matrix
1073,Adding Two Negabinary Numbers,https://leetcode.com/problems/adding-two-negabinary-numbers/,Medium,38.07,Array|Math
1074,Number of Submatrices That Sum to Target,https://leetcode.com/problems/number-of-submatrices-that-sum-to-target/,Hard,74.67,Array|Hash Table|Matrix|Prefix Sum
1075,Project Employees I,https://leetcode.com/problems/project-employees-i/,Easy,67.13,Database
1078,Occurrences After Bigram,https://leetcode.com/problems/occurrences-after-bigram/,Easy,64.02,String
1079,Letter Tile Possibilities,https://leetcode.com/problems/letter-tile-possibilities/,Medium,83.53,Hash Table|String|Backtracking|Counting
1080,Insufficient Nodes in Root to Leaf Paths,https://leetcode.com/problems/insufficient-nodes-in-root-to-leaf-paths/,Medium,55.42,Tree|Depth-First Search|Binary Tree
1081,Smallest Subsequence of Distinct Characters,https://leetcode.com/problems/smallest-subsequence-of-distinct-characters/,Medium,70.55,String|Stack|Greedy|Monotonic Stack
1084,Sales Analysis III,https://leetcode.com/problems/sales-analysis-iii/,Easy,48.05,Database
1089,Duplicate Zeros,https://leetcode.com/problems/duplicate-zeros/,Easy,53.91,Array|Two Pointers
1090,Largest Values From Labels,https://leetcode.com/problems/largest-values-from-labels/,Medium,64.54,Array|Hash Table|Greedy|Sorting|Counting
1091,Shortest Path in Binary Matrix,https://leetcode.com/problems/shortest-path-in-binary-matrix/,Medium,51.99,Array|Breadth-First Search|Matrix
1092,Shortest Common Supersequence ,https://leetcode.com/problems/shortest-common-supersequence/,Hard,62.23,String|Dynamic Programming|Longest Common Subsequence
1093,Statistics from a Large Sample,https://leetcode.com/problems/statistics-from-a-large-sample/,Medium,43.41,Array|Math|Probability and Statistics
1094,Car Pooling,https://leetcode.com/problems/car-pooling/,Medium,56.46,Array|Sorting|Heap (Priority Queue)|Simulation|Prefix Sum
1095,Find in Mountain Array,https://leetcode.com/problems/find-in-mountain-array/,Hard,41.89,Array|Binary Search|Interactive|Ternary Search
1096,Brace Expansion II,https://leetcode.com/problems/brace-expansion-ii/,Hard,63.86,Hash Table|String|Backtracking|Stack|Breadth-First Search|Sorting
1103,Distribute Candies to People,https://leetcode.com/problems/distribute-candies-to-people/,Easy,67.82,Math|Simulation
1104,Path In Zigzag Labelled Binary Tree,https://leetcode.com/problems/path-in-zigzag-labelled-binary-tree/,Medium,75.84,Math|Tree|Binary Tree
1105,Filling Bookcase Shelves,https://leetcode.com/problems/filling-bookcase-shelves/,Medium,68.64,Array|Dynamic Programming
1106,Parsing A Boolean Expression,https://leetcode.com/problems/parsing-a-boolean-expression/,Hard,69.8,String|Stack|Recursion
1108,Defanging an IP Address,https://leetcode.com/problems/defanging-an-ip-address/,Easy,90.12,String
1109,Corporate Flight Bookings,https://leetcode.com/problems/corporate-flight-bookings/,Medium,68.36,Array|Prefix Sum
1110,Delete Nodes And Return Forest,https://leetcode.com/problems/delete-nodes-and-return-forest/,Medium,72.47,Array|Hash Table|Tree|Depth-First Search|Binary Tree
1111,Maximum Nesting Depth of Two Valid Parentheses Strings,https://leetcode.com/problems/maximum-nesting-depth-of-two-valid-parentheses-strings/,Medium,72.09,String|Stack|Bracket Sequences
1114,Print in Order,https://leetcode.com/problems/print-in-order/,Easy,73.29,Concurrency
1115,Print FooBar Alternately,https://leetcode.com/problems/print-foobar-alternately/,Medium,72.96,Concurrency
1116,Print Zero Even Odd,https://leetcode.com/problems/print-zero-even-odd/,Medium,65.99,Concurrency
1117,Building H2O,https://leetcode.com/problems/building-h2o/,Medium,58.46,Concurrency
1122,Relative Sort Array,https://leetcode.com/problems/relative-sort-array/,Easy,75.35,Array|Hash Table|Sorting|Counting Sort|Quicksort|Bubble Sort
1123,Lowest Common Ancestor of Deepest Leaves,https://leetcode.com/problems/lowest-common-ancestor-of-deepest-leaves/,Medium,79.5,Hash Table|Tree|Depth-First Search|Breadth-First Search|Binary Tree|Binary Lifting|Lowest Common Ancestor|DP on Trees
1124,Longest Well-Performing Interval,https://leetcode.com/problems/longest-well-performing-interval/,Medium,38.06,Array|Hash Table|Stack|Monotonic Stack|Prefix Sum
1125,Smallest Sufficient Team,https://leetcode.com/problems/smallest-sufficient-team/,Hard,55.75,Array|Dynamic Programming|Bit Manipulation|Bitmask
1128,Number of Equivalent Domino Pairs,https://leetcode.com/problems/number-of-equivalent-domino-pairs/,Easy,60.73,Array|Hash Table|Counting
1129,Shortest Path with Alternating Colors,https://leetcode.com/problems/shortest-path-with-alternating-colors/,Medium,48.18,Breadth-First Search|Graph Theory
1130,Minimum Cost Tree From Leaf Values,https://leetcode.com/problems/minimum-cost-tree-from-leaf-values/,Medium,67.94,Array|Dynamic Programming|Stack|Greedy|Monotonic Stack|Cartesian Tree
1131,Maximum of Absolute Value Expression,https://leetcode.com/problems/maximum-of-absolute-value-expression/,Medium,48.82,Array|Math
1137,N-th Tribonacci Number,https://leetcode.com/problems/n-th-tribonacci-number/,Easy,63.09,Math|Dynamic Programming|Memoization
1138,Alphabet Board Path,https://leetcode.com/problems/alphabet-board-path/,Medium,51.93,Hash Table|String
1139,Largest 1-Bordered Square,https://leetcode.com/problems/largest-1-bordered-square/,Medium,52.36,Array|Dynamic Programming|Matrix
1140,Stone Game II,https://leetcode.com/problems/stone-game-ii/,Medium,72.72,Array|Math|Dynamic Programming|Minimax|Prefix Sum|Game Theory|Zero-Sum Game
1141,User Activity for the Past 30 Days I,https://leetcode.com/problems/user-activity-for-the-past-30-days-i/,Easy,51.32,Database
1143,Longest Common Subsequence,https://leetcode.com/problems/longest-common-subsequence/,Medium,59.44,String|Dynamic Programming|Longest Common Subsequence
1144,Decrease Elements To Make Array Zigzag,https://leetcode.com/problems/decrease-elements-to-make-array-zigzag/,Medium,49.43,Array|Greedy
1145,Binary Tree Coloring Game,https://leetcode.com/problems/binary-tree-coloring-game/,Medium,53.05,Tree|Depth-First Search|Binary Tree
1146,Snapshot Array,https://leetcode.com/problems/snapshot-array/,Medium,36.79,Array|Hash Table|Binary Search|Design|Persistent Data Structure
1147,Longest Chunked Palindrome Decomposition,https://leetcode.com/problems/longest-chunked-palindrome-decomposition/,Hard,58.97,Two Pointers|String|Dynamic Programming|Greedy|Rolling Hash|Hash Function
1148,Article Views I,https://leetcode.com/problems/article-views-i/,Easy,76.77,Database
1154,Day of the Year,https://leetcode.com/problems/day-of-the-year/,Easy,50.1,Math|String
1155,Number of Dice Rolls With Target Sum,https://leetcode.com/problems/number-of-dice-rolls-with-target-sum/,Medium,62.52,Dynamic Programming
1156,Swap For Longest Repeated Character Substring,https://leetcode.com/problems/swap-for-longest-repeated-character-substring/,Medium,44.83,Hash Table|String|Sliding Window
1157,Online Majority Element In Subarray,https://leetcode.com/problems/online-majority-element-in-subarray/,Hard,40.8,Array|Binary Search|Design|Binary Indexed Tree|Segment Tree|Sqrt Decomposition|Boyer–Moore Majority Vote Algorithm
1158,Market Analysis I,https://leetcode.com/problems/market-analysis-i/,Medium,57.63,Database
1160,Find Words That Can Be Formed by Characters,https://leetcode.com/problems/find-words-that-can-be-formed-by-characters/,Easy,71.71,Array|Hash Table|String|Counting
1161,Maximum Level Sum of a Binary Tree,https://leetcode.com/problems/maximum-level-sum-of-a-binary-tree/,Medium,70.03,Tree|Depth-First Search|Breadth-First Search|Binary Tree
1162,As Far from Land as Possible,https://leetcode.com/problems/as-far-from-land-as-possible/,Medium,52.45,Array|Dynamic Programming|Breadth-First Search|Matrix
1163,Last Substring in Lexicographical Order,https://leetcode.com/problems/last-substring-in-lexicographical-order/,Hard,35.18,Two Pointers|String|Lyndon Factorization
1164,Product Price at a Given Date,https://leetcode.com/problems/product-price-at-a-given-date/,Medium,58.31,Database
1169,Invalid Transactions,https://leetcode.com/problems/invalid-transactions/,Medium,32.46,Array|Hash Table|String|Sorting
1170,Compare Strings by Frequency of the Smallest Character,https://leetcode.com/problems/compare-strings-by-frequency-of-the-smallest-character/,Medium,63.52,Array|Hash Table|String|Binary Search|Sorting
1171,Remove Zero Sum Consecutive Nodes from Linked List,https://leetcode.com/problems/remove-zero-sum-consecutive-nodes-from-linked-list/,Medium,53.26,Hash Table|Linked List
1172,Dinner Plate Stacks,https://leetcode.com/problems/dinner-plate-stacks/,Hard,33.86,Hash Table|Stack|Design|Heap (Priority Queue)
1174,Immediate Food Delivery II,https://leetcode.com/problems/immediate-food-delivery-ii/,Medium,56.64,Database
1175,Prime Arrangements,https://leetcode.com/problems/prime-arrangements/,Easy,61.74,Math|Primality Test|Sieve Theory|Prime Number Sieve
1177,Can Make Palindrome from Substring,https://leetcode.com/problems/can-make-palindrome-from-substring/,Medium,42.02,Array|Hash Table|String|Bit Manipulation|Prefix Sum
1178,Number of Valid Words for Each Puzzle,https://leetcode.com/problems/number-of-valid-words-for-each-puzzle/,Hard,48.02,Array|Hash Table|String|Bit Manipulation|Trie
1179,Reformat Department Table,https://leetcode.com/problems/reformat-department-table/,Easy,76.4,Database
1184,Distance Between Bus Stops,https://leetcode.com/problems/distance-between-bus-stops/,Easy,56.72,Array
1185,Day of the Week,https://leetcode.com/problems/day-of-the-week/,Easy,59.46,Math
1186,Maximum Subarray Sum with One Deletion,https://leetcode.com/problems/maximum-subarray-sum-with-one-deletion/,Medium,48.95,Array|Dynamic Programming
1187,Make Array Strictly Increasing,https://leetcode.com/problems/make-array-strictly-increasing/,Hard,58.14,Array|Binary Search|Dynamic Programming|Sorting|Longest Increasing Subsequence
1189,Maximum Number of Balloons,https://leetcode.com/problems/maximum-number-of-balloons/,Easy,64.24,Hash Table|String|Counting
1190,Reverse Substrings Between Each Pair of Parentheses,https://leetcode.com/problems/reverse-substrings-between-each-pair-of-parentheses/,Medium,72.07,String|Stack|Bracket Sequences
1191,K-Concatenation Maximum Sum,https://leetcode.com/problems/k-concatenation-maximum-sum/,Medium,25.96,Array|Dynamic Programming
1192,Critical Connections in a Network,https://leetcode.com/problems/critical-connections-in-a-network/,Hard,60.27,Depth-First Search|Graph Theory|Biconnected Component|Bridge (Graph)
1193,Monthly Transactions I,https://leetcode.com/problems/monthly-transactions-i/,Medium,59.61,Database
1195,Fizz Buzz Multithreaded,https://leetcode.com/problems/fizz-buzz-multithreaded/,Medium,75.03,Concurrency
1200,Minimum Absolute Difference,https://leetcode.com/problems/minimum-absolute-difference/,Easy,75.18,Array|Sorting
1201,Ugly Number III,https://leetcode.com/problems/ugly-number-iii/,Medium,31.78,Math|Binary Search|Combinatorics|Number Theory|Least Common Multiple|Euclidean Algorithm|Greatest Common Divisor|Inclusion-Exclusion Principle
1202,Smallest String With Swaps,https://leetcode.com/problems/smallest-string-with-swaps/,Medium,60.88,Array|Hash Table|String|Depth-First Search|Breadth-First Search|Union-Find|Sorting
1203,Sort Items by Groups Respecting Dependencies,https://leetcode.com/problems/sort-items-by-groups-respecting-dependencies/,Hard,66.02,Depth-First Search|Breadth-First Search|Graph Theory|Topological Sort|Directed Acyclic Graph
1204,Last Person to Fit in the Bus,https://leetcode.com/problems/last-person-to-fit-in-the-bus/,Medium,69.64,Database
1206,Design Skiplist,https://leetcode.com/problems/design-skiplist/,Hard,59.78,Linked List|Design
1207,Unique Number of Occurrences,https://leetcode.com/problems/unique-number-of-occurrences/,Easy,78.84,Array|Hash Table
1208,Get Equal Substrings Within Budget,https://leetcode.com/problems/get-equal-substrings-within-budget/,Medium,59.98,String|Binary Search|Sliding Window|Prefix Sum
1209,Remove All Adjacent Duplicates in String II,https://leetcode.com/problems/remove-all-adjacent-duplicates-in-string-ii/,Medium,61.7,String|Stack
1210,Minimum Moves to Reach Target with Rotations,https://leetcode.com/problems/minimum-moves-to-reach-target-with-rotations/,Hard,52.6,Array|Breadth-First Search|Matrix
1211,Queries Quality and Percentage,https://leetcode.com/problems/queries-quality-and-percentage/,Easy,54.24,Database
1217,Minimum Cost to Move Chips to The Same Position,https://leetcode.com/problems/minimum-cost-to-move-chips-to-the-same-position/,Easy,73.11,Array|Math|Greedy
1218,Longest Arithmetic Subsequence of Given Difference,https://leetcode.com/problems/longest-arithmetic-subsequence-of-given-difference/,Medium,54.35,Array|Hash Table|Dynamic Programming
1219,Path with Maximum Gold,https://leetcode.com/problems/path-with-maximum-gold/,Medium,68.55,Array|Backtracking|Matrix
1220,Count Vowels Permutation,https://leetcode.com/problems/count-vowels-permutation/,Hard,61.34,Dynamic Programming
1221,Split a String in Balanced Strings,https://leetcode.com/problems/split-a-string-in-balanced-strings/,Easy,87.55,String|Greedy|Counting
1222,Queens That Can Attack the King,https://leetcode.com/problems/queens-that-can-attack-the-king/,Medium,72.81,Array|Matrix|Simulation
1223,Dice Roll Simulation,https://leetcode.com/problems/dice-roll-simulation/,Hard,51.16,Array|Dynamic Programming
1224,Maximum Equal Frequency,https://leetcode.com/problems/maximum-equal-frequency/,Hard,38.41,Array|Hash Table
1226,The Dining Philosophers,https://leetcode.com/problems/the-dining-philosophers/,Medium,54.01,Concurrency
1227,Airplane Seat Assignment Probability,https://leetcode.com/problems/airplane-seat-assignment-probability/,Medium,67.53,Math|Dynamic Programming|Brainteaser|Probability and Statistics
1232,Check If It Is a Straight Line,https://leetcode.com/problems/check-if-it-is-a-straight-line/,Easy,40.23,Array|Math|Geometry
1233,Remove Sub-Folders from the Filesystem,https://leetcode.com/problems/remove-sub-folders-from-the-filesystem/,Medium,78.6,Array|String|Depth-First Search|Trie
1234,Replace the Substring for Balanced String,https://leetcode.com/problems/replace-the-substring-for-balanced-string/,Medium,41.24,String|Sliding Window
1235,Maximum Profit in Job Scheduling,https://leetcode.com/problems/maximum-profit-in-job-scheduling/,Hard,54.81,Array|Binary Search|Dynamic Programming|Sorting
1237,Find Positive Integer Solution for a Given Equation,https://leetcode.com/problems/find-positive-integer-solution-for-a-given-equation/,Medium,70.11,Math|Two Pointers|Binary Search|Interactive
1238,Circular Permutation in Binary Representation,https://leetcode.com/problems/circular-permutation-in-binary-representation/,Medium,72.96,Math|Backtracking|Bit Manipulation
1239,Maximum Length of a Concatenated String with Unique Characters,https://leetcode.com/problems/maximum-length-of-a-concatenated-string-with-unique-characters/,Medium,54.87,Array|String|Backtracking|Bit Manipulation
1240,Tiling a Rectangle with the Fewest Squares,https://leetcode.com/problems/tiling-a-rectangle-with-the-fewest-squares/,Hard,55.22,Backtracking
1247,Minimum Swaps to Make Strings Equal,https://leetcode.com/problems/minimum-swaps-to-make-strings-equal/,Medium,65.51,Math|String|Greedy
1248,Count Number of Nice Subarrays,https://leetcode.com/problems/count-number-of-nice-subarrays/,Medium,75.58,Array|Hash Table|Math|Sliding Window|Prefix Sum
1249,Minimum Remove to Make Valid Parentheses,https://leetcode.com/problems/minimum-remove-to-make-valid-parentheses/,Medium,71.55,String|Stack
1250,Check If It Is a Good Array,https://leetcode.com/problems/check-if-it-is-a-good-array/,Hard,65.7,Array|Math|Number Theory|Bézout's Lemma|Euclidean Algorithm|Greatest Common Divisor|Extended Euclidean Algorithm
1251,Average Selling Price,https://leetcode.com/problems/average-selling-price/,Easy,37.7,Database
1252,Cells with Odd Values in a Matrix,https://leetcode.com/problems/cells-with-odd-values-in-a-matrix/,Easy,79.89,Array|Math|Simulation
1253,Reconstruct a 2-Row Binary Matrix,https://leetcode.com/problems/reconstruct-a-2-row-binary-matrix/,Medium,49.16,Array|Greedy|Matrix
1254,Number of Closed Islands,https://leetcode.com/problems/number-of-closed-islands/,Medium,67.24,Array|Depth-First Search|Breadth-First Search|Union-Find|Matrix
1255,Maximum Score Words Formed by Letters,https://leetcode.com/problems/maximum-score-words-formed-by-letters/,Hard,81.48,Array|Hash Table|String|Dynamic Programming|Backtracking|Bit Manipulation|Counting|Bitmask
1260,Shift 2D Grid,https://leetcode.com/problems/shift-2d-grid/,Easy,74.46,Array|Matrix|Simulation
1261,Find Elements in a Contaminated Binary Tree,https://leetcode.com/problems/find-elements-in-a-contaminated-binary-tree/,Medium,84.15,Hash Table|Tree|Depth-First Search|Breadth-First Search|Design|Binary Tree
1262,Greatest Sum Divisible by Three,https://leetcode.com/problems/greatest-sum-divisible-by-three/,Medium,56.99,Array|Dynamic Programming|Greedy|Sorting
1263,Minimum Moves to Move a Box to Their Target Location,https://leetcode.com/problems/minimum-moves-to-move-a-box-to-their-target-location/,Hard,49.96,Array|Breadth-First Search|Heap (Priority Queue)|Matrix
1266,Minimum Time Visiting All Points,https://leetcode.com/problems/minimum-time-visiting-all-points/,Easy,84.82,Array|Math|Geometry
1267,Count Servers that Communicate,https://leetcode.com/problems/count-servers-that-communicate/,Medium,73.57,Array|Depth-First Search|Breadth-First Search|Union-Find|Matrix|Counting
1268,Search Suggestions System,https://leetcode.com/problems/search-suggestions-system/,Medium,65.22,Array|String|Binary Search|Trie|Sorting|Heap (Priority Queue)
1269,Number of Ways to Stay in the Same Place After Some Steps,https://leetcode.com/problems/number-of-ways-to-stay-in-the-same-place-after-some-steps/,Hard,50.16,Dynamic Programming
1275,Find Winner on a Tic Tac Toe Game,https://leetcode.com/problems/find-winner-on-a-tic-tac-toe-game/,Easy,54.67,Array|Hash Table|Matrix|Simulation
1276,Number of Burgers with No Waste of Ingredients,https://leetcode.com/problems/number-of-burgers-with-no-waste-of-ingredients/,Medium,53.03,Math
1277,Count Square Submatrices with All Ones,https://leetcode.com/problems/count-square-submatrices-with-all-ones/,Medium,80.79,Array|Dynamic Programming|Matrix
1278,Palindrome Partitioning III,https://leetcode.com/problems/palindrome-partitioning-iii/,Hard,62.31,String|Dynamic Programming
1280,Students and Examinations,https://leetcode.com/problems/students-and-examinations/,Easy,61.68,Database
1281,Subtract the Product and Sum of Digits of an Integer,https://leetcode.com/problems/subtract-the-product-and-sum-of-digits-of-an-integer/,Easy,86.58,Math
1282,Group the People Given the Group Size They Belong To,https://leetcode.com/problems/group-the-people-given-the-group-size-they-belong-to/,Medium,87.51,Array|Hash Table|Greedy
1283,Find the Smallest Divisor Given a Threshold,https://leetcode.com/problems/find-the-smallest-divisor-given-a-threshold/,Medium,66.52,Array|Binary Search
1284,Minimum Number of Flips to Convert Binary Matrix to Zero Matrix,https://leetcode.com/problems/minimum-number-of-flips-to-convert-binary-matrix-to-zero-matrix/,Hard,72.94,Array|Hash Table|Bit Manipulation|Breadth-First Search|Matrix
1286,Iterator for Combination,https://leetcode.com/problems/iterator-for-combination/,Medium,72.71,String|Backtracking|Design|Iterator
1287,Element Appearing More Than 25% In Sorted Array,https://leetcode.com/problems/element-appearing-more-than-25-in-sorted-array/,Easy,61.33,Array
1288,Remove Covered Intervals,https://leetcode.com/problems/remove-covered-intervals/,Medium,60.15,Array|Sorting
1289,Minimum Falling Path Sum II,https://leetcode.com/problems/minimum-falling-path-sum-ii/,Hard,62.99,Array|Dynamic Programming|Matrix
1290,Convert Binary Number in a Linked List to Integer,https://leetcode.com/problems/convert-binary-number-in-a-linked-list-to-integer/,Easy,82.39,Linked List|Math
1291,Sequential Digits,https://leetcode.com/problems/sequential-digits/,Medium,68.63,Enumeration
1292,Maximum Side Length of a Square with Sum Less than or Equal to Threshold,https://leetcode.com/problems/maximum-side-length-of-a-square-with-sum-less-than-or-equal-to-threshold/,Medium,65.45,Array|Binary Search|Matrix|Prefix Sum
1293,Shortest Path in a Grid with Obstacles Elimination,https://leetcode.com/problems/shortest-path-in-a-grid-with-obstacles-elimination/,Hard,46.6,Array|Breadth-First Search|Matrix
1295,Find Numbers with Even Number of Digits,https://leetcode.com/problems/find-numbers-with-even-number-of-digits/,Easy,79.92,Array|Math
1296,Divide Array in Sets of K Consecutive Numbers,https://leetcode.com/problems/divide-array-in-sets-of-k-consecutive-numbers/,Medium,59.42,Array|Hash Table|Greedy|Sorting
1297,Maximum Number of Occurrences of a Substring,https://leetcode.com/problems/maximum-number-of-occurrences-of-a-substring/,Medium,54.76,Hash Table|String|Sliding Window
1298,Maximum Candies You Can Get from Boxes,https://leetcode.com/problems/maximum-candies-you-can-get-from-boxes/,Hard,67.12,Array|Breadth-First Search|Graph Theory
1299,Replace Elements with Greatest Element on Right Side,https://leetcode.com/problems/replace-elements-with-greatest-element-on-right-side/,Easy,72.47,Array
1300,Sum of Mutated Array Closest to Target,https://leetcode.com/problems/sum-of-mutated-array-closest-to-target/,Medium,46.55,Array|Binary Search|Sorting
1301,Number of Paths with Max Score,https://leetcode.com/problems/number-of-paths-with-max-score/,Hard,63.65,Array|Dynamic Programming|Matrix
1302,Deepest Leaves Sum,https://leetcode.com/problems/deepest-leaves-sum/,Medium,86.58,Tree|Depth-First Search|Breadth-First Search|Binary Tree
1304,Find N Unique Integers Sum up to Zero,https://leetcode.com/problems/find-n-unique-integers-sum-up-to-zero/,Easy,78.43,Array|Math
1305,All Elements in Two Binary Search Trees,https://leetcode.com/problems/all-elements-in-two-binary-search-trees/,Medium,80.37,Tree|Depth-First Search|Binary Search Tree|Sorting|Binary Tree
1306,Jump Game III,https://leetcode.com/problems/jump-game-iii/,Medium,70.38,Array|Depth-First Search|Breadth-First Search
1307,Verbal Arithmetic Puzzle,https://leetcode.com/problems/verbal-arithmetic-puzzle/,Hard,33.47,Array|Math|String|Backtracking
1309,Decrypt String from Alphabet to Integer Mapping,https://leetcode.com/problems/decrypt-string-from-alphabet-to-integer-mapping/,Easy,80.64,String
1310,XOR Queries of a Subarray,https://leetcode.com/problems/xor-queries-of-a-subarray/,Medium,78.0,Array|Bit Manipulation|Prefix Sum
1311,Get Watched Videos by Your Friends,https://leetcode.com/problems/get-watched-videos-by-your-friends/,Medium,53.79,Array|Hash Table|Breadth-First Search|Graph Theory|Sorting
1312,Minimum Insertion Steps to Make a String Palindrome,https://leetcode.com/problems/minimum-insertion-steps-to-make-a-string-palindrome/,Hard,74.31,String|Dynamic Programming
1313,Decompress Run-Length Encoded List,https://leetcode.com/problems/decompress-run-length-encoded-list/,Easy,86.27,Array
1314,Matrix Block Sum,https://leetcode.com/problems/matrix-block-sum/,Medium,76.81,Array|Matrix|Prefix Sum
1315,Sum of Nodes with Even-Valued Grandparent,https://leetcode.com/problems/sum-of-nodes-with-even-valued-grandparent/,Medium,85.97,Tree|Depth-First Search|Breadth-First Search|Binary Tree
1316,Distinct Echo Substrings,https://leetcode.com/problems/distinct-echo-substrings/,Hard,53.44,String|Trie|Rolling Hash|Suffix Array|Hash Function|Suffix Automaton|Suffix Tree
1317,Convert Integer to the Sum of Two No-Zero Integers,https://leetcode.com/problems/convert-integer-to-the-sum-of-two-no-zero-integers/,Easy,59.16,Math
1318,Minimum Flips to Make a OR b Equal to c,https://leetcode.com/problems/minimum-flips-to-make-a-or-b-equal-to-c/,Medium,72.06,Bit Manipulation
1319,Number of Operations to Make Network Connected,https://leetcode.com/problems/number-of-operations-to-make-network-connected/,Medium,67.08,Depth-First Search|Breadth-First Search|Union-Find|Graph Theory
1320,Minimum Distance to Type a Word Using Two Fingers,https://leetcode.com/problems/minimum-distance-to-type-a-word-using-two-fingers/,Hard,72.32,String|Dynamic Programming
1321,Restaurant Growth,https://leetcode.com/problems/restaurant-growth/,Medium,59.48,Database
1323,Maximum 69 Number,https://leetcode.com/problems/maximum-69-number/,Easy,84.58,Math|Greedy
1324,Print Words Vertically,https://leetcode.com/problems/print-words-vertically/,Medium,67.96,Array|String|Simulation
1325,Delete Leaves With a Given Value,https://leetcode.com/problems/delete-leaves-with-a-given-value/,Medium,77.2,Tree|Depth-First Search|Binary Tree
1326,Minimum Number of Taps to Open to Water a Garden,https://leetcode.com/problems/minimum-number-of-taps-to-open-to-water-a-garden/,Hard,51.04,Array|Dynamic Programming|Greedy
1327,List the Products Ordered in a Period,https://leetcode.com/problems/list-the-products-ordered-in-a-period/,Easy,71.96,Database
1328,Break a Palindrome,https://leetcode.com/problems/break-a-palindrome/,Medium,51.63,String|Greedy
1329,Sort the Matrix Diagonally,https://leetcode.com/problems/sort-the-matrix-diagonally/,Medium,83.25,Array|Sorting|Matrix
1330,Reverse Subarray To Maximize Array Value,https://leetcode.com/problems/reverse-subarray-to-maximize-array-value/,Hard,44.37,Array|Math|Greedy
1331,Rank Transform of an Array,https://leetcode.com/problems/rank-transform-of-an-array/,Easy,73.95,Array|Hash Table|Sorting
1332,Remove Palindromic Subsequences,https://leetcode.com/problems/remove-palindromic-subsequences/,Easy,77.18,Two Pointers|String
1333,"Filter Restaurants by Vegan-Friendly, Price and Distance",https://leetcode.com/problems/filter-restaurants-by-vegan-friendly-price-and-distance/,Medium,64.43,Array|Sorting
1334,Find the City With the Smallest Number of Neighbors at a Threshold Distance,https://leetcode.com/problems/find-the-city-with-the-smallest-number-of-neighbors-at-a-threshold-distance/,Medium,73.52,Dynamic Programming|Graph Theory|Shortest Path|Dijkstra's Algorithm|Bellman–Ford Algorithm|Floyd–Warshall Algorithm
1335,Minimum Difficulty of a Job Schedule,https://leetcode.com/problems/minimum-difficulty-of-a-job-schedule/,Hard,59.8,Array|Dynamic Programming
1337,The K Weakest Rows in a Matrix,https://leetcode.com/problems/the-k-weakest-rows-in-a-matrix/,Easy,74.46,Array|Binary Search|Sorting|Heap (Priority Queue)|Matrix
1338,Reduce Array Size to The Half,https://leetcode.com/problems/reduce-array-size-to-the-half/,Medium,69.42,Array|Hash Table|Greedy|Sorting|Heap (Priority Queue)
1339,Maximum Product of Splitted Binary Tree,https://leetcode.com/problems/maximum-product-of-splitted-binary-tree/,Medium,55.76,Tree|Depth-First Search|Binary Tree
1340,Jump Game V,https://leetcode.com/problems/jump-game-v/,Hard,75.78,Array|Dynamic Programming|Sorting
1341,Movie Rating,https://leetcode.com/problems/movie-rating/,Medium,44.07,Database
1342,Number of Steps to Reduce a Number to Zero,https://leetcode.com/problems/number-of-steps-to-reduce-a-number-to-zero/,Easy,85.87,Math|Bit Manipulation
1343,Number of Sub-arrays of Size K and Average Greater than or Equal to Threshold,https://leetcode.com/problems/number-of-sub-arrays-of-size-k-and-average-greater-than-or-equal-to-threshold/,Medium,73.72,Array|Sliding Window
1344,Angle Between Hands of a Clock,https://leetcode.com/problems/angle-between-hands-of-a-clock/,Medium,69.84,Math
1345,Jump Game IV,https://leetcode.com/problems/jump-game-iv/,Hard,51.06,Array|Hash Table|Breadth-First Search
1346,Check If N and Its Double Exist,https://leetcode.com/problems/check-if-n-and-its-double-exist/,Easy,41.95,Array|Hash Table|Two Pointers|Binary Search|Sorting
1347,Minimum Number of Steps to Make Two Strings Anagram,https://leetcode.com/problems/minimum-number-of-steps-to-make-two-strings-anagram/,Medium,82.58,Hash Table|String|Counting
1348,Tweet Counts Per Frequency,https://leetcode.com/problems/tweet-counts-per-frequency/,Medium,46.44,Hash Table|String|Binary Search|Design|Sorting|Ordered Set
1349,Maximum Students Taking Exam,https://leetcode.com/problems/maximum-students-taking-exam/,Hard,54.24,Array|Dynamic Programming|Bit Manipulation|Matrix|Bitmask|Maximum Flow|Maximum Matching|Bipartite Graph|Edmonds–Karp Algorithm|MPM Algorithm|Push-Relabel Algorithm|Minimum Cut|Matching (Graph)|Flow Network|Dinic's Algorithm
1351,Count Negative Numbers in a Sorted Matrix,https://leetcode.com/problems/count-negative-numbers-in-a-sorted-matrix/,Easy,79.71,Array|Binary Search|Matrix
1352,Product of the Last K Numbers,https://leetcode.com/problems/product-of-the-last-k-numbers/,Medium,63.02,Array|Math|Design|Data Stream|Prefix Sum
1353,Maximum Number of Events That Can Be Attended,https://leetcode.com/problems/maximum-number-of-events-that-can-be-attended/,Medium,39.04,Array|Greedy|Sorting|Heap (Priority Queue)
1354,Construct Target Array With Multiple Sums,https://leetcode.com/problems/construct-target-array-with-multiple-sums/,Hard,37.16,Array|Heap (Priority Queue)
1356,Sort Integers by The Number of 1 Bits,https://leetcode.com/problems/sort-integers-by-the-number-of-1-bits/,Easy,82.43,Array|Bit Manipulation|Sorting|Counting
1357,Apply Discount Every n Orders,https://leetcode.com/problems/apply-discount-every-n-orders/,Medium,65.91,Array|Hash Table|Design
1358,Number of Substrings Containing All Three Characters,https://leetcode.com/problems/number-of-substrings-containing-all-three-characters/,Medium,74.39,Hash Table|String|Sliding Window
1359,Count All Valid Pickup and Delivery Options,https://leetcode.com/problems/count-all-valid-pickup-and-delivery-options/,Hard,64.91,Math|Dynamic Programming|Combinatorics
1360,Number of Days Between Two Dates,https://leetcode.com/problems/number-of-days-between-two-dates/,Easy,53.14,Math|String
1361,Validate Binary Tree Nodes,https://leetcode.com/problems/validate-binary-tree-nodes/,Medium,44.18,Tree|Depth-First Search|Breadth-First Search|Union-Find|Graph Theory|Binary Tree
1362,Closest Divisors,https://leetcode.com/problems/closest-divisors/,Medium,62.4,Math|Prime Factorization
1363,Largest Multiple of Three,https://leetcode.com/problems/largest-multiple-of-three/,Hard,33.44,Array|Math|Dynamic Programming|Greedy|Sorting
1365,How Many Numbers Are Smaller Than the Current Number,https://leetcode.com/problems/how-many-numbers-are-smaller-than-the-current-number/,Easy,87.45,Array|Hash Table|Sorting|Counting Sort
1366,Rank Teams by Votes,https://leetcode.com/problems/rank-teams-by-votes/,Medium,59.99,Array|Hash Table|String|Sorting|Counting
1367,Linked List in Binary Tree,https://leetcode.com/problems/linked-list-in-binary-tree/,Medium,52.0,Linked List|Tree|Depth-First Search|Binary Tree
1368,Minimum Cost to Make at Least One Valid Path in a Grid,https://leetcode.com/problems/minimum-cost-to-make-at-least-one-valid-path-in-a-grid/,Hard,71.12,Array|Breadth-First Search|Graph Theory|Heap (Priority Queue)|Matrix|Shortest Path|0-1 BFS|Dijkstra's Algorithm
1370,Increasing Decreasing String,https://leetcode.com/problems/increasing-decreasing-string/,Easy,77.31,Hash Table|String|Counting
1371,Find the Longest Substring Containing Vowels in Even Counts,https://leetcode.com/problems/find-the-longest-substring-containing-vowels-in-even-counts/,Medium,75.57,Hash Table|String|Bit Manipulation|Prefix Sum
1372,Longest ZigZag Path in a Binary Tree,https://leetcode.com/problems/longest-zigzag-path-in-a-binary-tree/,Medium,67.33,Dynamic Programming|Tree|Depth-First Search|Binary Tree|DP on Trees
1373,Maximum Sum BST in Binary Tree,https://leetcode.com/problems/maximum-sum-bst-in-binary-tree/,Hard,48.51,Dynamic Programming|Tree|Depth-First Search|Binary Search Tree|Binary Tree|DP on Trees
1374,Generate a String With Characters That Have Odd Counts,https://leetcode.com/problems/generate-a-string-with-characters-that-have-odd-counts/,Easy,78.58,String
1375,Number of Times Binary String Is Prefix-Aligned,https://leetcode.com/problems/number-of-times-binary-string-is-prefix-aligned/,Medium,66.12,Array
1376,Time Needed to Inform All Employees,https://leetcode.com/problems/time-needed-to-inform-all-employees/,Medium,60.56,Tree|Depth-First Search|Breadth-First Search
1377,Frog Position After T Seconds,https://leetcode.com/problems/frog-position-after-t-seconds/,Hard,38.71,Tree|Depth-First Search|Breadth-First Search|Graph Theory
1378,Replace Employee ID With The Unique Identifier,https://leetcode.com/problems/replace-employee-id-with-the-unique-identifier/,Easy,83.72,Database
1379,Find a Corresponding Node of a Binary Tree in a Clone of That Tree,https://leetcode.com/problems/find-a-corresponding-node-of-a-binary-tree-in-a-clone-of-that-tree/,Easy,85.84,Tree|Depth-First Search|Breadth-First Search|Binary Tree
1380,Lucky Numbers in a Matrix,https://leetcode.com/problems/lucky-numbers-in-a-matrix/,Easy,80.18,Array|Matrix
1381,Design a Stack With Increment Operation,https://leetcode.com/problems/design-a-stack-with-increment-operation/,Medium,79.92,Array|Stack|Design
1382,Balance a Binary Search Tree,https://leetcode.com/problems/balance-a-binary-search-tree/,Medium,86.29,Divide and Conquer|Greedy|Tree|Depth-First Search|Binary Search Tree|Binary Tree
1383,Maximum Performance of a Team,https://leetcode.com/problems/maximum-performance-of-a-team/,Hard,48.04,Array|Greedy|Sorting|Heap (Priority Queue)
1385,Find the Distance Value Between Two Arrays,https://leetcode.com/problems/find-the-distance-value-between-two-arrays/,Easy,72.11,Array|Two Pointers|Binary Search|Sorting
1386,Cinema Seat Allocation,https://leetcode.com/problems/cinema-seat-allocation/,Medium,44.84,Array|Hash Table|Greedy|Bit Manipulation
1387,Sort Integers by The Power Value,https://leetcode.com/problems/sort-integers-by-the-power-value/,Medium,71.71,Dynamic Programming|Memoization|Sorting
1388,Pizza With 3n Slices,https://leetcode.com/problems/pizza-with-3n-slices/,Hard,54.18,Array|Dynamic Programming|Greedy|Heap (Priority Queue)
1389,Create Target Array in the Given Order,https://leetcode.com/problems/create-target-array-in-the-given-order/,Easy,86.57,Array|Simulation
1390,Four Divisors,https://leetcode.com/problems/four-divisors/,Medium,56.54,Array|Math|Prime Factorization|Sieve Theory
1391,Check if There is a Valid Path in a Grid,https://leetcode.com/problems/check-if-there-is-a-valid-path-in-a-grid/,Medium,64.49,Array|Depth-First Search|Breadth-First Search|Union-Find|Matrix
1392,Longest Happy Prefix,https://leetcode.com/problems/longest-happy-prefix/,Hard,53.7,String|Rolling Hash|String Matching|Hash Function|Z Algorithm|Knuth–Morris–Pratt Algorithm
1393,Capital Gain/Loss,https://leetcode.com/problems/capital-gainloss/,Medium,84.44,Database
1394,Find Lucky Integer in an Array,https://leetcode.com/problems/find-lucky-integer-in-an-array/,Easy,75.6,Array|Hash Table|Counting
1395,Count Number of Teams,https://leetcode.com/problems/count-number-of-teams/,Medium,70.18,Array|Dynamic Programming|Binary Indexed Tree|Segment Tree
1396,Design Underground System,https://leetcode.com/problems/design-underground-system/,Medium,74.59,Hash Table|String|Design
1397,Find All Good Strings,https://leetcode.com/problems/find-all-good-strings/,Hard,45.89,String|Dynamic Programming|String Matching
1399,Count Largest Group,https://leetcode.com/problems/count-largest-group/,Easy,74.66,Hash Table|Math|Counting
1400,Construct K Palindrome Strings,https://leetcode.com/problems/construct-k-palindrome-strings/,Medium,68.51,Hash Table|String|Greedy|Counting
1401,Circle and Rectangle Overlapping,https://leetcode.com/problems/circle-and-rectangle-overlapping/,Medium,50.35,Math|Geometry
1402,Reducing Dishes,https://leetcode.com/problems/reducing-dishes/,Hard,76.8,Array|Dynamic Programming|Greedy|Sorting
1403,Minimum Subsequence in Non-Increasing Order,https://leetcode.com/problems/minimum-subsequence-in-non-increasing-order/,Easy,74.01,Array|Greedy|Sorting
1404,Number of Steps to Reduce a Number in Binary Representation to One,https://leetcode.com/problems/number-of-steps-to-reduce-a-number-in-binary-representation-to-one/,Medium,63.75,String|Bit Manipulation|Simulation
1405,Longest Happy String,https://leetcode.com/problems/longest-happy-string/,Medium,65.53,String|Greedy|Heap (Priority Queue)
1406,Stone Game III,https://leetcode.com/problems/stone-game-iii/,Hard,68.01,Array|Math|Dynamic Programming|Minimax|Game Theory|Zero-Sum Game
1407,Top Travellers,https://leetcode.com/problems/top-travellers/,Easy,57.6,Database
1408,String Matching in an Array,https://leetcode.com/problems/string-matching-in-an-array/,Easy,69.82,Array|String|String Matching
1409,Queries on a Permutation With Key,https://leetcode.com/problems/queries-on-a-permutation-with-key/,Medium,84.96,Array|Binary Indexed Tree|Simulation|Sqrt Decomposition
1410,HTML Entity Parser,https://leetcode.com/problems/html-entity-parser/,Medium,50.02,Hash Table|String
1411,Number of Ways to Paint N × 3 Grid,https://leetcode.com/problems/number-of-ways-to-paint-n-3-grid/,Hard,80.55,Dynamic Programming|Graph Coloring
1413,Minimum Value to Get Positive Step by Step Sum,https://leetcode.com/problems/minimum-value-to-get-positive-step-by-step-sum/,Easy,64.81,Array|Prefix Sum
1414,Find the Minimum Number of Fibonacci Numbers Whose Sum Is K,https://leetcode.com/problems/find-the-minimum-number-of-fibonacci-numbers-whose-sum-is-k/,Medium,64.71,Math|Greedy
1415,The k-th Lexicographical String of All Happy Strings of Length n,https://leetcode.com/problems/the-k-th-lexicographical-string-of-all-happy-strings-of-length-n/,Medium,87.07,String|Backtracking
1416,Restore The Array,https://leetcode.com/problems/restore-the-array/,Hard,46.74,String|Dynamic Programming
1417,Reformat The String,https://leetcode.com/problems/reformat-the-string/,Easy,52.18,String
1418,Display Table of Food Orders in a Restaurant,https://leetcode.com/problems/display-table-of-food-orders-in-a-restaurant/,Medium,76.45,Array|Hash Table|String|Sorting|Ordered Set
1419,Minimum Number of Frogs Croaking,https://leetcode.com/problems/minimum-number-of-frogs-croaking/,Medium,51.27,String|Counting
1420,Build Array Where You Can Find The Maximum Exactly K Comparisons,https://leetcode.com/problems/build-array-where-you-can-find-the-maximum-exactly-k-comparisons/,Hard,65.4,Dynamic Programming|Prefix Sum
1422,Maximum Score After Splitting a String,https://leetcode.com/problems/maximum-score-after-splitting-a-string/,Easy,65.06,String|Prefix Sum
1423,Maximum Points You Can Obtain from Cards,https://leetcode.com/problems/maximum-points-you-can-obtain-from-cards/,Medium,58.18,Array|Sliding Window|Prefix Sum
1424,Diagonal Traverse II,https://leetcode.com/problems/diagonal-traverse-ii/,Medium,58.34,Array|Sorting|Heap (Priority Queue)
1425,Constrained Subsequence Sum,https://leetcode.com/problems/constrained-subsequence-sum/,Hard,56.47,Array|Dynamic Programming|Queue|Sliding Window|Heap (Priority Queue)|Monotonic Queue
1431,Kids With the Greatest Number of Candies,https://leetcode.com/problems/kids-with-the-greatest-number-of-candies/,Easy,88.01,Array
1432,Max Difference You Can Get From Changing an Integer,https://leetcode.com/problems/max-difference-you-can-get-from-changing-an-integer/,Medium,48.63,Math|Greedy
1433,Check If a String Can Break Another String,https://leetcode.com/problems/check-if-a-string-can-break-another-string/,Medium,71.16,String|Greedy|Sorting
1434,Number of Ways to Wear Different Hats to Each Other,https://leetcode.com/problems/number-of-ways-to-wear-different-hats-to-each-other/,Hard,46.51,Array|Dynamic Programming|Bit Manipulation|Bitmask|Bipartite Graph|Matching (Graph)|Perfect Matching
1436,Destination City,https://leetcode.com/problems/destination-city/,Easy,79.54,Array|Hash Table|String
1437,Check If All 1's Are at Least Length K Places Away,https://leetcode.com/problems/check-if-all-1s-are-at-least-length-k-places-away/,Easy,64.29,Array
1438,Longest Continuous Subarray With Absolute Diff Less Than or Equal to Limit,https://leetcode.com/problems/longest-continuous-subarray-with-absolute-diff-less-than-or-equal-to-limit/,Medium,57.89,Array|Queue|Sliding Window|Heap (Priority Queue)|Ordered Set|Monotonic Queue
1439,Find the Kth Smallest Sum of a Matrix With Sorted Rows,https://leetcode.com/problems/find-the-kth-smallest-sum-of-a-matrix-with-sorted-rows/,Hard,62.43,Array|Binary Search|Heap (Priority Queue)|Matrix
1441,Build an Array With Stack Operations,https://leetcode.com/problems/build-an-array-with-stack-operations/,Medium,80.85,Array|Stack|Simulation
1442,Count Triplets That Can Form Two Arrays of Equal XOR,https://leetcode.com/problems/count-triplets-that-can-form-two-arrays-of-equal-xor/,Medium,84.8,Array|Hash Table|Math|Bit Manipulation|Prefix Sum
1443,Minimum Time to Collect All Apples in a Tree,https://leetcode.com/problems/minimum-time-to-collect-all-apples-in-a-tree/,Medium,63.82,Hash Table|Tree|Depth-First Search|Breadth-First Search|DP on Trees
1444,Number of Ways of Cutting a Pizza,https://leetcode.com/problems/number-of-ways-of-cutting-a-pizza/,Hard,61.6,Array|Dynamic Programming|Memoization|Matrix|Prefix Sum
1446,Consecutive Characters,https://leetcode.com/problems/consecutive-characters/,Easy,60.39,String
1447,Simplified Fractions,https://leetcode.com/problems/simplified-fractions/,Medium,70.05,Math|String|Number Theory|Euclidean Algorithm|Greatest Common Divisor
1448,Count Good Nodes in Binary Tree,https://leetcode.com/problems/count-good-nodes-in-binary-tree/,Medium,73.94,Tree|Depth-First Search|Breadth-First Search|Binary Tree
1449,Form Largest Integer With Digits That Add up to Target,https://leetcode.com/problems/form-largest-integer-with-digits-that-add-up-to-target/,Hard,49.9,Array|Dynamic Programming|Knapsack Problem|Complete Knapsack
1450,Number of Students Doing Homework at a Given Time,https://leetcode.com/problems/number-of-students-doing-homework-at-a-given-time/,Easy,76.09,Array
1451,Rearrange Words in a Sentence,https://leetcode.com/problems/rearrange-words-in-a-sentence/,Medium,67.26,String|Sorting
1452,People Whose List of Favorite Companies Is Not a Subset of Another List,https://leetcode.com/problems/people-whose-list-of-favorite-companies-is-not-a-subset-of-another-list/,Medium,60.75,Array|Hash Table|String
1453,Maximum Number of Darts Inside of a Circular Dartboard,https://leetcode.com/problems/maximum-number-of-darts-inside-of-a-circular-dartboard/,Hard,41.29,Array|Math|Geometry
1455,Check If a Word Occurs As a Prefix of Any Word in a Sentence,https://leetcode.com/problems/check-if-a-word-occurs-as-a-prefix-of-any-word-in-a-sentence/,Easy,68.8,Two Pointers|String|String Matching
1456,Maximum Number of Vowels in a Substring of Given Length,https://leetcode.com/problems/maximum-number-of-vowels-in-a-substring-of-given-length/,Medium,62.6,String|Sliding Window
1457,Pseudo-Palindromic Paths in a Binary Tree,https://leetcode.com/problems/pseudo-palindromic-paths-in-a-binary-tree/,Medium,68.39,Bit Manipulation|Tree|Depth-First Search|Breadth-First Search|Binary Tree
1458,Max Dot Product of Two Subsequences,https://leetcode.com/problems/max-dot-product-of-two-subsequences/,Hard,69.37,Array|Dynamic Programming|Longest Common Subsequence
1460,Make Two Arrays Equal by Reversing Subarrays,https://leetcode.com/problems/make-two-arrays-equal-by-reversing-subarrays/,Easy,75.82,Array|Hash Table|Sorting
1461,Check If a String Contains All Binary Codes of Size K,https://leetcode.com/problems/check-if-a-string-contains-all-binary-codes-of-size-k/,Medium,61.63,Hash Table|String|Bit Manipulation|Rolling Hash|Hash Function|Directed Acyclic Graph
1462,Course Schedule IV,https://leetcode.com/problems/course-schedule-iv/,Medium,60.13,Depth-First Search|Breadth-First Search|Graph Theory|Topological Sort
1463,Cherry Pickup II,https://leetcode.com/problems/cherry-pickup-ii/,Hard,72.58,Array|Dynamic Programming|Matrix
1464,Maximum Product of Two Elements in an Array,https://leetcode.com/problems/maximum-product-of-two-elements-in-an-array/,Easy,84.93,Array|Sorting|Heap (Priority Queue)
1465,Maximum Area of a Piece of Cake After Horizontal and Vertical Cuts,https://leetcode.com/problems/maximum-area-of-a-piece-of-cake-after-horizontal-and-vertical-cuts/,Medium,41.51,Array|Greedy|Sorting
1466,Reorder Routes to Make All Paths Lead to the City Zero,https://leetcode.com/problems/reorder-routes-to-make-all-paths-lead-to-the-city-zero/,Medium,66.05,Depth-First Search|Breadth-First Search|Graph Theory
1467,Probability of a Two Boxes Having The Same Number of Distinct Balls,https://leetcode.com/problems/probability-of-a-two-boxes-having-the-same-number-of-distinct-balls/,Hard,61.51,Array|Math|Dynamic Programming|Backtracking|Combinatorics|Probability and Statistics
1470,Shuffle the Array,https://leetcode.com/problems/shuffle-the-array/,Easy,88.7,Array
1471,The k Strongest Values in an Array,https://leetcode.com/problems/the-k-strongest-values-in-an-array/,Medium,62.83,Array|Two Pointers|Sorting
1472,Design Browser History,https://leetcode.com/problems/design-browser-history/,Medium,78.42,Array|Linked List|Stack|Design|Doubly-Linked List|Data Stream
1473,Paint House III,https://leetcode.com/problems/paint-house-iii/,Hard,61.26,Array|Dynamic Programming
1475,Final Prices With a Special Discount in a Shop,https://leetcode.com/problems/final-prices-with-a-special-discount-in-a-shop/,Easy,84.28,Array|Stack|Monotonic Stack
1476,Subrectangle Queries,https://leetcode.com/problems/subrectangle-queries/,Medium,86.44,Array|Design|Matrix
1477,Find Two Non-overlapping Sub-arrays Each With Target Sum,https://leetcode.com/problems/find-two-non-overlapping-sub-arrays-each-with-target-sum/,Medium,36.96,Array|Hash Table|Binary Search|Dynamic Programming|Sliding Window
1478,Allocate Mailboxes,https://leetcode.com/problems/allocate-mailboxes/,Hard,56.84,Array|Math|Dynamic Programming|Sorting
1480,Running Sum of 1d Array,https://leetcode.com/problems/running-sum-of-1d-array/,Easy,87.05,Array|Prefix Sum
1481,Least Number of Unique Integers after K Removals,https://leetcode.com/problems/least-number-of-unique-integers-after-k-removals/,Medium,63.91,Array|Hash Table|Greedy|Sorting|Counting
1482,Minimum Number of Days to Make m Bouquets,https://leetcode.com/problems/minimum-number-of-days-to-make-m-bouquets/,Medium,56.99,Array|Binary Search
1483,Kth Ancestor of a Tree Node,https://leetcode.com/problems/kth-ancestor-of-a-tree-node/,Hard,39.32,Binary Search|Dynamic Programming|Bit Manipulation|Tree|Depth-First Search|Breadth-First Search|Design|Binary Lifting
1484,Group Sold Products By The Date,https://leetcode.com/problems/group-sold-products-by-the-date/,Easy,78.14,Database
1486,XOR Operation in an Array,https://leetcode.com/problems/xor-operation-in-an-array/,Easy,87.79,Math|Bit Manipulation
1487,Making File Names Unique,https://leetcode.com/problems/making-file-names-unique/,Medium,38.84,Array|Hash Table|String
1488,Avoid Flood in The City,https://leetcode.com/problems/avoid-flood-in-the-city/,Medium,38.97,Array|Hash Table|Binary Search|Greedy|Heap (Priority Queue)
1489,Find Critical and Pseudo-Critical Edges in Minimum Spanning Tree,https://leetcode.com/problems/find-critical-and-pseudo-critical-edges-in-minimum-spanning-tree/,Hard,66.7,Union-Find|Graph Theory|Sorting|Minimum Spanning Tree|Strongly Connected Component|Prim's Algorithm|Kruskal's Algorithm|Borůvka's Algorithm
1491,Average Salary Excluding the Minimum and Maximum Salary,https://leetcode.com/problems/average-salary-excluding-the-minimum-and-maximum-salary/,Easy,63.55,Array|Sorting
1492,The kth Factor of n,https://leetcode.com/problems/the-kth-factor-of-n/,Medium,70.62,Math|Number Theory|Prime Factorization
1493,Longest Subarray of 1's After Deleting One Element,https://leetcode.com/problems/longest-subarray-of-1s-after-deleting-one-element/,Medium,71.43,Array|Dynamic Programming|Sliding Window
1494,Parallel Courses II,https://leetcode.com/problems/parallel-courses-ii/,Hard,31.25,Dynamic Programming|Bit Manipulation|Graph Theory|Bitmask|Directed Acyclic Graph
1496,Path Crossing,https://leetcode.com/problems/path-crossing/,Easy,62.65,Hash Table|String
1497,Check If Array Pairs Are Divisible by k,https://leetcode.com/problems/check-if-array-pairs-are-divisible-by-k/,Medium,46.2,Array|Hash Table|Counting
1498,Number of Subsequences That Satisfy the Given Sum Condition,https://leetcode.com/problems/number-of-subsequences-that-satisfy-the-given-sum-condition/,Medium,49.04,Array|Two Pointers|Binary Search|Sorting
1499,Max Value of Equation,https://leetcode.com/problems/max-value-of-equation/,Hard,45.16,Array|Queue|Sliding Window|Heap (Priority Queue)|Monotonic Queue
1502,Can Make Arithmetic Progression From Sequence,https://leetcode.com/problems/can-make-arithmetic-progression-from-sequence/,Easy,68.71,Array|Sorting
1503,Last Moment Before All Ants Fall Out of a Plank,https://leetcode.com/problems/last-moment-before-all-ants-fall-out-of-a-plank/,Medium,68.09,Array|Brainteaser|Simulation
1504,Count Submatrices With All Ones,https://leetcode.com/problems/count-submatrices-with-all-ones/,Medium,71.0,Array|Dynamic Programming|Stack|Matrix|Monotonic Stack
1505,Minimum Possible Integer After at Most K Adjacent Swaps On Digits,https://leetcode.com/problems/minimum-possible-integer-after-at-most-k-adjacent-swaps-on-digits/,Hard,41.72,String|Greedy|Binary Indexed Tree|Segment Tree
1507,Reformat Date,https://leetcode.com/problems/reformat-date/,Easy,68.78,String
1508,Range Sum of Sorted Subarray Sums,https://leetcode.com/problems/range-sum-of-sorted-subarray-sums/,Medium,63.01,Array|Two Pointers|Binary Search|Sorting|Prefix Sum
1509,Minimum Difference Between Largest and Smallest Value in Three Moves,https://leetcode.com/problems/minimum-difference-between-largest-and-smallest-value-in-three-moves/,Medium,59.2,Array|Greedy|Sorting
1510,Stone Game IV,https://leetcode.com/problems/stone-game-iv/,Hard,59.64,Math|Dynamic Programming|Minimax|Game Theory|Nim Game|Sprague–Grundy Theorem|Zero-Sum Game
1512,Number of Good Pairs,https://leetcode.com/problems/number-of-good-pairs/,Easy,89.9,Array|Hash Table|Math|Counting
1513,Number of Substrings With Only 1s,https://leetcode.com/problems/number-of-substrings-with-only-1s/,Medium,57.37,Math|String
1514,Path with Maximum Probability,https://leetcode.com/problems/path-with-maximum-probability/,Medium,65.69,Array|Graph Theory|Heap (Priority Queue)|Shortest Path|Dijkstra's Algorithm
1515,Best Position for a Service Centre,https://leetcode.com/problems/best-position-for-a-service-centre/,Hard,35.56,Array|Math|Geometry|Randomized
1517,Find Users With Valid E-Mails,https://leetcode.com/problems/find-users-with-valid-e-mails/,Easy,35.45,Database
1518,Water Bottles,https://leetcode.com/problems/water-bottles/,Easy,72.57,Math|Simulation
1519,Number of Nodes in the Sub-Tree With the Same Label,https://leetcode.com/problems/number-of-nodes-in-the-sub-tree-with-the-same-label/,Medium,55.58,Hash Table|Tree|Depth-First Search|Breadth-First Search|Counting|DP on Trees
1520,Maximum Number of Non-Overlapping Substrings,https://leetcode.com/problems/maximum-number-of-non-overlapping-substrings/,Hard,43.57,Hash Table|String|Greedy|Sorting
1521,Find a Value of a Mysterious Function Closest to Target,https://leetcode.com/problems/find-a-value-of-a-mysterious-function-closest-to-target/,Hard,47.62,Array|Binary Search|Bit Manipulation|Segment Tree|Sparse Table
1523,Count Odd Numbers in an Interval Range,https://leetcode.com/problems/count-odd-numbers-in-an-interval-range/,Easy,54.75,Math
1524,Number of Sub-arrays With Odd Sum,https://leetcode.com/problems/number-of-sub-arrays-with-odd-sum/,Medium,55.62,Array|Math|Dynamic Programming|Prefix Sum
1525,Number of Good Ways to Split a String,https://leetcode.com/problems/number-of-good-ways-to-split-a-string/,Medium,68.51,Hash Table|String|Dynamic Programming|Bit Manipulation|Prefix Sum
1526,Minimum Number of Increments on Subarrays to Form a Target Array,https://leetcode.com/problems/minimum-number-of-increments-on-subarrays-to-form-a-target-array/,Hard,78.21,Array|Dynamic Programming|Stack|Greedy|Monotonic Stack
1527,Patients With a Condition,https://leetcode.com/problems/patients-with-a-condition/,Easy,39.12,Database
1528,Shuffle String,https://leetcode.com/problems/shuffle-string/,Easy,85.47,Array|String
1529,Minimum Suffix Flips,https://leetcode.com/problems/minimum-suffix-flips/,Medium,73.95,String|Greedy
1530,Number of Good Leaf Nodes Pairs,https://leetcode.com/problems/number-of-good-leaf-nodes-pairs/,Medium,71.75,Tree|Depth-First Search|Binary Tree|DP on Trees
1531,String Compression II,https://leetcode.com/problems/string-compression-ii/,Hard,52.2,String|Dynamic Programming
1534,Count Good Triplets,https://leetcode.com/problems/count-good-triplets/,Easy,85.54,Array|Enumeration
1535,Find the Winner of an Array Game,https://leetcode.com/problems/find-the-winner-of-an-array-game/,Medium,56.86,Array|Simulation
1536,Minimum Swaps to Arrange a Binary Grid,https://leetcode.com/problems/minimum-swaps-to-arrange-a-binary-grid/,Medium,70.24,Array|Greedy|Matrix
1537,Get the Maximum Score,https://leetcode.com/problems/get-the-maximum-score/,Hard,41.34,Array|Two Pointers|Dynamic Programming|Greedy
1539,Kth Missing Positive Number,https://leetcode.com/problems/kth-missing-positive-number/,Easy,63.79,Array|Binary Search
1540,Can Convert String in K Moves,https://leetcode.com/problems/can-convert-string-in-k-moves/,Medium,37.89,Hash Table|String
1541,Minimum Insertions to Balance a Parentheses String,https://leetcode.com/problems/minimum-insertions-to-balance-a-parentheses-string/,Medium,53.65,String|Stack|Greedy|Bracket Sequences
1542,Find Longest Awesome Substring,https://leetcode.com/problems/find-longest-awesome-substring/,Hard,47.28,Hash Table|String|Bit Manipulation
1544,Make The String Great,https://leetcode.com/problems/make-the-string-great/,Easy,68.65,String|Stack
1545,Find Kth Bit in Nth Binary String,https://leetcode.com/problems/find-kth-bit-in-nth-binary-string/,Medium,73.72,String|Recursion|Simulation
1546,Maximum Number of Non-Overlapping Subarrays With Sum Equals Target,https://leetcode.com/problems/maximum-number-of-non-overlapping-subarrays-with-sum-equals-target/,Medium,49.17,Array|Hash Table|Greedy|Prefix Sum
1547,Minimum Cost to Cut a Stick,https://leetcode.com/problems/minimum-cost-to-cut-a-stick/,Hard,63.36,Array|Dynamic Programming|Sorting
1550,Three Consecutive Odds,https://leetcode.com/problems/three-consecutive-odds/,Easy,69.32,Array
1551,Minimum Operations to Make Array Equal,https://leetcode.com/problems/minimum-operations-to-make-array-equal/,Medium,82.71,Math
1552,Magnetic Force Between Two Balls,https://leetcode.com/problems/magnetic-force-between-two-balls/,Medium,72.49,Array|Binary Search|Sorting
1553,Minimum Number of Days to Eat N Oranges,https://leetcode.com/problems/minimum-number-of-days-to-eat-n-oranges/,Hard,36.36,Dynamic Programming|Memoization
1556,Thousand Separator,https://leetcode.com/problems/thousand-separator/,Easy,53.8,String
1557,Minimum Number of Vertices to Reach All Nodes,https://leetcode.com/problems/minimum-number-of-vertices-to-reach-all-nodes/,Medium,81.72,Graph Theory|Directed Acyclic Graph
1558,Minimum Numbers of Function Calls to Make Target Array,https://leetcode.com/problems/minimum-numbers-of-function-calls-to-make-target-array/,Medium,62.75,Array|Greedy|Bit Manipulation
1559,Detect Cycles in 2D Grid,https://leetcode.com/problems/detect-cycles-in-2d-grid/,Medium,63.49,Array|Depth-First Search|Breadth-First Search|Union-Find|Matrix
1560,Most Visited Sector in  a Circular Track,https://leetcode.com/problems/most-visited-sector-in-a-circular-track/,Easy,59.99,Array|Simulation
1561,Maximum Number of Coins You Can Get,https://leetcode.com/problems/maximum-number-of-coins-you-can-get/,Medium,84.84,Array|Math|Greedy|Sorting|Game Theory
1562,Find Latest Group of Size M,https://leetcode.com/problems/find-latest-group-of-size-m/,Medium,43.98,Array|Hash Table|Binary Search|Simulation
1563,Stone Game V,https://leetcode.com/problems/stone-game-v/,Hard,42.44,Array|Math|Dynamic Programming|Game Theory
1566,Detect Pattern of Length M Repeated K or More Times,https://leetcode.com/problems/detect-pattern-of-length-m-repeated-k-or-more-times/,Easy,44.11,Array|Enumeration
1567,Maximum Length of Subarray With Positive Product,https://leetcode.com/problems/maximum-length-of-subarray-with-positive-product/,Medium,44.76,Array|Dynamic Programming|Greedy
1568,Minimum Number of Days to Disconnect Island,https://leetcode.com/problems/minimum-number-of-days-to-disconnect-island/,Hard,58.67,Array|Depth-First Search|Breadth-First Search|Matrix|Strongly Connected Component|Articulation Point
1569,Number of Ways to Reorder Array to Get Same BST,https://leetcode.com/problems/number-of-ways-to-reorder-array-to-get-same-bst/,Hard,54.14,Array|Math|Divide and Conquer|Dynamic Programming|Tree|Union-Find|Binary Search Tree|Memoization|Combinatorics|Binary Tree|Fermat's Little Theorem
1572,Matrix Diagonal Sum,https://leetcode.com/problems/matrix-diagonal-sum/,Easy,84.53,Array|Matrix
1573,Number of Ways to Split a String,https://leetcode.com/problems/number-of-ways-to-split-a-string/,Medium,34.73,Math|String
1574,Shortest Subarray to be Removed to Make Array Sorted,https://leetcode.com/problems/shortest-subarray-to-be-removed-to-make-array-sorted/,Medium,51.27,Array|Two Pointers|Binary Search|Stack|Monotonic Stack
1575,Count All Possible Routes,https://leetcode.com/problems/count-all-possible-routes/,Hard,64.76,Array|Dynamic Programming|Memoization
1576,Replace All ?'s to Avoid Consecutive Repeating Characters,https://leetcode.com/problems/replace-all-s-to-avoid-consecutive-repeating-characters/,Easy,45.35,String
1577,Number of Ways Where Square of Number Is Equal to Product of Two Numbers,https://leetcode.com/problems/number-of-ways-where-square-of-number-is-equal-to-product-of-two-numbers/,Medium,43.79,Array|Hash Table|Math|Two Pointers
1578,Minimum Time to Make Rope Colorful,https://leetcode.com/problems/minimum-time-to-make-rope-colorful/,Medium,65.19,Array|String|Dynamic Programming|Greedy
1579,Remove Max Number of Edges to Keep Graph Fully Traversable,https://leetcode.com/problems/remove-max-number-of-edges-to-keep-graph-fully-traversable/,Hard,70.12,Union-Find|Graph Theory
1581,Customer Who Visited but Did Not Make Any Transactions,https://leetcode.com/problems/customer-who-visited-but-did-not-make-any-transactions/,Easy,68.19,Database
1582,Special Positions in a Binary Matrix,https://leetcode.com/problems/special-positions-in-a-binary-matrix/,Easy,72.73,Array|Matrix
1583,Count Unhappy Friends,https://leetcode.com/problems/count-unhappy-friends/,Medium,62.6,Array|Simulation
1584,Min Cost to Connect All Points,https://leetcode.com/problems/min-cost-to-connect-all-points/,Medium,71.48,Array|Union-Find|Graph Theory|Minimum Spanning Tree|Prim's Algorithm|Kruskal's Algorithm|Borůvka's Algorithm
1585,Check If String Is Transformable With Substring Sort Operations,https://leetcode.com/problems/check-if-string-is-transformable-with-substring-sort-operations/,Hard,51.6,String|Greedy|Sorting
1587,Bank Account Summary II,https://leetcode.com/problems/bank-account-summary-ii/,Easy,82.96,Database
1588,Sum of All Odd Length Subarrays,https://leetcode.com/problems/sum-of-all-odd-length-subarrays/,Easy,84.1,Array|Math|Prefix Sum
1589,Maximum Sum Obtained of Any Permutation,https://leetcode.com/problems/maximum-sum-obtained-of-any-permutation/,Medium,41.24,Array|Greedy|Sorting|Prefix Sum
1590,Make Sum Divisible by P,https://leetcode.com/problems/make-sum-divisible-by-p/,Medium,42.6,Array|Hash Table|Prefix Sum
1591,Strange Printer II,https://leetcode.com/problems/strange-printer-ii/,Hard,60.94,Array|Graph Theory|Topological Sort|Matrix|Directed Acyclic Graph
1592,Rearrange Spaces Between Words,https://leetcode.com/problems/rearrange-spaces-between-words/,Easy,44.32,String
1593,Split a String Into the Max Number of Unique Substrings,https://leetcode.com/problems/split-a-string-into-the-max-number-of-unique-substrings/,Medium,68.73,Hash Table|String|Backtracking
1594,Maximum Non Negative Product in a Matrix,https://leetcode.com/problems/maximum-non-negative-product-in-a-matrix/,Medium,51.66,Array|Dynamic Programming|Matrix
1595,Minimum Cost to Connect Two Groups of Points,https://leetcode.com/problems/minimum-cost-to-connect-two-groups-of-points/,Hard,50.45,Array|Dynamic Programming|Bit Manipulation|Matrix|Bitmask|Bipartite Graph|Successive Shortest Path Algorithm|Matching (Graph)|Minimum-Cost Flow|Flow Network
1598,Crawler Log Folder,https://leetcode.com/problems/crawler-log-folder/,Easy,71.7,Array|String|Stack
1599,Maximum Profit of Operating a Centennial Wheel,https://leetcode.com/problems/maximum-profit-of-operating-a-centennial-wheel/,Medium,44.64,Array|Simulation
1600,Throne Inheritance,https://leetcode.com/problems/throne-inheritance/,Medium,67.71,Hash Table|Tree|Depth-First Search|Design
1601,Maximum Number of Achievable Transfer Requests,https://leetcode.com/problems/maximum-number-of-achievable-transfer-requests/,Hard,64.73,Array|Backtracking|Bit Manipulation|Enumeration
1603,Design Parking System,https://leetcode.com/problems/design-parking-system/,Easy,87.18,Design|Simulation|Counting
1604,Alert Using Same Key-Card Three or More Times in a One Hour Period,https://leetcode.com/problems/alert-using-same-key-card-three-or-more-times-in-a-one-hour-period/,Medium,46.35,Array|Hash Table|String|Sorting
1605,Find Valid Matrix Given Row and Column Sums,https://leetcode.com/problems/find-valid-matrix-given-row-and-column-sums/,Medium,82.57,Array|Greedy|Matrix|Flow Network
1606,Find Servers That Handled Most Number of Requests,https://leetcode.com/problems/find-servers-that-handled-most-number-of-requests/,Hard,45.6,Array|Heap (Priority Queue)|Simulation|Ordered Set
1608,Special Array With X Elements Greater Than or Equal X,https://leetcode.com/problems/special-array-with-x-elements-greater-than-or-equal-x/,Easy,66.9,Array|Binary Search|Sorting
1609,Even Odd Tree,https://leetcode.com/problems/even-odd-tree/,Medium,67.25,Tree|Breadth-First Search|Binary Tree
1610,Maximum Number of Visible Points,https://leetcode.com/problems/maximum-number-of-visible-points/,Hard,38.36,Array|Math|Geometry|Sliding Window|Sorting
1611,Minimum One Bit Operations to Make Integers Zero,https://leetcode.com/problems/minimum-one-bit-operations-to-make-integers-zero/,Hard,78.19,Math|Dynamic Programming|Bit Manipulation|Recursion|Memoization
1614,Maximum Nesting Depth of the Parentheses,https://leetcode.com/problems/maximum-nesting-depth-of-the-parentheses/,Easy,85.03,String|Stack|Bracket Sequences
1615,Maximal Network Rank,https://leetcode.com/problems/maximal-network-rank/,Medium,66.06,Graph Theory
1616,Split Two Strings to Make Palindrome,https://leetcode.com/problems/split-two-strings-to-make-palindrome/,Medium,32.58,Two Pointers|String
1617,Count Subtrees With Max Distance Between Cities,https://leetcode.com/problems/count-subtrees-with-max-distance-between-cities/,Hard,67.42,Dynamic Programming|Bit Manipulation|Tree|Enumeration|Bitmask
1619,Mean of Array After Removing Some Elements,https://leetcode.com/problems/mean-of-array-after-removing-some-elements/,Easy,72.08,Array|Sorting
1620,Coordinate With Maximum Network Quality,https://leetcode.com/problems/coordinate-with-maximum-network-quality/,Medium,39.83,Array|Enumeration
1621,Number of Sets of K Non-Overlapping Line Segments,https://leetcode.com/problems/number-of-sets-of-k-non-overlapping-line-segments/,Medium,46.19,Math|Dynamic Programming|Combinatorics|Prefix Sum
1622,Fancy Sequence,https://leetcode.com/problems/fancy-sequence/,Hard,41.55,Math|Design|Segment Tree|Number Theory|Fermat's Little Theorem
1624,Largest Substring Between Two Equal Characters,https://leetcode.com/problems/largest-substring-between-two-equal-characters/,Easy,68.35,Hash Table|String
1625,Lexicographically Smallest String After Applying Operations,https://leetcode.com/problems/lexicographically-smallest-string-after-applying-operations/,Medium,79.26,String|Depth-First Search|Breadth-First Search|Enumeration
1626,Best Team With No Conflicts,https://leetcode.com/problems/best-team-with-no-conflicts/,Medium,50.8,Array|Dynamic Programming|Sorting|Longest Increasing Subsequence
1627,Graph Connectivity With Threshold,https://leetcode.com/problems/graph-connectivity-with-threshold/,Hard,49.79,Array|Math|Union-Find|Number Theory
1629,Slowest Key,https://leetcode.com/problems/slowest-key/,Easy,59.73,Array|String
1630,Arithmetic Subarrays,https://leetcode.com/problems/arithmetic-subarrays/,Medium,83.72,Array|Hash Table|Sorting
1631,Path With Minimum Effort,https://leetcode.com/problems/path-with-minimum-effort/,Medium,63.81,Array|Binary Search|Depth-First Search|Breadth-First Search|Union-Find|Heap (Priority Queue)|Matrix|Dijkstra's Algorithm
1632,Rank Transform of a Matrix,https://leetcode.com/problems/rank-transform-of-a-matrix/,Hard,42.49,Array|Union-Find|Graph Theory|Topological Sort|Sorting|Matrix
1633,Percentage of Users Attended a Contest,https://leetcode.com/problems/percentage-of-users-attended-a-contest/,Easy,60.85,Database
1636,Sort Array by Increasing Frequency,https://leetcode.com/problems/sort-array-by-increasing-frequency/,Easy,80.98,Array|Hash Table|Sorting
1637,Widest Vertical Area Between Two Points Containing No Points,https://leetcode.com/problems/widest-vertical-area-between-two-points-containing-no-points/,Easy,87.12,Array|Sorting
1638,Count Substrings That Differ by One Character,https://leetcode.com/problems/count-substrings-that-differ-by-one-character/,Medium,72.31,Hash Table|String|Dynamic Programming|Enumeration
1639,Number of Ways to Form a Target String Given a Dictionary,https://leetcode.com/problems/number-of-ways-to-form-a-target-string-given-a-dictionary/,Hard,56.35,Array|String|Dynamic Programming
1640,Check Array Formation Through Concatenation,https://leetcode.com/problems/check-array-formation-through-concatenation/,Easy,57.48,Array|Hash Table
1641,Count Sorted Vowel Strings,https://leetcode.com/problems/count-sorted-vowel-strings/,Medium,79.39,Math|Dynamic Programming|Combinatorics
1642,Furthest Building You Can Reach,https://leetcode.com/problems/furthest-building-you-can-reach/,Medium,51.07,Array|Greedy|Heap (Priority Queue)
1643,Kth Smallest Instructions,https://leetcode.com/problems/kth-smallest-instructions/,Hard,44.6,Array|Math|Dynamic Programming|Combinatorics
1646,Get Maximum in Generated Array,https://leetcode.com/problems/get-maximum-in-generated-array/,Easy,51.61,Array|Simulation
1647,Minimum Deletions to Make Character Frequencies Unique,https://leetcode.com/problems/minimum-deletions-to-make-character-frequencies-unique/,Medium,61.52,Hash Table|String|Greedy|Sorting
1648,Sell Diminishing-Valued Colored Balls,https://leetcode.com/problems/sell-diminishing-valued-colored-balls/,Medium,30.34,Array|Math|Binary Search|Greedy|Sorting|Heap (Priority Queue)
1649,Create Sorted Array through Instructions,https://leetcode.com/problems/create-sorted-array-through-instructions/,Hard,42.21,Array|Binary Search|Divide and Conquer|Binary Indexed Tree|Segment Tree|Merge Sort|Ordered Set
1652,Defuse the Bomb,https://leetcode.com/problems/defuse-the-bomb/,Easy,79.41,Array|Sliding Window
1653,Minimum Deletions to Make String Balanced,https://leetcode.com/problems/minimum-deletions-to-make-string-balanced/,Medium,68.16,String|Dynamic Programming|Stack
1654,Minimum Jumps to Reach Home,https://leetcode.com/problems/minimum-jumps-to-reach-home/,Medium,30.99,Array|Hash Table|Breadth-First Search
1655,Distribute Repeating Integers,https://leetcode.com/problems/distribute-repeating-integers/,Hard,40.99,Array|Hash Table|Dynamic Programming|Backtracking|Bit Manipulation|Counting|Bitmask
1656,Design an Ordered Stream,https://leetcode.com/problems/design-an-ordered-stream/,Easy,82.7,Array|Hash Table|Design|Data Stream
1657,Determine if Two Strings Are Close,https://leetcode.com/problems/determine-if-two-strings-are-close/,Medium,54.39,Hash Table|String|Sorting|Counting
1658,Minimum Operations to Reduce X to Zero,https://leetcode.com/problems/minimum-operations-to-reduce-x-to-zero/,Medium,40.77,Array|Hash Table|Binary Search|Sliding Window|Prefix Sum
1659,Maximize Grid Happiness,https://leetcode.com/problems/maximize-grid-happiness/,Hard,41.37,Dynamic Programming|Bit Manipulation|Memoization|Bitmask
1661,Average Time of Process per Machine,https://leetcode.com/problems/average-time-of-process-per-machine/,Easy,66.91,Database
1662,Check If Two String Arrays are Equivalent,https://leetcode.com/problems/check-if-two-string-arrays-are-equivalent/,Easy,86.16,Array|String
1663,Smallest String With A Given Numeric Value,https://leetcode.com/problems/smallest-string-with-a-given-numeric-value/,Medium,67.53,String|Greedy
1664,Ways to Make a Fair Array,https://leetcode.com/problems/ways-to-make-a-fair-array/,Medium,67.33,Array|Prefix Sum
1665,Minimum Initial Energy to Finish Tasks,https://leetcode.com/problems/minimum-initial-energy-to-finish-tasks/,Hard,76.49,Array|Greedy|Sorting
1667,Fix Names in a Table,https://leetcode.com/problems/fix-names-in-a-table/,Easy,60.62,Database
1668,Maximum Repeating Substring,https://leetcode.com/problems/maximum-repeating-substring/,Easy,42.11,String|Dynamic Programming|String Matching
1669,Merge In Between Linked Lists,https://leetcode.com/problems/merge-in-between-linked-lists/,Medium,83.11,Linked List
1670,Design Front Middle Back Queue,https://leetcode.com/problems/design-front-middle-back-queue/,Medium,58.37,Array|Linked List|Design|Queue|Doubly-Linked List|Data Stream
1671,Minimum Number of Removals to Make Mountain Array,https://leetcode.com/problems/minimum-number-of-removals-to-make-mountain-array/,Hard,54.78,Array|Binary Search|Dynamic Programming|Greedy
1672,Richest Customer Wealth,https://leetcode.com/problems/richest-customer-wealth/,Easy,88.8,Array|Matrix
1673,Find the Most Competitive Subsequence,https://leetcode.com/problems/find-the-most-competitive-subsequence/,Medium,53.37,Array|Stack|Greedy|Monotonic Stack
1674,Minimum Moves to Make Array Complementary,https://leetcode.com/problems/minimum-moves-to-make-array-complementary/,Medium,64.83,Array|Hash Table|Prefix Sum
1675,Minimize Deviation in Array,https://leetcode.com/problems/minimize-deviation-in-array/,Hard,54.01,Array|Greedy|Heap (Priority Queue)|Ordered Set
1678,Goal Parser Interpretation,https://leetcode.com/problems/goal-parser-interpretation/,Easy,88.15,String
1679,Max Number of K-Sum Pairs,https://leetcode.com/problems/max-number-of-k-sum-pairs/,Medium,57.27,Array|Hash Table|Two Pointers|Sorting
1680,Concatenation of Consecutive Binary Numbers,https://leetcode.com/problems/concatenation-of-consecutive-binary-numbers/,Medium,66.69,Math|Bit Manipulation|Simulation
1681,Minimum Incompatibility,https://leetcode.com/problems/minimum-incompatibility/,Hard,41.62,Array|Hash Table|Dynamic Programming|Bit Manipulation|Bitmask
1683,Invalid Tweets,https://leetcode.com/problems/invalid-tweets/,Easy,85.2,Database
1684,Count the Number of Consistent Strings,https://leetcode.com/problems/count-the-number-of-consistent-strings/,Easy,88.52,Array|Hash Table|String|Bit Manipulation|Counting
1685,Sum of Absolute Differences in a Sorted Array,https://leetcode.com/problems/sum-of-absolute-differences-in-a-sorted-array/,Medium,68.5,Array|Math|Prefix Sum
1686,Stone Game VI,https://leetcode.com/problems/stone-game-vi/,Medium,61.2,Array|Math|Greedy|Minimax|Sorting|Heap (Priority Queue)|Game Theory|Zero-Sum Game
1687,Delivering Boxes from Storage to Ports,https://leetcode.com/problems/delivering-boxes-from-storage-to-ports/,Hard,40.0,Array|Dynamic Programming|Segment Tree|Queue|Heap (Priority Queue)|Prefix Sum|Monotonic Queue
1688,Count of Matches in Tournament,https://leetcode.com/problems/count-of-matches-in-tournament/,Easy,86.53,Math|Simulation
1689,Partitioning Into Minimum Number Of Deci-Binary Numbers,https://leetcode.com/problems/partitioning-into-minimum-number-of-deci-binary-numbers/,Medium,90.47,String|Greedy
1690,Stone Game VII,https://leetcode.com/problems/stone-game-vii/,Medium,58.99,Array|Math|Dynamic Programming|Minimax|Game Theory|Zero-Sum Game
1691,Maximum Height by Stacking Cuboids ,https://leetcode.com/problems/maximum-height-by-stacking-cuboids/,Hard,62.41,Array|Dynamic Programming|Sorting
1693,Daily Leads and Partners,https://leetcode.com/problems/daily-leads-and-partners/,Easy,86.8,Database
1694,Reformat Phone Number,https://leetcode.com/problems/reformat-phone-number/,Easy,67.79,String
1695,Maximum Erasure Value,https://leetcode.com/problems/maximum-erasure-value/,Medium,64.4,Array|Hash Table|Sliding Window
1696,Jump Game VI,https://leetcode.com/problems/jump-game-vi/,Medium,46.55,Array|Dynamic Programming|Queue|Heap (Priority Queue)|Monotonic Queue
1697,Checking Existence of Edge Length Limited Paths,https://leetcode.com/problems/checking-existence-of-edge-length-limited-paths/,Hard,63.55,Array|Two Pointers|Union-Find|Graph Theory|Sorting
1700,Number of Students Unable to Eat Lunch,https://leetcode.com/problems/number-of-students-unable-to-eat-lunch/,Easy,79.91,Array|Stack|Queue|Simulation
1701,Average Waiting Time,https://leetcode.com/problems/average-waiting-time/,Medium,73.12,Array|Simulation
1702,Maximum Binary String After Change,https://leetcode.com/problems/maximum-binary-string-after-change/,Medium,47.81,String|Greedy
1703,Minimum Adjacent Swaps for K Consecutive Ones,https://leetcode.com/problems/minimum-adjacent-swaps-for-k-consecutive-ones/,Hard,42.48,Array|Greedy|Sliding Window|Prefix Sum
1704,Determine if String Halves Are Alike,https://leetcode.com/problems/determine-if-string-halves-are-alike/,Easy,78.83,String|Counting
1705,Maximum Number of Eaten Apples,https://leetcode.com/problems/maximum-number-of-eaten-apples/,Medium,43.91,Array|Greedy|Heap (Priority Queue)
1706,Where Will the Ball Fall,https://leetcode.com/problems/where-will-the-ball-fall/,Medium,72.34,Array|Matrix|Simulation
1707,Maximum XOR With an Element From Array,https://leetcode.com/problems/maximum-xor-with-an-element-from-array/,Hard,59.12,Array|Bit Manipulation|Trie
1710,Maximum Units on a Truck,https://leetcode.com/problems/maximum-units-on-a-truck/,Easy,75.13,Array|Greedy|Sorting
1711,Count Good Meals,https://leetcode.com/problems/count-good-meals/,Medium,33.05,Array|Hash Table
1712,Ways to Split Array Into Three Subarrays,https://leetcode.com/problems/ways-to-split-array-into-three-subarrays/,Medium,34.51,Array|Two Pointers|Binary Search|Prefix Sum
1713,Minimum Operations to Make a Subsequence,https://leetcode.com/problems/minimum-operations-to-make-a-subsequence/,Hard,49.92,Array|Hash Table|Binary Search|Greedy|Longest Increasing Subsequence
1716,Calculate Money in Leetcode Bank,https://leetcode.com/problems/calculate-money-in-leetcode-bank/,Easy,82.48,Math
1717,Maximum Score From Removing Substrings,https://leetcode.com/problems/maximum-score-from-removing-substrings/,Medium,66.4,String|Stack|Greedy
1718,Construct the Lexicographically Largest Valid Sequence,https://leetcode.com/problems/construct-the-lexicographically-largest-valid-sequence/,Medium,72.64,Array|Backtracking
1719,Number Of Ways To Reconstruct A Tree,https://leetcode.com/problems/number-of-ways-to-reconstruct-a-tree/,Hard,46.11,Array|Hash Table|Tree|Graph Theory|Simulation
1720,Decode XORed Array,https://leetcode.com/problems/decode-xored-array/,Easy,87.46,Array|Bit Manipulation
1721,Swapping Nodes in a Linked List,https://leetcode.com/problems/swapping-nodes-in-a-linked-list/,Medium,69.65,Linked List|Two Pointers
1722,Minimize Hamming Distance After Swap Operations,https://leetcode.com/problems/minimize-hamming-distance-after-swap-operations/,Medium,69.63,Array|Depth-First Search|Union-Find
1723,Find Minimum Time to Finish All Jobs,https://leetcode.com/problems/find-minimum-time-to-finish-all-jobs/,Hard,46.09,Array|Dynamic Programming|Backtracking|Bit Manipulation|Bitmask
1725,Number Of Rectangles That Can Form The Largest Square,https://leetcode.com/problems/number-of-rectangles-that-can-form-the-largest-square/,Easy,79.48,Array
1726,Tuple with Same Product,https://leetcode.com/problems/tuple-with-same-product/,Medium,70.06,Array|Hash Table|Counting
1727,Largest Submatrix With Rearrangements,https://leetcode.com/problems/largest-submatrix-with-rearrangements/,Medium,80.19,Array|Greedy|Sorting|Matrix
1728,Cat and Mouse II,https://leetcode.com/problems/cat-and-mouse-ii/,Hard,40.21,Array|Math|Dynamic Programming|Graph Theory|Topological Sort|Memoization|Minimax|Matrix|Game Theory|Zero-Sum Game
1729,Find Followers Count,https://leetcode.com/problems/find-followers-count/,Easy,69.62,Database
1731,The Number of Employees Which Report to Each Employee,https://leetcode.com/problems/the-number-of-employees-which-report-to-each-employee/,Easy,53.67,Database
1732,Find the Highest Altitude,https://leetcode.com/problems/find-the-highest-altitude/,Easy,84.64,Array|Prefix Sum
1733,Minimum Number of People to Teach,https://leetcode.com/problems/minimum-number-of-people-to-teach/,Medium,67.25,Array|Hash Table|Greedy
1734,Decode XORed Permutation,https://leetcode.com/problems/decode-xored-permutation/,Medium,67.17,Array|Bit Manipulation
1735,Count Ways to Make Array With Product,https://leetcode.com/problems/count-ways-to-make-array-with-product/,Hard,55.3,Array|Math|Dynamic Programming|Combinatorics|Number Theory|Prime Factorization|Fermat's Little Theorem
1736,Latest Time by Replacing Hidden Digits,https://leetcode.com/problems/latest-time-by-replacing-hidden-digits/,Easy,43.96,String|Greedy
1737,Change Minimum Characters to Satisfy One of Three Conditions,https://leetcode.com/problems/change-minimum-characters-to-satisfy-one-of-three-conditions/,Medium,38.19,Hash Table|String|Counting|Prefix Sum
1738,Find Kth Largest XOR Coordinate Value,https://leetcode.com/problems/find-kth-largest-xor-coordinate-value/,Medium,64.5,Array|Divide and Conquer|Bit Manipulation|Sorting|Heap (Priority Queue)|Matrix|Prefix Sum|Quickselect
1739,Building Boxes,https://leetcode.com/problems/building-boxes/,Hard,52.48,Math|Binary Search|Greedy
1741,Find Total Time Spent by Each Employee,https://leetcode.com/problems/find-total-time-spent-by-each-employee/,Easy,86.4,Database
1742,Maximum Number of Balls in a Box,https://leetcode.com/problems/maximum-number-of-balls-in-a-box/,Easy,74.95,Hash Table|Math|Counting
1743,Restore the Array From Adjacent Pairs,https://leetcode.com/problems/restore-the-array-from-adjacent-pairs/,Medium,75.11,Array|Hash Table|Depth-First Search
1744,Can You Eat Your Favorite Candy on Your Favorite Day?,https://leetcode.com/problems/can-you-eat-your-favorite-candy-on-your-favorite-day/,Medium,36.38,Array|Prefix Sum
1745,Palindrome Partitioning IV,https://leetcode.com/problems/palindrome-partitioning-iv/,Hard,45.52,String|Dynamic Programming
1748,Sum of Unique Elements,https://leetcode.com/problems/sum-of-unique-elements/,Easy,80.19,Array|Hash Table|Counting
1749,Maximum Absolute Sum of Any Subarray,https://leetcode.com/problems/maximum-absolute-sum-of-any-subarray/,Medium,70.78,Array|Dynamic Programming
1750,Minimum Length of String After Deleting Similar Ends,https://leetcode.com/problems/minimum-length-of-string-after-deleting-similar-ends/,Medium,56.16,Two Pointers|String
1751,Maximum Number of Events That Can Be Attended II,https://leetcode.com/problems/maximum-number-of-events-that-can-be-attended-ii/,Hard,63.4,Array|Binary Search|Dynamic Programming|Sorting
1752,Check if Array Is Sorted and Rotated,https://leetcode.com/problems/check-if-array-is-sorted-and-rotated/,Easy,57.58,Array
1753,Maximum Score From Removing Stones,https://leetcode.com/problems/maximum-score-from-removing-stones/,Medium,68.64,Math|Greedy|Heap (Priority Queue)
1754,Largest Merge Of Two Strings,https://leetcode.com/problems/largest-merge-of-two-strings/,Medium,54.42,Two Pointers|String|Greedy
1755,Closest Subsequence Sum,https://leetcode.com/problems/closest-subsequence-sum/,Hard,44.58,Array|Two Pointers|Dynamic Programming|Bit Manipulation|Meet in the Middle|Sorting|Bitmask
1757,Recyclable and Low Fat Products,https://leetcode.com/problems/recyclable-and-low-fat-products/,Easy,88.62,Database
1758,Minimum Changes To Make Alternating Binary String,https://leetcode.com/problems/minimum-changes-to-make-alternating-binary-string/,Easy,67.89,String
1759,Count Number of Homogenous Substrings,https://leetcode.com/problems/count-number-of-homogenous-substrings/,Medium,57.34,Math|String
1760,Minimum Limit of Balls in a Bag,https://leetcode.com/problems/minimum-limit-of-balls-in-a-bag/,Medium,66.02,Array|Binary Search
1761,Minimum Degree of a Connected Trio in a Graph,https://leetcode.com/problems/minimum-degree-of-a-connected-trio-in-a-graph/,Hard,44.68,Graph Theory|Enumeration
1763,Longest Nice Substring,https://leetcode.com/problems/longest-nice-substring/,Easy,64.6,Hash Table|String|Divide and Conquer|Bit Manipulation|Sliding Window
1764,Form Array by Concatenating Subarrays of Another Array,https://leetcode.com/problems/form-array-by-concatenating-subarrays-of-another-array/,Medium,54.91,Array|Two Pointers|Greedy|String Matching|Knuth–Morris–Pratt Algorithm
1765,Map of Highest Peak,https://leetcode.com/problems/map-of-highest-peak/,Medium,76.12,Array|Breadth-First Search|Matrix
1766,Tree of Coprimes,https://leetcode.com/problems/tree-of-coprimes/,Hard,44.63,Array|Math|Tree|Depth-First Search|Number Theory
1768,Merge Strings Alternately,https://leetcode.com/problems/merge-strings-alternately/,Easy,82.14,Two Pointers|String
1769,Minimum Number of Operations to Move All Balls to Each Box,https://leetcode.com/problems/minimum-number-of-operations-to-move-all-balls-to-each-box/,Medium,90.13,Array|String|Prefix Sum
1770,Maximum Score from Performing Multiplication Operations,https://leetcode.com/problems/maximum-score-from-performing-multiplication-operations/,Hard,43.54,Array|Dynamic Programming
1771,Maximize Palindrome Length From Subsequences,https://leetcode.com/problems/maximize-palindrome-length-from-subsequences/,Hard,38.66,String|Dynamic Programming
1773,Count Items Matching a Rule,https://leetcode.com/problems/count-items-matching-a-rule/,Easy,85.4,Array|String
1774,Closest Dessert Cost,https://leetcode.com/problems/closest-dessert-cost/,Medium,48.85,Array|Dynamic Programming|Backtracking|Knapsack Problem|Mixed Knapsack
1775,Equal Sum Arrays With Minimum Number of Operations,https://leetcode.com/problems/equal-sum-arrays-with-minimum-number-of-operations/,Medium,54.74,Array|Hash Table|Greedy|Counting
1776,Car Fleet II,https://leetcode.com/problems/car-fleet-ii/,Hard,58.22,Array|Math|Stack|Heap (Priority Queue)|Monotonic Stack
1779,Find Nearest Point That Has the Same X or Y Coordinate,https://leetcode.com/problems/find-nearest-point-that-has-the-same-x-or-y-coordinate/,Easy,70.06,Array
1780,Check if Number is a Sum of Powers of Three,https://leetcode.com/problems/check-if-number-is-a-sum-of-powers-of-three/,Medium,79.39,Math
1781,Sum of Beauty of All Substrings,https://leetcode.com/problems/sum-of-beauty-of-all-substrings/,Medium,74.59,Hash Table|String|Counting
1782,Count Pairs Of Nodes,https://leetcode.com/problems/count-pairs-of-nodes/,Hard,43.08,Array|Hash Table|Two Pointers|Binary Search|Graph Theory|Sorting|Counting
1784,Check if Binary String Has at Most One Segment of Ones,https://leetcode.com/problems/check-if-binary-string-has-at-most-one-segment-of-ones/,Easy,49.32,String
1785,Minimum Elements to Add to Form a Given Sum,https://leetcode.com/problems/minimum-elements-to-add-to-form-a-given-sum/,Medium,45.31,Array|Greedy
1786,Number of Restricted Paths From First to Last Node,https://leetcode.com/problems/number-of-restricted-paths-from-first-to-last-node/,Medium,41.64,Dynamic Programming|Graph Theory|Topological Sort|Heap (Priority Queue)|Shortest Path|Dijkstra's Algorithm
1787,Make the XOR of All Segments Equal to Zero,https://leetcode.com/problems/make-the-xor-of-all-segments-equal-to-zero/,Hard,40.86,Array|Hash Table|Dynamic Programming|Bit Manipulation|Counting
1789,Primary Department for Each Employee,https://leetcode.com/problems/primary-department-for-each-employee/,Easy,75.04,Database
1790,Check if One String Swap Can Make Strings Equal,https://leetcode.com/problems/check-if-one-string-swap-can-make-strings-equal/,Easy,49.54,Hash Table|String|Counting
1791,Find Center of Star Graph,https://leetcode.com/problems/find-center-of-star-graph/,Easy,86.6,Graph Theory
1792,Maximum Average Pass Ratio,https://leetcode.com/problems/maximum-average-pass-ratio/,Medium,74.08,Array|Greedy|Heap (Priority Queue)
1793,Maximum Score of a Good Subarray,https://leetcode.com/problems/maximum-score-of-a-good-subarray/,Hard,64.19,Array|Two Pointers|Binary Search|Stack|Monotonic Stack|Cartesian Tree
1795,Rearrange Products Table,https://leetcode.com/problems/rearrange-products-table/,Easy,85.51,Database
1796,Second Largest Digit in a String,https://leetcode.com/problems/second-largest-digit-in-a-string/,Easy,55.0,Hash Table|String
1797,Design Authentication Manager,https://leetcode.com/problems/design-authentication-manager/,Medium,58.66,Hash Table|Linked List|Design|Doubly-Linked List
1798,Maximum Number of Consecutive Values You Can Make,https://leetcode.com/problems/maximum-number-of-consecutive-values-you-can-make/,Medium,64.24,Array|Greedy|Sorting
1799,Maximize Score After N Operations,https://leetcode.com/problems/maximize-score-after-n-operations/,Hard,57.9,Array|Math|Dynamic Programming|Backtracking|Bit Manipulation|Number Theory|Bitmask
1800,Maximum Ascending Subarray Sum,https://leetcode.com/problems/maximum-ascending-subarray-sum/,Easy,66.28,Array
1801,Number of Orders in the Backlog,https://leetcode.com/problems/number-of-orders-in-the-backlog/,Medium,54.19,Array|Heap (Priority Queue)|Simulation
1802,Maximum Value at a Given Index in a Bounded Array,https://leetcode.com/problems/maximum-value-at-a-given-index-in-a-bounded-array/,Medium,38.84,Math|Binary Search|Greedy
1803,Count Pairs With XOR in a Range,https://leetcode.com/problems/count-pairs-with-xor-in-a-range/,Hard,46.53,Array|Bit Manipulation|Trie
1805,Number of Different Integers in a String,https://leetcode.com/problems/number-of-different-integers-in-a-string/,Easy,40.52,Hash Table|String
1806,Minimum Number of Operations to Reinitialize a Permutation,https://leetcode.com/problems/minimum-number-of-operations-to-reinitialize-a-permutation/,Medium,72.67,Array|Math|Simulation
1807,Evaluate the Bracket Pairs of a String,https://leetcode.com/problems/evaluate-the-bracket-pairs-of-a-string/,Medium,69.7,Array|Hash Table|String
1808,Maximize Number of Nice Divisors,https://leetcode.com/problems/maximize-number-of-nice-divisors/,Hard,36.79,Math|Recursion|Number Theory
1812,Determine Color of a Chessboard Square,https://leetcode.com/problems/determine-color-of-a-chessboard-square/,Easy,80.06,Math|String
1813,Sentence Similarity III,https://leetcode.com/problems/sentence-similarity-iii/,Medium,48.39,Array|Two Pointers|String
1814,Count Nice Pairs in an Array,https://leetcode.com/problems/count-nice-pairs-in-an-array/,Medium,48.43,Array|Hash Table|Math|Counting
1815,Maximum Number of Groups Getting Fresh Donuts,https://leetcode.com/problems/maximum-number-of-groups-getting-fresh-donuts/,Hard,41.5,Array|Dynamic Programming|Bit Manipulation|Memoization|Bitmask
1816,Truncate Sentence,https://leetcode.com/problems/truncate-sentence/,Easy,87.02,Array|String
1817,Finding the Users Active Minutes,https://leetcode.com/problems/finding-the-users-active-minutes/,Medium,80.94,Array|Hash Table
1818,Minimum Absolute Sum Difference,https://leetcode.com/problems/minimum-absolute-sum-difference/,Medium,32.71,Array|Binary Search|Sorting|Ordered Set
1819,Number of Different Subsequences GCDs,https://leetcode.com/problems/number-of-different-subsequences-gcds/,Hard,46.68,Array|Math|Counting|Number Theory|Euclidean Algorithm|Greatest Common Divisor
1822,Sign of the Product of an Array,https://leetcode.com/problems/sign-of-the-product-of-an-array/,Easy,64.71,Array|Math
1823,Find the Winner of the Circular Game,https://leetcode.com/problems/find-the-winner-of-the-circular-game/,Medium,82.32,Array|Math|Recursion|Queue|Simulation
1824,Minimum Sideway Jumps,https://leetcode.com/problems/minimum-sideway-jumps/,Medium,51.88,Array|Dynamic Programming|Greedy
1825,Finding MK Average,https://leetcode.com/problems/finding-mk-average/,Hard,38.88,Design|Queue|Heap (Priority Queue)|Data Stream|Ordered Set|Treap
1827,Minimum Operations to Make the Array Increasing,https://leetcode.com/problems/minimum-operations-to-make-the-array-increasing/,Easy,82.27,Array|Greedy
1828,Queries on Number of Points Inside a Circle,https://leetcode.com/problems/queries-on-number-of-points-inside-a-circle/,Medium,86.85,Array|Math|Geometry
1829,Maximum XOR for Each Query,https://leetcode.com/problems/maximum-xor-for-each-query/,Medium,84.61,Array|Bit Manipulation|Prefix Sum
1830,Minimum Number of Operations to Make String Sorted,https://leetcode.com/problems/minimum-number-of-operations-to-make-string-sorted/,Hard,50.4,Hash Table|Math|String|Combinatorics|Counting|Fermat's Little Theorem
1832,Check if the Sentence Is Pangram,https://leetcode.com/problems/check-if-the-sentence-is-pangram/,Easy,84.3,Hash Table|String
1833,Maximum Ice Cream Bars,https://leetcode.com/problems/maximum-ice-cream-bars/,Medium,77.24,Array|Greedy|Sorting|Counting Sort
1834,Single-Threaded CPU,https://leetcode.com/problems/single-threaded-cpu/,Medium,47.94,Array|Sorting|Heap (Priority Queue)
1835,Find XOR Sum of All Pairs Bitwise AND,https://leetcode.com/problems/find-xor-sum-of-all-pairs-bitwise-and/,Hard,62.74,Array|Math|Bit Manipulation
1837,Sum of Digits in Base K,https://leetcode.com/problems/sum-of-digits-in-base-k/,Easy,79.08,Math
1838,Frequency of the Most Frequent Element,https://leetcode.com/problems/frequency-of-the-most-frequent-element/,Medium,45.09,Array|Binary Search|Greedy|Sliding Window|Sorting|Prefix Sum
1839,Longest Substring Of All Vowels in Order,https://leetcode.com/problems/longest-substring-of-all-vowels-in-order/,Medium,52.17,String|Sliding Window
1840,Maximum Building Height,https://leetcode.com/problems/maximum-building-height/,Hard,66.99,Array|Math|Sorting
1844,Replace All Digits with Characters,https://leetcode.com/problems/replace-all-digits-with-characters/,Easy,82.88,String
1845,Seat Reservation Manager,https://leetcode.com/problems/seat-reservation-manager/,Medium,67.35,Design|Heap (Priority Queue)
1846,Maximum Element After Decreasing and Rearranging,https://leetcode.com/problems/maximum-element-after-decreasing-and-rearranging/,Medium,69.16,Array|Greedy|Sorting
1847,Closest Room,https://leetcode.com/problems/closest-room/,Hard,41.74,Array|Binary Search|Sorting|Ordered Set
1848,Minimum Distance to the Target Element,https://leetcode.com/problems/minimum-distance-to-the-target-element/,Easy,64.35,Array
1849,Splitting a String Into Descending Consecutive Values,https://leetcode.com/problems/splitting-a-string-into-descending-consecutive-values/,Medium,37.7,String|Backtracking|Enumeration
1850,Minimum Adjacent Swaps to Reach the Kth Smallest Number,https://leetcode.com/problems/minimum-adjacent-swaps-to-reach-the-kth-smallest-number/,Medium,71.77,Two Pointers|String|Greedy
1851,Minimum Interval to Include Each Query,https://leetcode.com/problems/minimum-interval-to-include-each-query/,Hard,54.86,Array|Binary Search|Sweep Line|Sorting|Heap (Priority Queue)
1854,Maximum Population Year,https://leetcode.com/problems/maximum-population-year/,Easy,64.47,Array|Counting|Prefix Sum
1855,Maximum Distance Between a Pair of Values,https://leetcode.com/problems/maximum-distance-between-a-pair-of-values/,Medium,61.24,Array|Two Pointers|Binary Search
1856,Maximum Subarray Min-Product,https://leetcode.com/problems/maximum-subarray-min-product/,Medium,40.72,Array|Stack|Monotonic Stack|Prefix Sum|Cartesian Tree
1857,Largest Color Value in a Directed Graph,https://leetcode.com/problems/largest-color-value-in-a-directed-graph/,Hard,57.19,Hash Table|String|Dynamic Programming|Graph Theory|Topological Sort|Memoization|Counting|Directed Acyclic Graph
1859,Sorting the Sentence,https://leetcode.com/problems/sorting-the-sentence/,Easy,84.17,String|Sorting|Bubble Sort
1860,Incremental Memory Leak,https://leetcode.com/problems/incremental-memory-leak/,Medium,72.8,Math|Simulation
1861,Rotating the Box,https://leetcode.com/problems/rotating-the-box/,Medium,82.46,Array|Two Pointers|Matrix
1862,Sum of Floored Pairs,https://leetcode.com/problems/sum-of-floored-pairs/,Hard,31.31,Array|Math|Binary Search|Counting|Enumeration|Prefix Sum
1863,Sum of All Subset XOR Totals,https://leetcode.com/problems/sum-of-all-subset-xor-totals/,Easy,90.11,Array|Math|Backtracking|Bit Manipulation|Combinatorics|Enumeration
1864,Minimum Number of Swaps to Make the Binary String Alternating,https://leetcode.com/problems/minimum-number-of-swaps-to-make-the-binary-string-alternating/,Medium,44.02,String|Greedy
1865,Finding Pairs With a Certain Sum,https://leetcode.com/problems/finding-pairs-with-a-certain-sum/,Medium,61.54,Array|Hash Table|Design
1866,Number of Ways to Rearrange Sticks With K Sticks Visible,https://leetcode.com/problems/number-of-ways-to-rearrange-sticks-with-k-sticks-visible/,Hard,62.24,Math|Dynamic Programming|Combinatorics
1869,Longer Contiguous Segments of Ones than Zeros,https://leetcode.com/problems/longer-contiguous-segments-of-ones-than-zeros/,Easy,62.65,String
1870,Minimum Speed to Arrive on Time,https://leetcode.com/problems/minimum-speed-to-arrive-on-time/,Medium,48.06,Array|Binary Search
1871,Jump Game VII,https://leetcode.com/problems/jump-game-vii/,Medium,35.63,String|Dynamic Programming|Sliding Window|Prefix Sum
1872,Stone Game VIII,https://leetcode.com/problems/stone-game-viii/,Hard,54.22,Array|Math|Dynamic Programming|Minimax|Prefix Sum|Game Theory|Zero-Sum Game
1873,Calculate Special Bonus,https://leetcode.com/problems/calculate-special-bonus/,Easy,57.11,Database
1876,Substrings of Size Three with Distinct Characters,https://leetcode.com/problems/substrings-of-size-three-with-distinct-characters/,Easy,76.98,Hash Table|String|Sliding Window|Counting
1877,Minimize Maximum Pair Sum in Array,https://leetcode.com/problems/minimize-maximum-pair-sum-in-array/,Medium,83.26,Array|Two Pointers|Greedy|Sorting
1878,Get Biggest Three Rhombus Sums in a Grid,https://leetcode.com/problems/get-biggest-three-rhombus-sums-in-a-grid/,Medium,71.33,Array|Math|Sorting|Heap (Priority Queue)|Matrix|Prefix Sum
1879,Minimum XOR Sum of Two Arrays,https://leetcode.com/problems/minimum-xor-sum-of-two-arrays/,Hard,51.75,Array|Dynamic Programming|Bit Manipulation|Bitmask|Hungarian Algorithm|Bipartite Graph|Successive Shortest Path Algorithm
1880,Check if Word Equals Summation of Two Words,https://leetcode.com/problems/check-if-word-equals-summation-of-two-words/,Easy,75.35,String
1881,Maximum Value after Insertion,https://leetcode.com/problems/maximum-value-after-insertion/,Medium,39.56,String|Greedy
1882,Process Tasks Using Servers,https://leetcode.com/problems/process-tasks-using-servers/,Medium,42.05,Array|Heap (Priority Queue)
1883,Minimum Skips to Arrive at Meeting On Time,https://leetcode.com/problems/minimum-skips-to-arrive-at-meeting-on-time/,Hard,38.91,Array|Dynamic Programming
1884,Egg Drop With 2 Eggs and N Floors,https://leetcode.com/problems/egg-drop-with-2-eggs-and-n-floors/,Medium,74.68,Math|Dynamic Programming
1886,Determine Whether Matrix Can Be Obtained By Rotation,https://leetcode.com/problems/determine-whether-matrix-can-be-obtained-by-rotation/,Easy,68.43,Array|Matrix
1887,Reduction Operations to Make the Array Elements Equal,https://leetcode.com/problems/reduction-operations-to-make-the-array-elements-equal/,Medium,72.62,Array|Sorting
1888,Minimum Number of Flips to Make the Binary String Alternating,https://leetcode.com/problems/minimum-number-of-flips-to-make-the-binary-string-alternating/,Medium,53.69,String|Dynamic Programming|Sliding Window
1889,Minimum Space Wasted From Packaging,https://leetcode.com/problems/minimum-space-wasted-from-packaging/,Hard,33.69,Array|Binary Search|Sorting|Prefix Sum
1890,The Latest Login in 2020,https://leetcode.com/problems/the-latest-login-in-2020/,Easy,77.03,Database
1893,Check if All the Integers in a Range Are Covered,https://leetcode.com/problems/check-if-all-the-integers-in-a-range-are-covered/,Easy,51.24,Array|Hash Table|Prefix Sum
1894,Find the Student that Will Replace the Chalk,https://leetcode.com/problems/find-the-student-that-will-replace-the-chalk/,Medium,53.18,Array|Binary Search|Simulation|Prefix Sum
1895,Largest Magic Square,https://leetcode.com/problems/largest-magic-square/,Medium,75.19,Array|Matrix|Prefix Sum
1896,Minimum Cost to Change the Final Value of Expression,https://leetcode.com/problems/minimum-cost-to-change-the-final-value-of-expression/,Hard,49.83,Math|String|Dynamic Programming|Stack
1897,Redistribute Characters to Make All Strings Equal,https://leetcode.com/problems/redistribute-characters-to-make-all-strings-equal/,Easy,66.88,Hash Table|String|Counting
1898,Maximum Number of Removable Characters,https://leetcode.com/problems/maximum-number-of-removable-characters/,Medium,47.6,Array|Two Pointers|String|Binary Search
1899,Merge Triplets to Form Target Triplet,https://leetcode.com/problems/merge-triplets-to-form-target-triplet/,Medium,69.3,Array|Greedy
1900,The Earliest and Latest Rounds Where Players Compete,https://leetcode.com/problems/the-earliest-and-latest-rounds-where-players-compete/,Hard,72.07,Dynamic Programming|Memoization
1901,Find a Peak Element II,https://leetcode.com/problems/find-a-peak-element-ii/,Medium,55.46,Array|Binary Search|Matrix
1903,Largest Odd Number in String,https://leetcode.com/problems/largest-odd-number-in-string/,Easy,67.91,Math|String|Greedy
1904,The Number of Full Rounds You Have Played,https://leetcode.com/problems/the-number-of-full-rounds-you-have-played/,Medium,43.44,Math|String
1905,Count Sub Islands,https://leetcode.com/problems/count-sub-islands/,Medium,73.07,Array|Depth-First Search|Breadth-First Search|Union-Find|Matrix
1906,Minimum Absolute Difference Queries,https://leetcode.com/problems/minimum-absolute-difference-queries/,Medium,45.96,Array|Prefix Sum
1907,Count Salary Categories,https://leetcode.com/problems/count-salary-categories/,Medium,65.03,Database
1909,Remove One Element to Make the Array Strictly Increasing,https://leetcode.com/problems/remove-one-element-to-make-the-array-strictly-increasing/,Easy,30.53,Array
1910,Remove All Occurrences of a Substring,https://leetcode.com/problems/remove-all-occurrences-of-a-substring/,Medium,78.63,String|Stack|Simulation
1911,Maximum Alternating Subsequence Sum,https://leetcode.com/problems/maximum-alternating-subsequence-sum/,Medium,59.24,Array|Dynamic Programming
1912,Design Movie Rental System,https://leetcode.com/problems/design-movie-rental-system/,Hard,62.16,Array|Hash Table|Design|Heap (Priority Queue)|Ordered Set
1913,Maximum Product Difference Between Two Pairs,https://leetcode.com/problems/maximum-product-difference-between-two-pairs/,Easy,83.09,Array|Sorting|Quicksort
1914,Cyclically Rotating a Grid,https://leetcode.com/problems/cyclically-rotating-a-grid/,Medium,74.02,Array|Matrix|Simulation
1915,Number of Wonderful Substrings,https://leetcode.com/problems/number-of-wonderful-substrings/,Medium,66.57,Hash Table|String|Bit Manipulation|Prefix Sum
1916,Count Ways to Build Rooms in an Ant Colony,https://leetcode.com/problems/count-ways-to-build-rooms-in-an-ant-colony/,Hard,51.83,Array|Math|Dynamic Programming|Tree|Depth-First Search|Graph Theory|Topological Sort|Combinatorics|DP on Trees|Fermat's Little Theorem
1920,Build Array from Permutation,https://leetcode.com/problems/build-array-from-permutation/,Easy,91.09,Array|Simulation
1921,Eliminate Maximum Number of Monsters,https://leetcode.com/problems/eliminate-maximum-number-of-monsters/,Medium,51.22,Array|Greedy|Sorting
1922,Count Good Numbers,https://leetcode.com/problems/count-good-numbers/,Medium,57.95,Math|Recursion
1923,Longest Common Subpath,https://leetcode.com/problems/longest-common-subpath/,Hard,30.13,Array|Binary Search|Rolling Hash|Suffix Array|Hash Function|Suffix Automaton|Suffix Tree
1925,Count Square Sum Triples,https://leetcode.com/problems/count-square-sum-triples/,Easy,77.16,Math|Enumeration
1926,Nearest Exit from Entrance in Maze,https://leetcode.com/problems/nearest-exit-from-entrance-in-maze/,Medium,48.97,Array|Breadth-First Search|Matrix
1927,Sum Game,https://leetcode.com/problems/sum-game/,Medium,49.49,Math|String|Greedy|Game Theory
1928,Minimum Cost to Reach Destination in Time,https://leetcode.com/problems/minimum-cost-to-reach-destination-in-time/,Hard,42.14,Array|Dynamic Programming|Graph Theory|Dijkstra's Algorithm
1929,Concatenation of Array,https://leetcode.com/problems/concatenation-of-array/,Easy,90.09,Array|Simulation
1930,Unique Length-3 Palindromic Subsequences,https://leetcode.com/problems/unique-length-3-palindromic-subsequences/,Medium,73.76,Hash Table|String|Bit Manipulation|Prefix Sum
1931,Painting a Grid With Three Different Colors,https://leetcode.com/problems/painting-a-grid-with-three-different-colors/,Hard,76.93,Dynamic Programming|Graph Coloring
1932,Merge BSTs to Create Single BST,https://leetcode.com/problems/merge-bsts-to-create-single-bst/,Hard,39.53,Array|Hash Table|Tree|Depth-First Search|Binary Search Tree|Binary Tree
1934,Confirmation Rate,https://leetcode.com/problems/confirmation-rate/,Medium,62.46,Database
1935,Maximum Number of Words You Can Type,https://leetcode.com/problems/maximum-number-of-words-you-can-type/,Easy,82.93,Hash Table|String
1936,Add Minimum Number of Rungs,https://leetcode.com/problems/add-minimum-number-of-rungs/,Medium,44.1,Array|Greedy
1937,Maximum Number of Points with Cost,https://leetcode.com/problems/maximum-number-of-points-with-cost/,Medium,41.62,Array|Dynamic Programming|Matrix
1938,Maximum Genetic Difference Query,https://leetcode.com/problems/maximum-genetic-difference-query/,Hard,47.77,Array|Hash Table|Bit Manipulation|Depth-First Search|Trie
1941,Check if All Characters Have Equal Number of Occurrences,https://leetcode.com/problems/check-if-all-characters-have-equal-number-of-occurrences/,Easy,79.62,Hash Table|String|Counting
1942,The Number of the Smallest Unoccupied Chair,https://leetcode.com/problems/the-number-of-the-smallest-unoccupied-chair/,Medium,60.31,Array|Hash Table|Heap (Priority Queue)
1943,Describe the Painting,https://leetcode.com/problems/describe-the-painting/,Medium,52.85,Array|Hash Table|Sorting|Prefix Sum
1944,Number of Visible People in a Queue,https://leetcode.com/problems/number-of-visible-people-in-a-queue/,Hard,73.39,Array|Stack|Monotonic Stack
1945,Sum of Digits of String After Convert,https://leetcode.com/problems/sum-of-digits-of-string-after-convert/,Easy,74.81,String|Simulation
1946,Largest Number After Mutating Substring,https://leetcode.com/problems/largest-number-after-mutating-substring/,Medium,38.28,Array|String|Greedy
1947,Maximum Compatibility Score Sum,https://leetcode.com/problems/maximum-compatibility-score-sum/,Medium,64.78,Array|Dynamic Programming|Backtracking|Bit Manipulation|Bitmask|Hungarian Algorithm|Bipartite Graph|Successive Shortest Path Algorithm|Matching (Graph)|Perfect Matching|Minimum-Cost Flow|Flow Network
1948,Delete Duplicate Folders in System,https://leetcode.com/problems/delete-duplicate-folders-in-system/,Hard,77.24,Array|Hash Table|String|Depth-First Search|Trie|Sorting|Hash Function
1952,Three Divisors,https://leetcode.com/problems/three-divisors/,Easy,64.63,Math|Enumeration|Number Theory|Prime Factorization|Sieve Theory
1953,Maximum Number of Weeks for Which You Can Work,https://leetcode.com/problems/maximum-number-of-weeks-for-which-you-can-work/,Medium,42.61,Array|Greedy
1954,Minimum Garden Perimeter to Collect Enough Apples,https://leetcode.com/problems/minimum-garden-perimeter-to-collect-enough-apples/,Medium,55.63,Math|Binary Search
1955,Count Number of Special Subsequences,https://leetcode.com/problems/count-number-of-special-subsequences/,Hard,53.06,Array|Dynamic Programming
1957,Delete Characters to Make Fancy String,https://leetcode.com/problems/delete-characters-to-make-fancy-string/,Easy,73.99,String
1958,Check if Move is Legal,https://leetcode.com/problems/check-if-move-is-legal/,Medium,50.04,Array|Matrix|Enumeration
1959,Minimum Total Space Wasted With K Resizing Operations,https://leetcode.com/problems/minimum-total-space-wasted-with-k-resizing-operations/,Medium,44.13,Array|Dynamic Programming|Prefix Sum
1960,Maximum Product of the Length of Two Palindromic Substrings,https://leetcode.com/problems/maximum-product-of-the-length-of-two-palindromic-substrings/,Hard,31.52,Two Pointers|String|Rolling Hash|Hash Function|Manacher|Palindromic Tree
1961,Check If String Is a Prefix of Array,https://leetcode.com/problems/check-if-string-is-a-prefix-of-array/,Easy,52.89,Array|Two Pointers|String
1962,Remove Stones to Minimize the Total,https://leetcode.com/problems/remove-stones-to-minimize-the-total/,Medium,66.02,Array|Greedy|Heap (Priority Queue)
1963,Minimum Number of Swaps to Make the String Balanced,https://leetcode.com/problems/minimum-number-of-swaps-to-make-the-string-balanced/,Medium,78.03,Two Pointers|String|Stack|Greedy|Bracket Sequences
1964,Find the Longest Valid Obstacle Course at Each Position,https://leetcode.com/problems/find-the-longest-valid-obstacle-course-at-each-position/,Hard,62.51,Array|Binary Search|Binary Indexed Tree|Longest Increasing Subsequence
1965,Employees With Missing Information,https://leetcode.com/problems/employees-with-missing-information/,Easy,73.41,Database
1967,Number of Strings That Appear as Substrings in Word,https://leetcode.com/problems/number-of-strings-that-appear-as-substrings-in-word/,Easy,86.18,Array|String
1968,Array With Elements Not Equal to Average of Neighbors,https://leetcode.com/problems/array-with-elements-not-equal-to-average-of-neighbors/,Medium,50.85,Array|Greedy|Sorting
1969,Minimum Non-Zero Product of the Array Elements,https://leetcode.com/problems/minimum-non-zero-product-of-the-array-elements/,Medium,37.6,Math|Greedy|Recursion
1970,Last Day Where You Can Still Cross,https://leetcode.com/problems/last-day-where-you-can-still-cross/,Hard,68.74,Array|Binary Search|Depth-First Search|Breadth-First Search|Union-Find|Matrix
1971,Find if Path Exists in Graph,https://leetcode.com/problems/find-if-path-exists-in-graph/,Easy,55.66,Depth-First Search|Breadth-First Search|Union-Find|Graph Theory
1974,Minimum Time to Type Word Using Special Typewriter,https://leetcode.com/problems/minimum-time-to-type-word-using-special-typewriter/,Easy,78.86,String|Greedy
1975,Maximum Matrix Sum,https://leetcode.com/problems/maximum-matrix-sum/,Medium,67.51,Array|Greedy|Matrix
1976,Number of Ways to Arrive at Destination,https://leetcode.com/problems/number-of-ways-to-arrive-at-destination/,Medium,37.69,Dynamic Programming|Graph Theory|Topological Sort|Shortest Path|Dijkstra's Algorithm
1977,Number of Ways to Separate Numbers,https://leetcode.com/problems/number-of-ways-to-separate-numbers/,Hard,21.72,String|Dynamic Programming|Prefix Sum
1978,Employees Whose Manager Left the Company,https://leetcode.com/problems/employees-whose-manager-left-the-company/,Easy,48.86,Database
1979,Find Greatest Common Divisor of Array,https://leetcode.com/problems/find-greatest-common-divisor-of-array/,Easy,83.46,Array|Math|Number Theory|Euclidean Algorithm|Greatest Common Divisor
1980,Find Unique Binary String,https://leetcode.com/problems/find-unique-binary-string/,Medium,81.22,Array|Hash Table|String|Backtracking
1981,Minimize the Difference Between Target and Chosen Elements,https://leetcode.com/problems/minimize-the-difference-between-target-and-chosen-elements/,Medium,37.14,Array|Dynamic Programming|Matrix
1982,Find Array Given Subset Sums,https://leetcode.com/problems/find-array-given-subset-sums/,Hard,49.56,Array|Hash Table|Sorting|Counting
1984,Minimum Difference Between Highest and Lowest of K Scores,https://leetcode.com/problems/minimum-difference-between-highest-and-lowest-of-k-scores/,Easy,66.35,Array|Sliding Window|Sorting
1985,Find the Kth Largest Integer in the Array,https://leetcode.com/problems/find-the-kth-largest-integer-in-the-array/,Medium,48.2,Array|String|Divide and Conquer|Sorting|Heap (Priority Queue)|Quickselect
1986,Minimum Number of Work Sessions to Finish the Tasks,https://leetcode.com/problems/minimum-number-of-work-sessions-to-finish-the-tasks/,Medium,35.18,Array|Dynamic Programming|Backtracking|Bit Manipulation|Bitmask
1987,Number of Unique Good Subsequences,https://leetcode.com/problems/number-of-unique-good-subsequences/,Hard,52.51,String|Dynamic Programming
1991,Find the Middle Index in Array,https://leetcode.com/problems/find-the-middle-index-in-array/,Easy,70.23,Array|Prefix Sum
1992,Find All Groups of Farmland,https://leetcode.com/problems/find-all-groups-of-farmland/,Medium,75.47,Array|Depth-First Search|Breadth-First Search|Matrix
1993,Operations on Tree,https://leetcode.com/problems/operations-on-tree/,Medium,45.71,Array|Hash Table|Tree|Depth-First Search|Breadth-First Search|Design
1994,The Number of Good Subsets,https://leetcode.com/problems/the-number-of-good-subsets/,Hard,37.67,Array|Hash Table|Math|Dynamic Programming|Bit Manipulation|Counting|Number Theory|Bitmask|Sieve Theory
1995,Count Special Quadruplets,https://leetcode.com/problems/count-special-quadruplets/,Easy,64.86,Array|Hash Table|Enumeration
1996,The Number of Weak Characters in the Game,https://leetcode.com/problems/the-number-of-weak-characters-in-the-game/,Medium,44.63,Array|Stack|Greedy|Sorting|Monotonic Stack
1997,First Day Where You Have Been in All the Rooms,https://leetcode.com/problems/first-day-where-you-have-been-in-all-the-rooms/,Medium,40.38,Array|Dynamic Programming
1998,GCD Sort of an Array,https://leetcode.com/problems/gcd-sort-of-an-array/,Hard,50.6,Array|Math|Union-Find|Sorting|Number Theory|Prime Factorization|Euclidean Algorithm|Greatest Common Divisor
2000,Reverse Prefix of Word,https://leetcode.com/problems/reverse-prefix-of-word/,Easy,86.5,Two Pointers|String|Stack
2001,Number of Pairs of Interchangeable Rectangles,https://leetcode.com/problems/number-of-pairs-of-interchangeable-rectangles/,Medium,52.92,Array|Hash Table|Math|Counting|Number Theory
2002,Maximum Product of the Length of Two Palindromic Subsequences,https://leetcode.com/problems/maximum-product-of-the-length-of-two-palindromic-subsequences/,Medium,62.64,String|Dynamic Programming|Backtracking|Bit Manipulation|Bitmask
2003,Smallest Missing Genetic Value in Each Subtree,https://leetcode.com/problems/smallest-missing-genetic-value-in-each-subtree/,Hard,48.21,Array|Dynamic Programming|Tree|Depth-First Search|Union-Find
2006,Count Number of Pairs With Absolute Difference K,https://leetcode.com/problems/count-number-of-pairs-with-absolute-difference-k/,Easy,85.42,Array|Hash Table|Counting
2007,Find Original Array From Doubled Array,https://leetcode.com/problems/find-original-array-from-doubled-array/,Medium,40.89,Array|Hash Table|Greedy|Sorting
2008,Maximum Earnings From Taxi,https://leetcode.com/problems/maximum-earnings-from-taxi/,Medium,46.69,Array|Hash Table|Binary Search|Dynamic Programming|Sorting
2009,Minimum Number of Operations to Make Array Continuous,https://leetcode.com/problems/minimum-number-of-operations-to-make-array-continuous/,Hard,51.77,Array|Hash Table|Binary Search|Sliding Window
2011,Final Value of Variable After Performing Operations,https://leetcode.com/problems/final-value-of-variable-after-performing-operations/,Easy,90.6,Array|String|Simulation
2012,Sum of Beauty in the Array,https://leetcode.com/problems/sum-of-beauty-in-the-array/,Medium,51.86,Array
2013,Detect Squares,https://leetcode.com/problems/detect-squares/,Medium,52.85,Array|Hash Table|Design|Counting|Data Stream
2014,Longest Subsequence Repeated k Times,https://leetcode.com/problems/longest-subsequence-repeated-k-times/,Hard,70.93,Hash Table|Two Pointers|String|Backtracking|Counting|Enumeration
2016,Maximum Difference Between Increasing Elements,https://leetcode.com/problems/maximum-difference-between-increasing-elements/,Easy,66.65,Array
2017,Grid Game,https://leetcode.com/problems/grid-game/,Medium,60.87,Array|Matrix|Prefix Sum
2018,Check if Word Can Be Placed In Crossword,https://leetcode.com/problems/check-if-word-can-be-placed-in-crossword/,Medium,50.83,Array|Matrix|Enumeration
2019,The Score of Students Solving Math Expression,https://leetcode.com/problems/the-score-of-students-solving-math-expression/,Hard,34.41,Array|Hash Table|Math|String|Dynamic Programming|Stack|Memoization
2022,Convert 1D Array Into 2D Array,https://leetcode.com/problems/convert-1d-array-into-2d-array/,Easy,72.4,Array|Matrix|Simulation
2023,Number of Pairs of Strings With Concatenation Equal to Target,https://leetcode.com/problems/number-of-pairs-of-strings-with-concatenation-equal-to-target/,Medium,75.45,Array|Hash Table|String|Counting
2024,Maximize the Confusion of an Exam,https://leetcode.com/problems/maximize-the-confusion-of-an-exam/,Medium,70.37,String|Binary Search|Sliding Window|Prefix Sum
2025,Maximum Number of Ways to Partition an Array,https://leetcode.com/problems/maximum-number-of-ways-to-partition-an-array/,Hard,35.93,Array|Hash Table|Counting|Enumeration|Prefix Sum
2027,Minimum Moves to Convert String,https://leetcode.com/problems/minimum-moves-to-convert-string/,Easy,58.22,String|Greedy
2028,Find Missing Observations,https://leetcode.com/problems/find-missing-observations/,Medium,57.37,Array|Math|Simulation
2029,Stone Game IX,https://leetcode.com/problems/stone-game-ix/,Medium,30.62,Array|Math|Greedy|Minimax|Counting|Game Theory|Nim Game|Zero-Sum Game
2030,Smallest K-Length Subsequence With Occurrences of a Letter,https://leetcode.com/problems/smallest-k-length-subsequence-with-occurrences-of-a-letter/,Hard,39.88,String|Stack|Greedy|Monotonic Stack
2032,Two Out of Three,https://leetcode.com/problems/two-out-of-three/,Easy,77.67,Array|Hash Table|Bit Manipulation
2033,Minimum Operations to Make a Uni-Value Grid,https://leetcode.com/problems/minimum-operations-to-make-a-uni-value-grid/,Medium,70.76,Array|Math|Sorting|Matrix
2034,Stock Price Fluctuation ,https://leetcode.com/problems/stock-price-fluctuation/,Medium,49.23,Hash Table|Design|Heap (Priority Queue)|Data Stream|Ordered Set
2035,Partition Array Into Two Arrays to Minimize Sum Difference,https://leetcode.com/problems/partition-array-into-two-arrays-to-minimize-sum-difference/,Hard,24.23,Array|Two Pointers|Binary Search|Dynamic Programming|Bit Manipulation|Meet in the Middle|Sorting|Ordered Set|Bitmask
2037,Minimum Number of Moves to Seat Everyone,https://leetcode.com/problems/minimum-number-of-moves-to-seat-everyone/,Easy,87.11,Array|Greedy|Sorting|Counting Sort
2038,Remove Colored Pieces if Both Neighbors are the Same Color,https://leetcode.com/problems/remove-colored-pieces-if-both-neighbors-are-the-same-color/,Medium,63.13,Math|String|Greedy|Game Theory
2039,The Time When the Network Becomes Idle,https://leetcode.com/problems/the-time-when-the-network-becomes-idle/,Medium,56.0,Array|Breadth-First Search|Graph Theory
2040,Kth Smallest Product of Two Sorted Arrays,https://leetcode.com/problems/kth-smallest-product-of-two-sorted-arrays/,Hard,48.71,Array|Binary Search
2042,Check if Numbers Are Ascending in a Sentence,https://leetcode.com/problems/check-if-numbers-are-ascending-in-a-sentence/,Easy,73.5,String
2043,Simple Bank System,https://leetcode.com/problems/simple-bank-system/,Medium,69.6,Array|Hash Table|Design|Simulation
2044,Count Number of Maximum Bitwise-OR Subsets,https://leetcode.com/problems/count-number-of-maximum-bitwise-or-subsets/,Medium,89.47,Array|Backtracking|Bit Manipulation|Enumeration
2045,Second Minimum Time to Reach Destination,https://leetcode.com/problems/second-minimum-time-to-reach-destination/,Hard,62.33,Breadth-First Search|Graph Theory|Shortest Path|Dijkstra's Algorithm|K Shortest Path
2047,Number of Valid Words in a Sentence,https://leetcode.com/problems/number-of-valid-words-in-a-sentence/,Easy,31.34,String
2048,Next Greater Numerically Balanced Number,https://leetcode.com/problems/next-greater-numerically-balanced-number/,Medium,63.06,Hash Table|Math|Backtracking|Counting|Enumeration
2049,Count Nodes With the Highest Score,https://leetcode.com/problems/count-nodes-with-the-highest-score/,Medium,52.76,Array|Tree|Depth-First Search|Binary Tree|DP on Trees
2050,Parallel Courses III,https://leetcode.com/problems/parallel-courses-iii/,Hard,66.8,Array|Dynamic Programming|Graph Theory|Topological Sort|Directed Acyclic Graph
2053,Kth Distinct String in an Array,https://leetcode.com/problems/kth-distinct-string-in-an-array/,Easy,82.17,Array|Hash Table|String|Counting
2054,Two Best Non-Overlapping Events,https://leetcode.com/problems/two-best-non-overlapping-events/,Medium,63.96,Array|Binary Search|Dynamic Programming|Sorting|Heap (Priority Queue)
2055,Plates Between Candles,https://leetcode.com/problems/plates-between-candles/,Medium,47.67,Array|String|Binary Search|Prefix Sum
2056,Number of Valid Move Combinations On Chessboard,https://leetcode.com/problems/number-of-valid-move-combinations-on-chessboard/,Hard,48.27,Array|String|Backtracking|Simulation
2057,Smallest Index With Equal Value,https://leetcode.com/problems/smallest-index-with-equal-value/,Easy,73.78,Array
2058,Find the Minimum and Maximum Number of Nodes Between Critical Points,https://leetcode.com/problems/find-the-minimum-and-maximum-number-of-nodes-between-critical-points/,Medium,69.44,Linked List
2059,Minimum Operations to Convert Number,https://leetcode.com/problems/minimum-operations-to-convert-number/,Medium,52.15,Array|Breadth-First Search
2060,Check if an Original String Exists Given Two Encoded Strings,https://leetcode.com/problems/check-if-an-original-string-exists-given-two-encoded-strings/,Hard,43.38,String|Dynamic Programming
2062,Count Vowel Substrings of a String,https://leetcode.com/problems/count-vowel-substrings-of-a-string/,Easy,73.36,Hash Table|String
2063,Vowels of All Substrings,https://leetcode.com/problems/vowels-of-all-substrings/,Medium,55.66,Math|String|Dynamic Programming|Combinatorics
2064,Minimized Maximum of Products Distributed to Any Store,https://leetcode.com/problems/minimized-maximum-of-products-distributed-to-any-store/,Medium,63.2,Array|Binary Search|Greedy
2065,Maximum Path Quality of a Graph,https://leetcode.com/problems/maximum-path-quality-of-a-graph/,Hard,62.7,Array|Backtracking|Graph Theory
2068,Check Whether Two Strings are Almost Equivalent,https://leetcode.com/problems/check-whether-two-strings-are-almost-equivalent/,Easy,64.36,Hash Table|String|Counting
2069,Walking Robot Simulation II,https://leetcode.com/problems/walking-robot-simulation-ii/,Medium,43.14,Design|Simulation
2070,Most Beautiful Item for Each Query,https://leetcode.com/problems/most-beautiful-item-for-each-query/,Medium,62.04,Array|Binary Search|Sorting
2071,Maximum Number of Tasks You Can Assign,https://leetcode.com/problems/maximum-number-of-tasks-you-can-assign/,Hard,49.96,Array|Two Pointers|Binary Search|Greedy|Queue|Sorting|Monotonic Queue
2073,Time Needed to Buy Tickets,https://leetcode.com/problems/time-needed-to-buy-tickets/,Easy,73.1,Array|Queue|Simulation
2074,Reverse Nodes in Even Length Groups,https://leetcode.com/problems/reverse-nodes-in-even-length-groups/,Medium,64.83,Linked List
2075,Decode the Slanted Ciphertext,https://leetcode.com/problems/decode-the-slanted-ciphertext/,Medium,67.61,String|Simulation
2076,Process Restricted Friend Requests,https://leetcode.com/problems/process-restricted-friend-requests/,Hard,61.34,Union-Find|Graph Theory
2078,Two Furthest Houses With Different Colors,https://leetcode.com/problems/two-furthest-houses-with-different-colors/,Easy,71.71,Array|Greedy
2079,Watering Plants,https://leetcode.com/problems/watering-plants/,Medium,80.02,Array|Simulation
2080,Range Frequency Queries,https://leetcode.com/problems/range-frequency-queries/,Medium,43.89,Array|Hash Table|Binary Search|Design|Segment Tree
2081,Sum of k-Mirror Numbers,https://leetcode.com/problems/sum-of-k-mirror-numbers/,Hard,63.55,Math|Enumeration
2085,Count Common Words With One Occurrence,https://leetcode.com/problems/count-common-words-with-one-occurrence/,Easy,73.65,Array|Hash Table|String|Counting
2086,Minimum Number of Food Buckets to Feed the Hamsters,https://leetcode.com/problems/minimum-number-of-food-buckets-to-feed-the-hamsters/,Medium,48.39,String|Dynamic Programming|Greedy
2087,Minimum Cost Homecoming of a Robot in a Grid,https://leetcode.com/problems/minimum-cost-homecoming-of-a-robot-in-a-grid/,Medium,51.83,Array|Greedy
2088,Count Fertile Pyramids in a Land,https://leetcode.com/problems/count-fertile-pyramids-in-a-land/,Hard,66.51,Array|Dynamic Programming|Matrix
2089,Find Target Indices After Sorting Array,https://leetcode.com/problems/find-target-indices-after-sorting-array/,Easy,78.26,Array|Binary Search|Sorting
2090,K Radius Subarray Averages,https://leetcode.com/problems/k-radius-subarray-averages/,Medium,46.39,Array|Sliding Window
2091,Removing Minimum and Maximum From Array,https://leetcode.com/problems/removing-minimum-and-maximum-from-array/,Medium,56.69,Array|Greedy
2092,Find All People With Secret,https://leetcode.com/problems/find-all-people-with-secret/,Hard,48.38,Depth-First Search|Breadth-First Search|Union-Find|Graph Theory|Sorting
2094,Finding 3-Digit Even Numbers,https://leetcode.com/problems/finding-3-digit-even-numbers/,Easy,78.62,Array|Hash Table|Recursion|Sorting|Enumeration
2095,Delete the Middle Node of a Linked List,https://leetcode.com/problems/delete-the-middle-node-of-a-linked-list/,Medium,60.92,Linked List|Two Pointers
2096,Step-By-Step Directions From a Binary Tree Node to Another,https://leetcode.com/problems/step-by-step-directions-from-a-binary-tree-node-to-another/,Medium,56.46,String|Tree|Depth-First Search|Binary Tree|Binary Lifting|Lowest Common Ancestor
2097,Valid Arrangement of Pairs,https://leetcode.com/problems/valid-arrangement-of-pairs/,Hard,66.71,Array|Depth-First Search|Graph Theory|Eulerian Circuit|Eulerian Path|Semi-Eulerian Graph
2099,Find Subsequence of Length K With the Largest Sum,https://leetcode.com/problems/find-subsequence-of-length-k-with-the-largest-sum/,Easy,57.28,Array|Hash Table|Sorting|Heap (Priority Queue)
2100,Find Good Days to Rob the Bank,https://leetcode.com/problems/find-good-days-to-rob-the-bank/,Medium,51.92,Array|Dynamic Programming|Prefix Sum
2101,Detonate the Maximum Bombs,https://leetcode.com/problems/detonate-the-maximum-bombs/,Medium,50.32,Array|Math|Depth-First Search|Breadth-First Search|Graph Theory|Geometry
2102,Sequentially Ordinal Rank Tracker,https://leetcode.com/problems/sequentially-ordinal-rank-tracker/,Hard,61.32,Design|Heap (Priority Queue)|Data Stream|Ordered Set
2103,Rings and Rods,https://leetcode.com/problems/rings-and-rods/,Easy,81.54,Hash Table|String
2104,Sum of Subarray Ranges,https://leetcode.com/problems/sum-of-subarray-ranges/,Medium,61.71,Array|Stack|Monotonic Stack
2105,Watering Plants II,https://leetcode.com/problems/watering-plants-ii/,Medium,48.93,Array|Two Pointers|Simulation
2106,Maximum Fruits Harvested After at Most K Steps,https://leetcode.com/problems/maximum-fruits-harvested-after-at-most-k-steps/,Hard,60.97,Array|Binary Search|Sliding Window|Prefix Sum
2108,Find First Palindromic String in the Array,https://leetcode.com/problems/find-first-palindromic-string-in-the-array/,Easy,84.03,Array|Two Pointers|String
2109,Adding Spaces to a String,https://leetcode.com/problems/adding-spaces-to-a-string/,Medium,71.84,Array|Two Pointers|String|Simulation
2110,Number of Smooth Descent Periods of a Stock,https://leetcode.com/problems/number-of-smooth-descent-periods-of-a-stock/,Medium,67.67,Array|Math|Two Pointers|Dynamic Programming|Sliding Window
2111,Minimum Operations to Make the Array K-Increasing,https://leetcode.com/problems/minimum-operations-to-make-the-array-k-increasing/,Hard,40.81,Array|Binary Search|Longest Increasing Subsequence
2114,Maximum Number of Words Found in Sentences,https://leetcode.com/problems/maximum-number-of-words-found-in-sentences/,Easy,86.73,Array|String
2115,Find All Possible Recipes from Given Supplies,https://leetcode.com/problems/find-all-possible-recipes-from-given-supplies/,Medium,57.06,Array|Hash Table|String|Graph Theory|Topological Sort|Directed Acyclic Graph
2116,Check if a Parentheses String Can Be Valid,https://leetcode.com/problems/check-if-a-parentheses-string-can-be-valid/,Medium,45.23,String|Stack|Greedy|Bracket Sequences
2117,Abbreviating the Product of a Range,https://leetcode.com/problems/abbreviating-the-product-of-a-range/,Hard,24.59,Math|Number Theory
2119,A Number After a Double Reversal,https://leetcode.com/problems/a-number-after-a-double-reversal/,Easy,82.65,Math
2120,Execution of All Suffix Instructions Staying in a Grid,https://leetcode.com/problems/execution-of-all-suffix-instructions-staying-in-a-grid/,Medium,82.08,String|Simulation
2121,Intervals Between Identical Elements,https://leetcode.com/problems/intervals-between-identical-elements/,Medium,48.17,Array|Hash Table|Prefix Sum
2122,Recover the Original Array,https://leetcode.com/problems/recover-the-original-array/,Hard,41.83,Array|Hash Table|Two Pointers|Sorting|Enumeration
2124,Check if All A's Appears Before All B's,https://leetcode.com/problems/check-if-all-as-appears-before-all-bs/,Easy,73.33,String
2125,Number of Laser Beams in a Bank,https://leetcode.com/problems/number-of-laser-beams-in-a-bank/,Medium,86.97,Array|Math|String|Matrix
2126,Destroying Asteroids,https://leetcode.com/problems/destroying-asteroids/,Medium,59.81,Array|Greedy|Sorting
2127,Maximum Employees to Be Invited to a Meeting,https://leetcode.com/problems/maximum-employees-to-be-invited-to-a-meeting/,Hard,61.76,Array|Dynamic Programming|Depth-First Search|Graph Theory|Topological Sort|Kosaraju's Algorithm|Tarjan's SCC Algorithm
2129,Capitalize the Title,https://leetcode.com/problems/capitalize-the-title/,Easy,68.36,String
2130,Maximum Twin Sum of a Linked List,https://leetcode.com/problems/maximum-twin-sum-of-a-linked-list/,Medium,83.26,Linked List|Two Pointers|Stack
2131,Longest Palindrome by Concatenating Two Letter Words,https://leetcode.com/problems/longest-palindrome-by-concatenating-two-letter-words/,Medium,53.46,Array|Hash Table|String|Greedy|Counting
2132,Stamping the Grid,https://leetcode.com/problems/stamping-the-grid/,Hard,35.6,Array|Greedy|Matrix|Prefix Sum
2133,Check if Every Row and Column Contains All Numbers,https://leetcode.com/problems/check-if-every-row-and-column-contains-all-numbers/,Easy,54.26,Array|Hash Table|Matrix
2134,Minimum Swaps to Group All 1's Together II,https://leetcode.com/problems/minimum-swaps-to-group-all-1s-together-ii/,Medium,65.71,Array|Sliding Window
2135,Count Words Obtained After Adding a Letter,https://leetcode.com/problems/count-words-obtained-after-adding-a-letter/,Medium,44.17,Array|Hash Table|String|Bit Manipulation|Sorting
2136,Earliest Possible Day of Full Bloom,https://leetcode.com/problems/earliest-possible-day-of-full-bloom/,Hard,71.09,Array|Greedy|Sorting
2138,Divide a String Into Groups of Size k,https://leetcode.com/problems/divide-a-string-into-groups-of-size-k/,Easy,76.9,String|Simulation
2139,Minimum Moves to Reach Target Score,https://leetcode.com/problems/minimum-moves-to-reach-target-score/,Medium,52.57,Math|Greedy
2140,Solving Questions With Brainpower,https://leetcode.com/problems/solving-questions-with-brainpower/,Medium,60.2,Array|Dynamic Programming
2141,Maximum Running Time of N Computers,https://leetcode.com/problems/maximum-running-time-of-n-computers/,Hard,56.38,Array|Binary Search|Greedy|Sorting
2144,Minimum Cost of Buying Candies With Discount,https://leetcode.com/problems/minimum-cost-of-buying-candies-with-discount/,Easy,71.61,Array|Greedy|Sorting
2145,Count the Hidden Sequences,https://leetcode.com/problems/count-the-hidden-sequences/,Medium,56.69,Array|Prefix Sum
2146,K Highest Ranked Items Within a Price Range,https://leetcode.com/problems/k-highest-ranked-items-within-a-price-range/,Medium,47.06,Array|Breadth-First Search|Sorting|Heap (Priority Queue)|Matrix
2147,Number of Ways to Divide a Long Corridor,https://leetcode.com/problems/number-of-ways-to-divide-a-long-corridor/,Hard,54.53,Math|String|Dynamic Programming
2148,Count Elements With Strictly Smaller and Greater Elements ,https://leetcode.com/problems/count-elements-with-strictly-smaller-and-greater-elements/,Easy,60.14,Array|Sorting|Counting
2149,Rearrange Array Elements by Sign,https://leetcode.com/problems/rearrange-array-elements-by-sign/,Medium,84.81,Array|Two Pointers|Simulation
2150,Find All Lonely Numbers in the Array,https://leetcode.com/problems/find-all-lonely-numbers-in-the-array/,Medium,63.73,Array|Hash Table|Counting
2151,Maximum Good People Based on Statements,https://leetcode.com/problems/maximum-good-people-based-on-statements/,Hard,52.72,Array|Backtracking|Bit Manipulation|Enumeration
2154,Keep Multiplying Found Values by Two,https://leetcode.com/problems/keep-multiplying-found-values-by-two/,Easy,74.97,Array|Hash Table|Sorting|Simulation
2155,All Divisions With the Highest Score of a Binary Array,https://leetcode.com/problems/all-divisions-with-the-highest-score-of-a-binary-array/,Medium,65.7,Array
2156,Find Substring With Given Hash Value,https://leetcode.com/problems/find-substring-with-given-hash-value/,Hard,26.74,String|Sliding Window|Rolling Hash|Hash Function
2157,Groups of Strings,https://leetcode.com/problems/groups-of-strings/,Hard,28.12,Array|Hash Table|String|Bit Manipulation|Union-Find
2160,Minimum Sum of Four Digit Number After Splitting Digits,https://leetcode.com/problems/minimum-sum-of-four-digit-number-after-splitting-digits/,Easy,86.33,Math|Greedy|Sorting
2161,Partition Array According to Given Pivot,https://leetcode.com/problems/partition-array-according-to-given-pivot/,Medium,90.75,Array|Two Pointers|Simulation
2162,Minimum Cost to Set Cooking Time,https://leetcode.com/problems/minimum-cost-to-set-cooking-time/,Medium,45.02,Math|Enumeration
2163,Minimum Difference in Sums After Removal of Elements,https://leetcode.com/problems/minimum-difference-in-sums-after-removal-of-elements/,Hard,69.6,Array|Dynamic Programming|Heap (Priority Queue)
2164,Sort Even and Odd Indices Independently,https://leetcode.com/problems/sort-even-and-odd-indices-independently/,Easy,63.49,Array|Sorting
2165,Smallest Value of the Rearranged Number,https://leetcode.com/problems/smallest-value-of-the-rearranged-number/,Medium,53.55,Math|Sorting
2166,Design Bitset,https://leetcode.com/problems/design-bitset/,Medium,32.87,Array|Hash Table|String|Design
2167,Minimum Time to Remove All Cars Containing Illegal Goods,https://leetcode.com/problems/minimum-time-to-remove-all-cars-containing-illegal-goods/,Hard,42.07,String|Dynamic Programming
2169,Count Operations to Obtain Zero,https://leetcode.com/problems/count-operations-to-obtain-zero/,Easy,79.77,Math|Simulation
2170,Minimum Operations to Make the Array Alternating,https://leetcode.com/problems/minimum-operations-to-make-the-array-alternating/,Medium,35.83,Array|Hash Table|Greedy|Counting
2171,Removing Minimum Number of Magic Beans,https://leetcode.com/problems/removing-minimum-number-of-magic-beans/,Medium,44.84,Array|Greedy|Sorting|Enumeration|Prefix Sum
2172,Maximum AND Sum of Array,https://leetcode.com/problems/maximum-and-sum-of-array/,Hard,50.93,Array|Dynamic Programming|Bit Manipulation|Bitmask
2176,Count Equal and Divisible Pairs in an Array,https://leetcode.com/problems/count-equal-and-divisible-pairs-in-an-array/,Easy,83.77,Array
2177,Find Three Consecutive Integers That Sum to a Given Number,https://leetcode.com/problems/find-three-consecutive-integers-that-sum-to-a-given-number/,Medium,65.17,Math|Simulation
2178,Maximum Split of Positive Even Integers,https://leetcode.com/problems/maximum-split-of-positive-even-integers/,Medium,59.87,Math|Backtracking|Greedy
2179,Count Good Triplets in an Array,https://leetcode.com/problems/count-good-triplets-in-an-array/,Hard,65.26,Array|Binary Search|Divide and Conquer|Binary Indexed Tree|Segment Tree|Merge Sort|Ordered Set
2180,Count Integers With Even Digit Sum,https://leetcode.com/problems/count-integers-with-even-digit-sum/,Easy,70.73,Math|Simulation
2181,Merge Nodes in Between Zeros,https://leetcode.com/problems/merge-nodes-in-between-zeros/,Medium,89.71,Linked List|Simulation
2182,Construct String With Repeat Limit,https://leetcode.com/problems/construct-string-with-repeat-limit/,Medium,70.8,Hash Table|String|Greedy|Heap (Priority Queue)|Counting
2183,Count Array Pairs Divisible by K,https://leetcode.com/problems/count-array-pairs-divisible-by-k/,Hard,31.01,Array|Hash Table|Math|Counting|Number Theory|Euclidean Algorithm|Greatest Common Divisor
2185,Counting Words With a Given Prefix,https://leetcode.com/problems/counting-words-with-a-given-prefix/,Easy,84.4,Array|String|String Matching
2186,Minimum Number of Steps to Make Two Strings Anagram II,https://leetcode.com/problems/minimum-number-of-steps-to-make-two-strings-anagram-ii/,Medium,73.12,Hash Table|String|Counting
2187,Minimum Time to Complete Trips,https://leetcode.com/problems/minimum-time-to-complete-trips/,Medium,39.91,Array|Binary Search
2188,Minimum Time to Finish the Race,https://leetcode.com/problems/minimum-time-to-finish-the-race/,Hard,43.52,Array|Dynamic Programming
2190,Most Frequent Number Following Key In an Array,https://leetcode.com/problems/most-frequent-number-following-key-in-an-array/,Easy,59.62,Array|Hash Table|Counting
2191,Sort the Jumbled Numbers,https://leetcode.com/problems/sort-the-jumbled-numbers/,Medium,59.95,Array|Sorting
2192,All Ancestors of a Node in a Directed Acyclic Graph,https://leetcode.com/problems/all-ancestors-of-a-node-in-a-directed-acyclic-graph/,Medium,62.28,Depth-First Search|Breadth-First Search|Graph Theory|Topological Sort|Directed Acyclic Graph
2193,Minimum Number of Moves to Make Palindrome,https://leetcode.com/problems/minimum-number-of-moves-to-make-palindrome/,Hard,53.01,Two Pointers|String|Greedy|Binary Indexed Tree
2194,Cells in a Range on an Excel Sheet,https://leetcode.com/problems/cells-in-a-range-on-an-excel-sheet/,Easy,84.09,String
2195,Append K Integers With Minimal Sum,https://leetcode.com/problems/append-k-integers-with-minimal-sum/,Medium,27.21,Array|Math|Greedy|Sorting
2196,Create Binary Tree From Descriptions,https://leetcode.com/problems/create-binary-tree-from-descriptions/,Medium,83.91,Array|Hash Table|Tree|Binary Tree
2197,Replace Non-Coprime Numbers in Array,https://leetcode.com/problems/replace-non-coprime-numbers-in-array/,Hard,57.64,Array|Math|Stack|Number Theory|Least Common Multiple|Greatest Common Divisor
2200,Find All K-Distant Indices in an Array,https://leetcode.com/problems/find-all-k-distant-indices-in-an-array/,Easy,77.22,Array|Two Pointers
2201,Count Artifacts That Can Be Extracted,https://leetcode.com/problems/count-artifacts-that-can-be-extracted/,Medium,57.36,Array|Hash Table|Simulation
2202,Maximize the Topmost Element After K Moves,https://leetcode.com/problems/maximize-the-topmost-element-after-k-moves/,Medium,24.16,Array|Greedy
2203,Minimum Weighted Subgraph With the Required Paths,https://leetcode.com/problems/minimum-weighted-subgraph-with-the-required-paths/,Hard,43.05,Graph Theory|Heap (Priority Queue)|Shortest Path
2206,Divide Array Into Equal Pairs,https://leetcode.com/problems/divide-array-into-equal-pairs/,Easy,79.23,Array|Hash Table|Bit Manipulation|Counting
2207,Maximize Number of Subsequences in a String,https://leetcode.com/problems/maximize-number-of-subsequences-in-a-string/,Medium,36.2,String|Greedy|Prefix Sum
2208,Minimum Operations to Halve Array Sum,https://leetcode.com/problems/minimum-operations-to-halve-array-sum/,Medium,50.37,Array|Greedy|Heap (Priority Queue)
2209,Minimum White Tiles After Covering With Carpets,https://leetcode.com/problems/minimum-white-tiles-after-covering-with-carpets/,Hard,39.18,String|Dynamic Programming|Prefix Sum
2210,Count Hills and Valleys in an Array,https://leetcode.com/problems/count-hills-and-valleys-in-an-array/,Easy,69.12,Array
2211,Count Collisions on a Road,https://leetcode.com/problems/count-collisions-on-a-road/,Medium,58.07,String|Stack|Simulation
2212,Maximum Points in an Archery Competition,https://leetcode.com/problems/maximum-points-in-an-archery-competition/,Medium,52.18,Array|Backtracking|Bit Manipulation|Enumeration
2213,Longest Substring of One Repeating Character,https://leetcode.com/problems/longest-substring-of-one-repeating-character/,Hard,34.92,Array|String|Segment Tree|Ordered Set
2215,Find the Difference of Two Arrays,https://leetcode.com/problems/find-the-difference-of-two-arrays/,Easy,81.57,Array|Hash Table
2216,Minimum Deletions to Make Array Beautiful,https://leetcode.com/problems/minimum-deletions-to-make-array-beautiful/,Medium,50.27,Array|Stack|Greedy
2217,Find Palindrome With Fixed Length,https://leetcode.com/problems/find-palindrome-with-fixed-length/,Medium,38.15,Array|Math
2218,Maximum Value of K Coins From Piles,https://leetcode.com/problems/maximum-value-of-k-coins-from-piles/,Hard,60.48,Array|Dynamic Programming|Prefix Sum
2220,Minimum Bit Flips to Convert Number,https://leetcode.com/problems/minimum-bit-flips-to-convert-number/,Easy,87.93,Bit Manipulation
2221,Find Triangular Sum of an Array,https://leetcode.com/problems/find-triangular-sum-of-an-array/,Medium,81.95,Array|Math|Simulation|Combinatorics|Number Theory
2222,Number of Ways to Select Buildings,https://leetcode.com/problems/number-of-ways-to-select-buildings/,Medium,50.95,String|Dynamic Programming|Prefix Sum
2223,Sum of Scores of Built Strings,https://leetcode.com/problems/sum-of-scores-of-built-strings/,Hard,50.12,String|Binary Search|Rolling Hash|Suffix Array|String Matching|Hash Function|Z Algorithm|Knuth–Morris–Pratt Algorithm
2224,Minimum Number of Operations to Convert Time,https://leetcode.com/problems/minimum-number-of-operations-to-convert-time/,Easy,66.44,String|Greedy
2225,Find Players With Zero or One Losses,https://leetcode.com/problems/find-players-with-zero-or-one-losses/,Medium,72.38,Array|Hash Table|Sorting|Counting
2226,Maximum Candies Allocated to K Children,https://leetcode.com/problems/maximum-candies-allocated-to-k-children/,Medium,49.89,Array|Binary Search
2227,Encrypt and Decrypt Strings,https://leetcode.com/problems/encrypt-and-decrypt-strings/,Hard,38.69,Array|Hash Table|String|Design|Trie
2231,Largest Number After Digit Swaps by Parity,https://leetcode.com/problems/largest-number-after-digit-swaps-by-parity/,Easy,65.52,Sorting|Heap (Priority Queue)
2232,Minimize Result by Adding Parentheses to Expression,https://leetcode.com/problems/minimize-result-by-adding-parentheses-to-expression/,Medium,68.26,String|Enumeration
2233,Maximum Product After K Increments,https://leetcode.com/problems/maximum-product-after-k-increments/,Medium,44.16,Array|Greedy|Heap (Priority Queue)
2234,Maximum Total Beauty of the Gardens,https://leetcode.com/problems/maximum-total-beauty-of-the-gardens/,Hard,30.23,Array|Two Pointers|Binary Search|Greedy|Sorting|Enumeration|Prefix Sum
2235,Add Two Integers,https://leetcode.com/problems/add-two-integers/,Easy,88.09,Math
2236,Root Equals Sum of Children,https://leetcode.com/problems/root-equals-sum-of-children/,Easy,85.12,Tree|Binary Tree
2239,Find Closest Number to Zero,https://leetcode.com/problems/find-closest-number-to-zero/,Easy,48.1,Array
2240,Number of Ways to Buy Pens and Pencils,https://leetcode.com/problems/number-of-ways-to-buy-pens-and-pencils/,Medium,57.03,Math|Enumeration
2241,Design an ATM Machine,https://leetcode.com/problems/design-an-atm-machine/,Medium,45.82,Array|Greedy|Design
2242,Maximum Score of a Node Sequence,https://leetcode.com/problems/maximum-score-of-a-node-sequence/,Hard,40.36,Array|Graph Theory|Sorting|Enumeration
2243,Calculate Digit Sum of a String,https://leetcode.com/problems/calculate-digit-sum-of-a-string/,Easy,67.97,String|Simulation
2244,Minimum Rounds to Complete All Tasks,https://leetcode.com/problems/minimum-rounds-to-complete-all-tasks/,Medium,63.37,Array|Hash Table|Greedy|Counting
2245,Maximum Trailing Zeros in a Cornered Path,https://leetcode.com/problems/maximum-trailing-zeros-in-a-cornered-path/,Medium,38.02,Array|Matrix|Prefix Sum
2246,Longest Path With Different Adjacent Characters,https://leetcode.com/problems/longest-path-with-different-adjacent-characters/,Hard,54.0,Array|String|Tree|Depth-First Search|Graph Theory|Topological Sort
2248,Intersection of Multiple Arrays,https://leetcode.com/problems/intersection-of-multiple-arrays/,Easy,68.74,Array|Hash Table|Sorting|Counting
2249,Count Lattice Points Inside a Circle,https://leetcode.com/problems/count-lattice-points-inside-a-circle/,Medium,56.98,Array|Hash Table|Math|Geometry|Enumeration
2250,Count Number of Rectangles Containing Each Point,https://leetcode.com/problems/count-number-of-rectangles-containing-each-point/,Medium,37.84,Array|Hash Table|Binary Search|Binary Indexed Tree|Sorting
2251,Number of Flowers in Full Bloom,https://leetcode.com/problems/number-of-flowers-in-full-bloom/,Hard,58.09,Array|Hash Table|Binary Search|Sorting|Prefix Sum|Ordered Set
2255,Count Prefixes of a Given String,https://leetcode.com/problems/count-prefixes-of-a-given-string/,Easy,74.35,Array|String
2256,Minimum Average Difference,https://leetcode.com/problems/minimum-average-difference/,Medium,44.0,Array|Prefix Sum
2257,Count Unguarded Cells in the Grid,https://leetcode.com/problems/count-unguarded-cells-in-the-grid/,Medium,69.08,Array|Matrix|Simulation
2258,Escape the Spreading Fire,https://leetcode.com/problems/escape-the-spreading-fire/,Hard,38.95,Array|Binary Search|Breadth-First Search|Matrix
2259,Remove Digit From Number to Maximize Result,https://leetcode.com/problems/remove-digit-from-number-to-maximize-result/,Easy,48.73,String|Greedy|Enumeration
2260,Minimum Consecutive Cards to Pick Up,https://leetcode.com/problems/minimum-consecutive-cards-to-pick-up/,Medium,53.97,Array|Hash Table|Sliding Window
2261,K Divisible Elements Subarrays,https://leetcode.com/problems/k-divisible-elements-subarrays/,Medium,55.11,Array|Hash Table|Trie|Rolling Hash|Hash Function|Enumeration
2262,Total Appeal of A String,https://leetcode.com/problems/total-appeal-of-a-string/,Hard,56.68,Hash Table|String|Dynamic Programming
2264,Largest 3-Same-Digit Number in String,https://leetcode.com/problems/largest-3-same-digit-number-in-string/,Easy,72.66,String
2265,Count Nodes Equal to Average of Subtree,https://leetcode.com/problems/count-nodes-equal-to-average-of-subtree/,Medium,86.79,Tree|Depth-First Search|Binary Tree
2266,Count Number of Texts,https://leetcode.com/problems/count-number-of-texts/,Medium,50.52,Hash Table|Math|String|Dynamic Programming
2267, Check if There Is a Valid Parentheses String Path,https://leetcode.com/problems/check-if-there-is-a-valid-parentheses-string-path/,Hard,40.57,Array|Dynamic Programming|Matrix|Bracket Sequences
2269,Find the K-Beauty of a Number,https://leetcode.com/problems/find-the-k-beauty-of-a-number/,Easy,63.68,Math|String|Sliding Window
2270,Number of Ways to Split Array,https://leetcode.com/problems/number-of-ways-to-split-array/,Medium,55.81,Array|Prefix Sum
2271,Maximum White Tiles Covered by a Carpet,https://leetcode.com/problems/maximum-white-tiles-covered-by-a-carpet/,Medium,36.26,Array|Binary Search|Greedy|Sliding Window|Sorting|Prefix Sum
2272,Substring With Largest Variance,https://leetcode.com/problems/substring-with-largest-variance/,Hard,46.01,Hash Table|String|Dynamic Programming|Enumeration
2273,Find Resultant Array After Removing Anagrams,https://leetcode.com/problems/find-resultant-array-after-removing-anagrams/,Easy,69.96,Array|Hash Table|String|Sorting
2274,Maximum Consecutive Floors Without Special Floors,https://leetcode.com/problems/maximum-consecutive-floors-without-special-floors/,Medium,52.76,Array|Sorting
2275,Largest Combination With Bitwise AND Greater Than Zero,https://leetcode.com/problems/largest-combination-with-bitwise-and-greater-than-zero/,Medium,80.72,Array|Hash Table|Bit Manipulation|Counting
2276,Count Integers in Intervals,https://leetcode.com/problems/count-integers-in-intervals/,Hard,36.12,Design|Segment Tree|Ordered Set
2278,Percentage of Letter in String,https://leetcode.com/problems/percentage-of-letter-in-string/,Easy,75.29,String
2279,Maximum Bags With Full Capacity of Rocks,https://leetcode.com/problems/maximum-bags-with-full-capacity-of-rocks/,Medium,68.22,Array|Greedy|Sorting
2280,Minimum Lines to Represent a Line Chart,https://leetcode.com/problems/minimum-lines-to-represent-a-line-chart/,Medium,27.29,Array|Math|Geometry|Sorting|Number Theory
2281,Sum of Total Strength of Wizards,https://leetcode.com/problems/sum-of-total-strength-of-wizards/,Hard,29.76,Array|Stack|Monotonic Stack|Prefix Sum
2283,Check if Number Has Equal Digit Count and Digit Value,https://leetcode.com/problems/check-if-number-has-equal-digit-count-and-digit-value/,Easy,73.18,Hash Table|String|Counting
2284,Sender With Largest Word Count,https://leetcode.com/problems/sender-with-largest-word-count/,Medium,60.05,Array|Hash Table|String|Counting
2285,Maximum Total Importance of Roads,https://leetcode.com/problems/maximum-total-importance-of-roads/,Medium,69.1,Greedy|Graph Theory|Sorting|Heap (Priority Queue)
2286,Booking Concert Tickets in Groups,https://leetcode.com/problems/booking-concert-tickets-in-groups/,Hard,19.97,Binary Search|Design|Binary Indexed Tree|Segment Tree
2287,Rearrange Characters to Make Target String,https://leetcode.com/problems/rearrange-characters-to-make-target-string/,Easy,63.13,Hash Table|String|Counting
2288,Apply Discount to Prices,https://leetcode.com/problems/apply-discount-to-prices/,Medium,34.44,String
2289,Steps to Make Array Non-decreasing,https://leetcode.com/problems/steps-to-make-array-non-decreasing/,Medium,25.12,Array|Linked List|Dynamic Programming|Stack|Monotonic Stack|Simulation
2290,Minimum Obstacle Removal to Reach Corner,https://leetcode.com/problems/minimum-obstacle-removal-to-reach-corner/,Hard,70.96,Array|Breadth-First Search|Graph Theory|Heap (Priority Queue)|Matrix|Shortest Path|0-1 BFS|Dijkstra's Algorithm
2293,Min Max Game,https://leetcode.com/problems/min-max-game/,Easy,64.45,Array|Simulation
2294,Partition Array Such That Maximum Difference Is K,https://leetcode.com/problems/partition-array-such-that-maximum-difference-is-k/,Medium,81.77,Array|Greedy|Sorting
2295,Replace Elements in an Array,https://leetcode.com/problems/replace-elements-in-an-array/,Medium,59.91,Array|Hash Table|Simulation
2296,Design a Text Editor,https://leetcode.com/problems/design-a-text-editor/,Hard,51.31,Linked List|String|Stack|Design|Simulation|Doubly-Linked List
2299,Strong Password Checker II,https://leetcode.com/problems/strong-password-checker-ii/,Easy,55.6,String
2300,Successful Pairs of Spells and Potions,https://leetcode.com/problems/successful-pairs-of-spells-and-potions/,Medium,49.78,Array|Two Pointers|Binary Search|Sorting
2301,Match Substring After Replacement,https://leetcode.com/problems/match-substring-after-replacement/,Hard,43.55,Array|Hash Table|String|String Matching
2302,Count Subarrays With Score Less Than K,https://leetcode.com/problems/count-subarrays-with-score-less-than-k/,Hard,62.2,Array|Binary Search|Sliding Window|Prefix Sum
2303,Calculate Amount Paid in Taxes,https://leetcode.com/problems/calculate-amount-paid-in-taxes/,Easy,69.42,Array|Simulation
2304,Minimum Path Cost in a Grid,https://leetcode.com/problems/minimum-path-cost-in-a-grid/,Medium,68.39,Array|Dynamic Programming|Matrix
2305,Fair Distribution of Cookies,https://leetcode.com/problems/fair-distribution-of-cookies/,Medium,70.05,Array|Dynamic Programming|Backtracking|Bit Manipulation|Bitmask
2306,Naming a Company,https://leetcode.com/problems/naming-a-company/,Hard,46.54,Array|Hash Table|String|Bit Manipulation|Enumeration
2309,Greatest English Letter in Upper and Lower Case,https://leetcode.com/problems/greatest-english-letter-in-upper-and-lower-case/,Easy,72.76,Hash Table|String|Enumeration
2310,Sum of Numbers With Units Digit K,https://leetcode.com/problems/sum-of-numbers-with-units-digit-k/,Medium,28.43,Math|Dynamic Programming|Greedy|Enumeration
2311,Longest Binary Subsequence Less Than or Equal to K,https://leetcode.com/problems/longest-binary-subsequence-less-than-or-equal-to-k/,Medium,52.74,String|Dynamic Programming|Greedy|Memoization
2312,Selling Pieces of Wood,https://leetcode.com/problems/selling-pieces-of-wood/,Hard,53.14,Array|Dynamic Programming|Memoization
2315,Count Asterisks,https://leetcode.com/problems/count-asterisks/,Easy,83.5,String
2316,Count Unreachable Pairs of Nodes in an Undirected Graph,https://leetcode.com/problems/count-unreachable-pairs-of-nodes-in-an-undirected-graph/,Medium,50.17,Depth-First Search|Breadth-First Search|Union-Find|Graph Theory
2317,Maximum XOR After Operations ,https://leetcode.com/problems/maximum-xor-after-operations/,Medium,79.86,Array|Math|Bit Manipulation
2318,Number of Distinct Roll Sequences,https://leetcode.com/problems/number-of-distinct-roll-sequences/,Hard,58.31,Dynamic Programming|Memoization
2319,Check if Matrix Is X-Matrix,https://leetcode.com/problems/check-if-matrix-is-x-matrix/,Easy,66.91,Array|Matrix
2320,Count Number of Ways to Place Houses,https://leetcode.com/problems/count-number-of-ways-to-place-houses/,Medium,44.12,Dynamic Programming
2321,Maximum Score Of Spliced Array,https://leetcode.com/problems/maximum-score-of-spliced-array/,Hard,58.82,Array|Dynamic Programming
2322,Minimum Score After Removals on a Tree,https://leetcode.com/problems/minimum-score-after-removals-on-a-tree/,Hard,76.03,Array|Bit Manipulation|Tree|Depth-First Search
2325,Decode the Message,https://leetcode.com/problems/decode-the-message/,Easy,85.91,Hash Table|String
2326,Spiral Matrix IV,https://leetcode.com/problems/spiral-matrix-iv/,Medium,82.32,Array|Linked List|Matrix|Simulation
2327,Number of People Aware of a Secret,https://leetcode.com/problems/number-of-people-aware-of-a-secret/,Medium,60.61,Dynamic Programming|Queue|Simulation
2328,Number of Increasing Paths in a Grid,https://leetcode.com/problems/number-of-increasing-paths-in-a-grid/,Hard,57.3,Array|Dynamic Programming|Depth-First Search|Breadth-First Search|Graph Theory|Topological Sort|Memoization|Matrix
2331,Evaluate Boolean Binary Tree,https://leetcode.com/problems/evaluate-boolean-binary-tree/,Easy,82.37,Tree|Depth-First Search|Binary Tree
2332,The Latest Time to Catch a Bus,https://leetcode.com/problems/the-latest-time-to-catch-a-bus/,Medium,30.15,Array|Two Pointers|Binary Search|Sorting
2333,Minimum Sum of Squared Difference,https://leetcode.com/problems/minimum-sum-of-squared-difference/,Medium,26.97,Array|Binary Search|Greedy|Sorting|Heap (Priority Queue)
2334,Subarray With Elements Greater Than Varying Threshold,https://leetcode.com/problems/subarray-with-elements-greater-than-varying-threshold/,Hard,45.78,Array|Stack|Union-Find|Monotonic Stack
2335,Minimum Amount of Time to Fill Cups,https://leetcode.com/problems/minimum-amount-of-time-to-fill-cups/,Easy,60.46,Array|Greedy|Sorting|Heap (Priority Queue)
2336,Smallest Number in Infinite Set,https://leetcode.com/problems/smallest-number-in-infinite-set/,Medium,70.66,Hash Table|Design|Heap (Priority Queue)|Ordered Set
2337,Move Pieces to Obtain a String,https://leetcode.com/problems/move-pieces-to-obtain-a-string/,Medium,56.61,Two Pointers|String
2338,Count the Number of Ideal Arrays,https://leetcode.com/problems/count-the-number-of-ideal-arrays/,Hard,56.91,Math|Dynamic Programming|Combinatorics|Number Theory|Prime Factorization|Fermat's Little Theorem
2341,Maximum Number of Pairs in Array,https://leetcode.com/problems/maximum-number-of-pairs-in-array/,Easy,76.21,Array|Hash Table|Counting
2342,Max Sum of a Pair With Equal Sum of Digits,https://leetcode.com/problems/max-sum-of-a-pair-with-equal-sum-of-digits/,Medium,65.93,Array|Hash Table|Sorting|Heap (Priority Queue)
2343,Query Kth Smallest Trimmed Number,https://leetcode.com/problems/query-kth-smallest-trimmed-number/,Medium,47.98,Array|String|Divide and Conquer|Sorting|Heap (Priority Queue)|Radix Sort|Quickselect
2344,Minimum Deletions to Make Array Divisible,https://leetcode.com/problems/minimum-deletions-to-make-array-divisible/,Hard,61.65,Array|Math|Sorting|Heap (Priority Queue)|Number Theory|Euclidean Algorithm|Greatest Common Divisor
2347,Best Poker Hand,https://leetcode.com/problems/best-poker-hand/,Easy,61.91,Array|Hash Table|Counting
2348,Number of Zero-Filled Subarrays,https://leetcode.com/problems/number-of-zero-filled-subarrays/,Medium,70.05,Array|Math
2349,Design a Number Container System,https://leetcode.com/problems/design-a-number-container-system/,Medium,57.05,Hash Table|Design|Heap (Priority Queue)|Ordered Set
2350,Shortest Impossible Sequence of Rolls,https://leetcode.com/problems/shortest-impossible-sequence-of-rolls/,Hard,69.18,Array|Hash Table|Greedy
2351,First Letter to Appear Twice,https://leetcode.com/problems/first-letter-to-appear-twice/,Easy,75.12,Hash Table|String|Bit Manipulation|Counting
2352,Equal Row and Column Pairs,https://leetcode.com/problems/equal-row-and-column-pairs/,Medium,71.2,Array|Hash Table|Matrix|Simulation
2353,Design a Food Rating System,https://leetcode.com/problems/design-a-food-rating-system/,Medium,52.87,Array|Hash Table|String|Design|Heap (Priority Queue)|Ordered Set
2354,Number of Excellent Pairs,https://leetcode.com/problems/number-of-excellent-pairs/,Hard,49.41,Array|Hash Table|Binary Search|Bit Manipulation
2356,Number of Unique Subjects Taught by Each Teacher,https://leetcode.com/problems/number-of-unique-subjects-taught-by-each-teacher/,Easy,89.24,Database
2357,Make Array Zero by Subtracting Equal Amounts,https://leetcode.com/problems/make-array-zero-by-subtracting-equal-amounts/,Easy,73.9,Array|Hash Table|Greedy|Sorting|Heap (Priority Queue)|Simulation
2358,Maximum Number of Groups Entering a Competition,https://leetcode.com/problems/maximum-number-of-groups-entering-a-competition/,Medium,68.65,Array|Math|Binary Search|Greedy
2359,Find Closest Node to Given Two Nodes,https://leetcode.com/problems/find-closest-node-to-given-two-nodes/,Medium,53.06,Depth-First Search|Graph Theory
2360,Longest Cycle in a Graph,https://leetcode.com/problems/longest-cycle-in-a-graph/,Hard,51.02,Depth-First Search|Breadth-First Search|Graph Theory|Topological Sort|Kosaraju's Algorithm|Tarjan's SCC Algorithm
2363,Merge Similar Items,https://leetcode.com/problems/merge-similar-items/,Easy,77.67,Array|Hash Table|Sorting|Ordered Set
2364,Count Number of Bad Pairs,https://leetcode.com/problems/count-number-of-bad-pairs/,Medium,54.13,Array|Hash Table|Math|Counting
2365,Task Scheduler II,https://leetcode.com/problems/task-scheduler-ii/,Medium,54.96,Array|Hash Table|Simulation
2366,Minimum Replacements to Sort the Array,https://leetcode.com/problems/minimum-replacements-to-sort-the-array/,Hard,53.1,Array|Math|Greedy
2367,Number of Arithmetic Triplets,https://leetcode.com/problems/number-of-arithmetic-triplets/,Easy,85.59,Array|Hash Table|Two Pointers|Enumeration
2368,Reachable Nodes With Restrictions,https://leetcode.com/problems/reachable-nodes-with-restrictions/,Medium,60.67,Array|Hash Table|Tree|Depth-First Search|Breadth-First Search|Union-Find|Graph Theory
2369,Check if There is a Valid Partition For The Array,https://leetcode.com/problems/check-if-there-is-a-valid-partition-for-the-array/,Medium,52.46,Array|Dynamic Programming
2370,Longest Ideal Subsequence,https://leetcode.com/problems/longest-ideal-subsequence/,Medium,46.6,Hash Table|String|Dynamic Programming
2373,Largest Local Values in a Matrix,https://leetcode.com/problems/largest-local-values-in-a-matrix/,Easy,87.67,Array|Matrix
2374,Node With Highest Edge Score,https://leetcode.com/problems/node-with-highest-edge-score/,Medium,49.55,Hash Table|Graph Theory
2375,Construct Smallest Number From DI String,https://leetcode.com/problems/construct-smallest-number-from-di-string/,Medium,85.5,String|Backtracking|Stack|Greedy
2376,Count Special Integers,https://leetcode.com/problems/count-special-integers/,Hard,44.49,Math|Dynamic Programming
2379,Minimum Recolors to Get K Consecutive Black Blocks,https://leetcode.com/problems/minimum-recolors-to-get-k-consecutive-black-blocks/,Easy,68.9,String|Sliding Window
2380,Time Needed to Rearrange a Binary String,https://leetcode.com/problems/time-needed-to-rearrange-a-binary-string/,Medium,53.49,String|Dynamic Programming|Simulation
2381,Shifting Letters II,https://leetcode.com/problems/shifting-letters-ii/,Medium,53.81,Array|String|Prefix Sum
2382,Maximum Segment Sum After Removals,https://leetcode.com/problems/maximum-segment-sum-after-removals/,Hard,50.11,Array|Union-Find|Prefix Sum|Ordered Set
2383,Minimum Hours of Training to Win a Competition,https://leetcode.com/problems/minimum-hours-of-training-to-win-a-competition/,Easy,42.69,Array|Greedy
2384,Largest Palindromic Number,https://leetcode.com/problems/largest-palindromic-number/,Medium,37.32,Hash Table|String|Greedy|Counting
2385,Amount of Time for Binary Tree to Be Infected,https://leetcode.com/problems/amount-of-time-for-binary-tree-to-be-infected/,Medium,65.82,Hash Table|Tree|Depth-First Search|Breadth-First Search|Binary Tree
2386,Find the K-Sum of an Array,https://leetcode.com/problems/find-the-k-sum-of-an-array/,Hard,41.7,Array|Sorting|Heap (Priority Queue)
2389,Longest Subsequence With Limited Sum,https://leetcode.com/problems/longest-subsequence-with-limited-sum/,Easy,73.74,Array|Binary Search|Greedy|Sorting|Prefix Sum
2390,Removing Stars From a String,https://leetcode.com/problems/removing-stars-from-a-string/,Medium,79.73,String|Stack|Simulation
2391,Minimum Amount of Time to Collect Garbage,https://leetcode.com/problems/minimum-amount-of-time-to-collect-garbage/,Medium,85.05,Array|String|Prefix Sum
2392,Build a Matrix With Conditions,https://leetcode.com/problems/build-a-matrix-with-conditions/,Hard,79.35,Array|Graph Theory|Topological Sort|Matrix|Directed Acyclic Graph
2395,Find Subarrays With Equal Sum,https://leetcode.com/problems/find-subarrays-with-equal-sum/,Easy,67.25,Array|Hash Table
2396,Strictly Palindromic Number,https://leetcode.com/problems/strictly-palindromic-number/,Medium,90.37,Math|Two Pointers|Brainteaser
2397,Maximum Rows Covered by Columns,https://leetcode.com/problems/maximum-rows-covered-by-columns/,Medium,58.21,Array|Backtracking|Bit Manipulation|Matrix|Enumeration
2398,Maximum Number of Robots Within Budget,https://leetcode.com/problems/maximum-number-of-robots-within-budget/,Hard,38.92,Array|Binary Search|Queue|Sliding Window|Heap (Priority Queue)|Prefix Sum|Monotonic Queue
2399,Check Distances Between Same Letters,https://leetcode.com/problems/check-distances-between-same-letters/,Easy,71.44,Array|Hash Table|String
2400,Number of Ways to Reach a Position After Exactly k Steps,https://leetcode.com/problems/number-of-ways-to-reach-a-position-after-exactly-k-steps/,Medium,37.2,Math|Dynamic Programming|Combinatorics
2401,Longest Nice Subarray,https://leetcode.com/problems/longest-nice-subarray/,Medium,64.78,Array|Bit Manipulation|Sliding Window
2402,Meeting Rooms III,https://leetcode.com/problems/meeting-rooms-iii/,Hard,51.4,Array|Hash Table|Sorting|Heap (Priority Queue)|Simulation
2404,Most Frequent Even Element,https://leetcode.com/problems/most-frequent-even-element/,Easy,54.03,Array|Hash Table|Counting
2405,Optimal Partition of String,https://leetcode.com/problems/optimal-partition-of-string/,Medium,78.5,Hash Table|String|Greedy
2406,Divide Intervals Into Minimum Number of Groups,https://leetcode.com/problems/divide-intervals-into-minimum-number-of-groups/,Medium,63.59,Array|Two Pointers|Greedy|Sorting|Heap (Priority Queue)|Prefix Sum
2407,Longest Increasing Subsequence II,https://leetcode.com/problems/longest-increasing-subsequence-ii/,Hard,26.44,Array|Divide and Conquer|Dynamic Programming|Binary Indexed Tree|Segment Tree|Queue|Monotonic Queue
2408,Design SQL,https://leetcode.com/problems/design-sql/,Medium,63.86,Array|Hash Table|String|Design
2409,Count Days Spent Together,https://leetcode.com/problems/count-days-spent-together/,Easy,48.31,Math|String
2410,Maximum Matching of Players With Trainers,https://leetcode.com/problems/maximum-matching-of-players-with-trainers/,Medium,75.45,Array|Two Pointers|Greedy|Sorting
2411,Smallest Subarrays With Maximum Bitwise OR,https://leetcode.com/problems/smallest-subarrays-with-maximum-bitwise-or/,Medium,61.93,Array|Binary Search|Bit Manipulation|Sliding Window
2412,Minimum Money Required Before Transactions,https://leetcode.com/problems/minimum-money-required-before-transactions/,Hard,42.35,Array|Greedy|Sorting
2413,Smallest Even Multiple,https://leetcode.com/problems/smallest-even-multiple/,Easy,88.49,Math|Number Theory
2414,Length of the Longest Alphabetical Continuous Substring,https://leetcode.com/problems/length-of-the-longest-alphabetical-continuous-substring/,Medium,61.04,String
2415,Reverse Odd Levels of Binary Tree,https://leetcode.com/problems/reverse-odd-levels-of-binary-tree/,Medium,86.69,Tree|Depth-First Search|Breadth-First Search|Binary Tree
2416,Sum of Prefix Scores of Strings,https://leetcode.com/problems/sum-of-prefix-scores-of-strings/,Hard,60.86,Array|String|Trie|Counting
2418,Sort the People,https://leetcode.com/problems/sort-the-people/,Easy,84.81,Array|Hash Table|String|Sorting
2419,Longest Subarray With Maximum Bitwise AND,https://leetcode.com/problems/longest-subarray-with-maximum-bitwise-and/,Medium,65.35,Array|Bit Manipulation|Brainteaser
2420,Find All Good Indices,https://leetcode.com/problems/find-all-good-indices/,Medium,41.16,Array|Dynamic Programming|Prefix Sum
2421,Number of Good Paths,https://leetcode.com/problems/number-of-good-paths/,Hard,56.51,Array|Hash Table|Tree|Union-Find|Graph Theory|Sorting
2423,Remove Letter To Equalize Frequency,https://leetcode.com/problems/remove-letter-to-equalize-frequency/,Easy,19.54,Hash Table|String|Counting
2424,Longest Uploaded Prefix,https://leetcode.com/problems/longest-uploaded-prefix/,Medium,55.32,Hash Table|Binary Search|Union-Find|Design|Binary Indexed Tree|Segment Tree|Heap (Priority Queue)|Ordered Set
2425,Bitwise XOR of All Pairings,https://leetcode.com/problems/bitwise-xor-of-all-pairings/,Medium,66.88,Array|Bit Manipulation|Brainteaser
2426,Number of Pairs Satisfying Inequality,https://leetcode.com/problems/number-of-pairs-satisfying-inequality/,Hard,47.73,Array|Binary Search|Divide and Conquer|Binary Indexed Tree|Segment Tree|Merge Sort|Ordered Set
2427,Number of Common Factors,https://leetcode.com/problems/number-of-common-factors/,Easy,80.27,Math|Enumeration|Number Theory|Euclidean Algorithm|Greatest Common Divisor
2428,Maximum Sum of an Hourglass,https://leetcode.com/problems/maximum-sum-of-an-hourglass/,Medium,76.88,Array|Matrix|Prefix Sum
2429,Minimize XOR,https://leetcode.com/problems/minimize-xor/,Medium,62.25,Greedy|Bit Manipulation
2430,Maximum Deletions on a String,https://leetcode.com/problems/maximum-deletions-on-a-string/,Hard,36.15,String|Dynamic Programming|Rolling Hash|String Matching|Hash Function
2432,The Employee That Worked on the Longest Task,https://leetcode.com/problems/the-employee-that-worked-on-the-longest-task/,Easy,51.68,Array
2433,Find The Original Array of Prefix Xor,https://leetcode.com/problems/find-the-original-array-of-prefix-xor/,Medium,88.43,Array|Bit Manipulation
2434,Using a Robot to Print the Lexicographically Smallest String,https://leetcode.com/problems/using-a-robot-to-print-the-lexicographically-smallest-string/,Medium,62.19,Hash Table|String|Stack|Greedy
2435,Paths in Matrix Whose Sum Is Divisible by K,https://leetcode.com/problems/paths-in-matrix-whose-sum-is-divisible-by-k/,Hard,58.7,Array|Dynamic Programming|Matrix
2437,Number of Valid Clock Times,https://leetcode.com/problems/number-of-valid-clock-times/,Easy,48.24,String|Enumeration
2438,Range Product Queries of Powers,https://leetcode.com/problems/range-product-queries-of-powers/,Medium,61.2,Array|Bit Manipulation|Prefix Sum
2439,Minimize Maximum of Array,https://leetcode.com/problems/minimize-maximum-of-array/,Medium,46.58,Array|Binary Search|Dynamic Programming|Greedy|Prefix Sum
2440,Create Components With Same Value,https://leetcode.com/problems/create-components-with-same-value/,Hard,53.97,Array|Math|Tree|Depth-First Search|Enumeration
2441,Largest Positive Integer That Exists With Its Negative,https://leetcode.com/problems/largest-positive-integer-that-exists-with-its-negative/,Easy,74.49,Array|Hash Table|Two Pointers|Sorting
2442,Count Number of Distinct Integers After Reverse Operations,https://leetcode.com/problems/count-number-of-distinct-integers-after-reverse-operations/,Medium,81.74,Array|Hash Table|Math|Counting
2443,Sum of Number and Its Reverse,https://leetcode.com/problems/sum-of-number-and-its-reverse/,Medium,49.84,Math|Enumeration
2444,Count Subarrays With Fixed Bounds,https://leetcode.com/problems/count-subarrays-with-fixed-bounds/,Hard,69.18,Array|Queue|Sliding Window|Monotonic Queue
2446,Determine if Two Events Have Conflict,https://leetcode.com/problems/determine-if-two-events-have-conflict/,Easy,53.49,Array|String
2447,Number of Subarrays With GCD Equal to K,https://leetcode.com/problems/number-of-subarrays-with-gcd-equal-to-k/,Medium,53.38,Array|Math|Number Theory
2448,Minimum Cost to Make Array Equal,https://leetcode.com/problems/minimum-cost-to-make-array-equal/,Hard,46.86,Array|Binary Search|Greedy|Sorting|Prefix Sum
2449,Minimum Number of Operations to Make Arrays Similar,https://leetcode.com/problems/minimum-number-of-operations-to-make-arrays-similar/,Hard,61.47,Array|Greedy|Sorting
2451,Odd String Difference,https://leetcode.com/problems/odd-string-difference/,Easy,62.17,Array|Hash Table|String
2452,Words Within Two Edits of Dictionary,https://leetcode.com/problems/words-within-two-edits-of-dictionary/,Medium,73.23,Array|String|Trie
2453,Destroy Sequential Targets,https://leetcode.com/problems/destroy-sequential-targets/,Medium,42.27,Array|Hash Table|Counting
2454,Next Greater Element IV,https://leetcode.com/problems/next-greater-element-iv/,Hard,42.45,Array|Binary Search|Stack|Sorting|Heap (Priority Queue)|Monotonic Stack
2455,Average Value of Even Numbers That Are Divisible by Three,https://leetcode.com/problems/average-value-of-even-numbers-that-are-divisible-by-three/,Easy,63.5,Array|Math
2456,Most Popular Video Creator,https://leetcode.com/problems/most-popular-video-creator/,Medium,45.47,Array|Hash Table|String|Sorting|Heap (Priority Queue)
2457,Minimum Addition to Make Integer Beautiful,https://leetcode.com/problems/minimum-addition-to-make-integer-beautiful/,Medium,38.89,Math|Greedy
2458,Height of Binary Tree After Subtree Removal Queries,https://leetcode.com/problems/height-of-binary-tree-after-subtree-removal-queries/,Hard,54.92,Array|Tree|Depth-First Search|Breadth-First Search|Binary Tree
2460,Apply Operations to an Array,https://leetcode.com/problems/apply-operations-to-an-array/,Easy,74.77,Array|Two Pointers|Simulation
2461,Maximum Sum of Distinct Subarrays With Length K,https://leetcode.com/problems/maximum-sum-of-distinct-subarrays-with-length-k/,Medium,43.39,Array|Hash Table|Sliding Window
2462,Total Cost to Hire K Workers,https://leetcode.com/problems/total-cost-to-hire-k-workers/,Medium,43.82,Array|Two Pointers|Heap (Priority Queue)|Simulation
2463,Minimum Total Distance Traveled,https://leetcode.com/problems/minimum-total-distance-traveled/,Hard,63.14,Array|Dynamic Programming|Sorting
2465,Number of Distinct Averages,https://leetcode.com/problems/number-of-distinct-averages/,Easy,59.12,Array|Hash Table|Two Pointers|Sorting
2466,Count Ways To Build Good Strings,https://leetcode.com/problems/count-ways-to-build-good-strings/,Medium,58.84,Dynamic Programming
2467,Most Profitable Path in a Tree,https://leetcode.com/problems/most-profitable-path-in-a-tree/,Medium,67.27,Array|Tree|Depth-First Search|Breadth-First Search|Graph Theory
2468,Split Message Based on Limit,https://leetcode.com/problems/split-message-based-on-limit/,Hard,42.09,String|Enumeration
2469,Convert the Temperature,https://leetcode.com/problems/convert-the-temperature/,Easy,90.36,Math
2470,Number of Subarrays With LCM Equal to K,https://leetcode.com/problems/number-of-subarrays-with-lcm-equal-to-k/,Medium,46.44,Array|Math|Number Theory
2471,Minimum Number of Operations to Sort a Binary Tree by Level,https://leetcode.com/problems/minimum-number-of-operations-to-sort-a-binary-tree-by-level/,Medium,74.23,Tree|Breadth-First Search|Binary Tree
2472,Maximum Number of Non-overlapping Palindrome Substrings,https://leetcode.com/problems/maximum-number-of-non-overlapping-palindrome-substrings/,Hard,44.98,Two Pointers|String|Dynamic Programming|Greedy
2475,Number of Unequal Triplets in Array,https://leetcode.com/problems/number-of-unequal-triplets-in-array/,Easy,73.49,Array|Hash Table|Sorting
2476,Closest Nodes Queries in a Binary Search Tree,https://leetcode.com/problems/closest-nodes-queries-in-a-binary-search-tree/,Medium,44.82,Array|Binary Search|Tree|Depth-First Search|Binary Search Tree|Binary Tree
2477,Minimum Fuel Cost to Report to the Capital,https://leetcode.com/problems/minimum-fuel-cost-to-report-to-the-capital/,Medium,65.36,Tree|Depth-First Search|Breadth-First Search|Graph Theory
2478,Number of Beautiful Partitions,https://leetcode.com/problems/number-of-beautiful-partitions/,Hard,33.26,String|Dynamic Programming|Prefix Sum
2481,Minimum Cuts to Divide a Circle,https://leetcode.com/problems/minimum-cuts-to-divide-a-circle/,Easy,56.53,Math|Geometry
2482,Difference Between Ones and Zeros in Row and Column,https://leetcode.com/problems/difference-between-ones-and-zeros-in-row-and-column/,Medium,84.57,Array|Matrix|Simulation
2483,Minimum Penalty for a Shop,https://leetcode.com/problems/minimum-penalty-for-a-shop/,Medium,71.24,String|Prefix Sum
2484,Count Palindromic Subsequences,https://leetcode.com/problems/count-palindromic-subsequences/,Hard,41.76,String|Dynamic Programming
2485,Find the Pivot Integer,https://leetcode.com/problems/find-the-pivot-integer/,Easy,83.73,Math|Prefix Sum
2486,Append Characters to String to Make Subsequence,https://leetcode.com/problems/append-characters-to-string-to-make-subsequence/,Medium,73.11,Two Pointers|String|Greedy
2487,Remove Nodes From Linked List,https://leetcode.com/problems/remove-nodes-from-linked-list/,Medium,75.13,Linked List|Stack|Recursion|Monotonic Stack
2488,Count Subarrays With Median K,https://leetcode.com/problems/count-subarrays-with-median-k/,Hard,49.19,Array|Hash Table|Prefix Sum
2490,Circular Sentence,https://leetcode.com/problems/circular-sentence/,Easy,70.07,String
2491,Divide Players Into Teams of Equal Skill,https://leetcode.com/problems/divide-players-into-teams-of-equal-skill/,Medium,68.92,Array|Hash Table|Two Pointers|Sorting
2492,Minimum Score of a Path Between Two Cities,https://leetcode.com/problems/minimum-score-of-a-path-between-two-cities/,Medium,66.24,Depth-First Search|Breadth-First Search|Union-Find|Graph Theory
2493,Divide Nodes Into the Maximum Number of Groups,https://leetcode.com/problems/divide-nodes-into-the-maximum-number-of-groups/,Hard,66.86,Depth-First Search|Breadth-First Search|Union-Find|Graph Theory
2496,Maximum Value of a String in an Array,https://leetcode.com/problems/maximum-value-of-a-string-in-an-array/,Easy,74.43,Array|String
2497,Maximum Star Sum of a Graph,https://leetcode.com/problems/maximum-star-sum-of-a-graph/,Medium,42.64,Array|Greedy|Graph Theory|Sorting|Heap (Priority Queue)
2498,Frog Jump II,https://leetcode.com/problems/frog-jump-ii/,Medium,62.6,Array|Binary Search|Greedy
2499,Minimum Total Cost to Make Arrays Unequal,https://leetcode.com/problems/minimum-total-cost-to-make-arrays-unequal/,Hard,41.38,Array|Hash Table|Greedy|Counting
2500,Delete Greatest Value in Each Row,https://leetcode.com/problems/delete-greatest-value-in-each-row/,Easy,80.31,Array|Sorting|Heap (Priority Queue)|Matrix|Simulation
2501,Longest Square Streak in an Array,https://leetcode.com/problems/longest-square-streak-in-an-array/,Medium,53.1,Array|Hash Table|Binary Search|Dynamic Programming|Sorting
2502,Design Memory Allocator,https://leetcode.com/problems/design-memory-allocator/,Medium,50.52,Array|Hash Table|Design|Simulation
2503,Maximum Number of Points From Grid Queries,https://leetcode.com/problems/maximum-number-of-points-from-grid-queries/,Hard,59.24,Array|Two Pointers|Breadth-First Search|Union-Find|Sorting|Heap (Priority Queue)|Matrix
2506,Count Pairs Of Similar Strings,https://leetcode.com/problems/count-pairs-of-similar-strings/,Easy,73.73,Array|Hash Table|String|Bit Manipulation|Counting
2507,Smallest Value After Replacing With Sum of Prime Factors,https://leetcode.com/problems/smallest-value-after-replacing-with-sum-of-prime-factors/,Medium,50.23,Math|Simulation|Number Theory|Prime Factorization|Primality Test|Sieve Theory|Prime Number Sieve
2508,Add Edges to Make Degrees of All Nodes Even,https://leetcode.com/problems/add-edges-to-make-degrees-of-all-nodes-even/,Hard,36.82,Hash Table|Graph Theory
2509,Cycle Length Queries in a Tree,https://leetcode.com/problems/cycle-length-queries-in-a-tree/,Hard,60.79,Array|Tree|Binary Tree|Binary Lifting|Lowest Common Ancestor
2511,Maximum Enemy Forts That Can Be Captured,https://leetcode.com/problems/maximum-enemy-forts-that-can-be-captured/,Easy,41.73,Array|Two Pointers
2512,Reward Top K Students,https://leetcode.com/problems/reward-top-k-students/,Medium,47.45,Array|Hash Table|String|Sorting|Heap (Priority Queue)
2513,Minimize the Maximum of Two Arrays,https://leetcode.com/problems/minimize-the-maximum-of-two-arrays/,Medium,32.58,Math|Binary Search|Number Theory|Least Common Multiple|Inclusion-Exclusion Principle
2514,Count Anagrams,https://leetcode.com/problems/count-anagrams/,Hard,38.1,Hash Table|Math|String|Combinatorics|Counting|Fermat's Little Theorem
2515,Shortest Distance to Target String in a Circular Array,https://leetcode.com/problems/shortest-distance-to-target-string-in-a-circular-array/,Easy,65.25,Array|String
2516,Take K of Each Character From Left and Right,https://leetcode.com/problems/take-k-of-each-character-from-left-and-right/,Medium,51.47,Hash Table|String|Sliding Window
2517,Maximum Tastiness of Candy Basket,https://leetcode.com/problems/maximum-tastiness-of-candy-basket/,Medium,68.61,Array|Binary Search|Greedy|Sorting
2518,Number of Great Partitions,https://leetcode.com/problems/number-of-great-partitions/,Hard,33.78,Array|Dynamic Programming
2520,Count the Digits That Divide a Number,https://leetcode.com/problems/count-the-digits-that-divide-a-number/,Easy,86.08,Math
2521,Distinct Prime Factors of Product of Array,https://leetcode.com/problems/distinct-prime-factors-of-product-of-array/,Medium,55.01,Array|Hash Table|Math|Number Theory|Prime Factorization|Euclidean Algorithm|Primality Test|Greatest Common Divisor|Sieve Theory|Prime Number Sieve
2522,Partition String Into Substrings With Values at Most K,https://leetcode.com/problems/partition-string-into-substrings-with-values-at-most-k/,Medium,47.91,String|Dynamic Programming|Greedy
2523,Closest Prime Numbers in Range,https://leetcode.com/problems/closest-prime-numbers-in-range/,Medium,51.93,Math|Number Theory|Primality Test|Sieve Theory|Prime Number Sieve
2525,Categorize Box According to Criteria,https://leetcode.com/problems/categorize-box-according-to-criteria/,Easy,40.55,Math
2526,Find Consecutive Integers from a Data Stream,https://leetcode.com/problems/find-consecutive-integers-from-a-data-stream/,Medium,51.55,Hash Table|Design|Queue|Counting|Data Stream
2527,Find Xor-Beauty of Array,https://leetcode.com/problems/find-xor-beauty-of-array/,Medium,71.2,Array|Math|Bit Manipulation
2528,Maximize the Minimum Powered City,https://leetcode.com/problems/maximize-the-minimum-powered-city/,Hard,61.44,Array|Binary Search|Greedy|Queue|Sliding Window|Prefix Sum
2529,Maximum Count of Positive Integer and Negative Integer,https://leetcode.com/problems/maximum-count-of-positive-integer-and-negative-integer/,Easy,74.24,Array|Binary Search|Counting
2530,Maximal Score After Applying K Operations,https://leetcode.com/problems/maximal-score-after-applying-k-operations/,Medium,64.16,Array|Greedy|Heap (Priority Queue)
2531,Make Number of Distinct Characters Equal,https://leetcode.com/problems/make-number-of-distinct-characters-equal/,Medium,27.81,Hash Table|String|Counting
2532,Time to Cross a Bridge,https://leetcode.com/problems/time-to-cross-a-bridge/,Hard,44.36,Array|Heap (Priority Queue)|Simulation
2535,Difference Between Element Sum and Digit Sum of an Array,https://leetcode.com/problems/difference-between-element-sum-and-digit-sum-of-an-array/,Easy,85.39,Array|Math
2536,Increment Submatrices by One,https://leetcode.com/problems/increment-submatrices-by-one/,Medium,73.85,Array|Matrix|Prefix Sum
2537,Count the Number of Good Subarrays,https://leetcode.com/problems/count-the-number-of-good-subarrays/,Medium,65.73,Array|Hash Table|Sliding Window
2538,Difference Between Maximum and Minimum Price Sum,https://leetcode.com/problems/difference-between-maximum-and-minimum-price-sum/,Hard,34.06,Array|Dynamic Programming|Tree|Depth-First Search|DP on Trees
2540,Minimum Common Value,https://leetcode.com/problems/minimum-common-value/,Easy,60.74,Array|Hash Table|Two Pointers|Binary Search
2541,Minimum Operations to Make Array Equal II,https://leetcode.com/problems/minimum-operations-to-make-array-equal-ii/,Medium,33.34,Array|Math|Greedy
2542,Maximum Subsequence Score,https://leetcode.com/problems/maximum-subsequence-score/,Medium,54.9,Array|Greedy|Sorting|Heap (Priority Queue)
2543,Check if Point Is Reachable,https://leetcode.com/problems/check-if-point-is-reachable/,Hard,45.23,Math|Number Theory|Euclidean Algorithm|Greatest Common Divisor
2544,Alternating Digit Sum,https://leetcode.com/problems/alternating-digit-sum/,Easy,69.52,Math
2545,Sort the Students by Their Kth Score,https://leetcode.com/problems/sort-the-students-by-their-kth-score/,Medium,86.04,Array|Sorting|Matrix
2546,Apply Bitwise Operations to Make Strings Equal,https://leetcode.com/problems/apply-bitwise-operations-to-make-strings-equal/,Medium,42.84,String|Bit Manipulation
2547,Minimum Cost to Split an Array,https://leetcode.com/problems/minimum-cost-to-split-an-array/,Hard,44.92,Array|Hash Table|Dynamic Programming|Counting
2549,Count Distinct Numbers on Board,https://leetcode.com/problems/count-distinct-numbers-on-board/,Easy,61.83,Array|Hash Table|Math|Simulation
2550,Count Collisions of Monkeys on a Polygon,https://leetcode.com/problems/count-collisions-of-monkeys-on-a-polygon/,Medium,30.34,Math|Recursion
2551,Put Marbles in Bags,https://leetcode.com/problems/put-marbles-in-bags/,Hard,72.05,Array|Greedy|Sorting|Heap (Priority Queue)
2552,Count Increasing Quadruplets,https://leetcode.com/problems/count-increasing-quadruplets/,Hard,34.49,Array|Dynamic Programming|Binary Indexed Tree|Enumeration|Prefix Sum
2553,Separate the Digits in an Array,https://leetcode.com/problems/separate-the-digits-in-an-array/,Easy,85.77,Array|Simulation
2554,Maximum Number of Integers to Choose From a Range I,https://leetcode.com/problems/maximum-number-of-integers-to-choose-from-a-range-i/,Medium,67.99,Array|Hash Table|Binary Search|Greedy|Sorting
2555,Maximize Win From Two Segments,https://leetcode.com/problems/maximize-win-from-two-segments/,Medium,38.22,Array|Binary Search|Sliding Window
2556,Disconnect Path in a Binary Matrix by at Most One Flip,https://leetcode.com/problems/disconnect-path-in-a-binary-matrix-by-at-most-one-flip/,Medium,28.1,Array|Dynamic Programming|Depth-First Search|Breadth-First Search|Matrix
2558,Take Gifts From the Richest Pile,https://leetcode.com/problems/take-gifts-from-the-richest-pile/,Easy,75.45,Array|Heap (Priority Queue)|Simulation
2559,Count Vowel Strings in Ranges,https://leetcode.com/problems/count-vowel-strings-in-ranges/,Medium,67.87,Array|String|Prefix Sum
2560,House Robber IV,https://leetcode.com/problems/house-robber-iv/,Medium,64.6,Array|Binary Search|Dynamic Programming|Greedy
2561,Rearranging Fruits,https://leetcode.com/problems/rearranging-fruits/,Hard,57.26,Array|Hash Table|Greedy|Sort
2562,Find the Array Concatenation Value,https://leetcode.com/problems/find-the-array-concatenation-value/,Easy,72.1,Array|Two Pointers|Simulation
2563,Count the Number of Fair Pairs,https://leetcode.com/problems/count-the-number-of-fair-pairs/,Medium,52.6,Array|Two Pointers|Binary Search|Sorting
2564,Substring XOR Queries,https://leetcode.com/problems/substring-xor-queries/,Medium,35.8,Array|Hash Table|String|Bit Manipulation
2565,Subsequence With the Minimum Score,https://leetcode.com/problems/subsequence-with-the-minimum-score/,Hard,33.6,Two Pointers|String|Binary Search
2566,Maximum Difference by Remapping a Digit,https://leetcode.com/problems/maximum-difference-by-remapping-a-digit/,Easy,75.55,Math|Greedy
2567,Minimum Score by Changing Two Elements,https://leetcode.com/problems/minimum-score-by-changing-two-elements/,Medium,50.14,Array|Greedy|Sorting
2568,Minimum Impossible OR,https://leetcode.com/problems/minimum-impossible-or/,Medium,59.33,Array|Bit Manipulation|Brainteaser
2569,Handling Sum Queries After Update,https://leetcode.com/problems/handling-sum-queries-after-update/,Hard,31.67,Array|Segment Tree
2570,Merge Two 2D Arrays by Summing Values,https://leetcode.com/problems/merge-two-2d-arrays-by-summing-values/,Easy,81.66,Array|Hash Table|Two Pointers
2571,Minimum Operations to Reduce an Integer to 0,https://leetcode.com/problems/minimum-operations-to-reduce-an-integer-to-0/,Medium,63.06,Dynamic Programming|Greedy|Bit Manipulation
2572,Count the Number of Square-Free Subsets,https://leetcode.com/problems/count-the-number-of-square-free-subsets/,Medium,26.81,Array|Math|Dynamic Programming|Bit Manipulation|Number Theory|Bitmask
2573,Find the String with LCP,https://leetcode.com/problems/find-the-string-with-lcp/,Hard,63.12,Array|String|Dynamic Programming|Greedy|Union-Find|Matrix
2574,Left and Right Sum Differences,https://leetcode.com/problems/left-and-right-sum-differences/,Easy,89.67,Array|Prefix Sum
2575,Find the Divisibility Array of a String,https://leetcode.com/problems/find-the-divisibility-array-of-a-string/,Medium,36.81,Array|Math|String
2576,Find the Maximum Number of Marked Indices,https://leetcode.com/problems/find-the-maximum-number-of-marked-indices/,Medium,41.53,Array|Two Pointers|Binary Search|Greedy|Sorting
2577,Minimum Time to Visit a Cell In a Grid,https://leetcode.com/problems/minimum-time-to-visit-a-cell-in-a-grid/,Hard,56.12,Array|Breadth-First Search|Graph Theory|Heap (Priority Queue)|Matrix|Shortest Path
2578,Split With Minimum Sum,https://leetcode.com/problems/split-with-minimum-sum/,Easy,73.74,Math|Greedy|Sorting
2579,Count Total Number of Colored Cells,https://leetcode.com/problems/count-total-number-of-colored-cells/,Medium,66.18,Math
2580,Count Ways to Group Overlapping Ranges,https://leetcode.com/problems/count-ways-to-group-overlapping-ranges/,Medium,39.41,Array|Sorting
2581,Count Number of Possible Root Nodes,https://leetcode.com/problems/count-number-of-possible-root-nodes/,Hard,48.79,Array|Hash Table|Dynamic Programming|Tree|Depth-First Search
2582,Pass the Pillow,https://leetcode.com/problems/pass-the-pillow/,Easy,56.59,Math|Simulation
2583,Kth Largest Sum in a Binary Tree,https://leetcode.com/problems/kth-largest-sum-in-a-binary-tree/,Medium,58.96,Tree|Breadth-First Search|Sorting|Binary Tree
2584,Split the Array to Make Coprime Products,https://leetcode.com/problems/split-the-array-to-make-coprime-products/,Hard,29.19,Array|Hash Table|Math|Number Theory|Prime Factorization
2585,Number of Ways to Earn Points,https://leetcode.com/problems/number-of-ways-to-earn-points/,Hard,60.03,Array|Dynamic Programming|Knapsack Problem|Multiple Knapsack
2586,Count the Number of Vowel Strings in Range,https://leetcode.com/problems/count-the-number-of-vowel-strings-in-range/,Easy,74.51,Array|String|Counting
2587,Rearrange Array to Maximize Prefix Score,https://leetcode.com/problems/rearrange-array-to-maximize-prefix-score/,Medium,43.03,Array|Greedy|Sorting|Prefix Sum
2588,Count the Number of Beautiful Subarrays,https://leetcode.com/problems/count-the-number-of-beautiful-subarrays/,Medium,54.51,Array|Hash Table|Bit Manipulation|Prefix Sum
2589,Minimum Time to Complete All Tasks,https://leetcode.com/problems/minimum-time-to-complete-all-tasks/,Hard,40.22,Array|Binary Search|Stack|Greedy|Sorting
2591,Distribute Money to Maximum Children,https://leetcode.com/problems/distribute-money-to-maximum-children/,Easy,20.7,Math|Greedy
2592,Maximize Greatness of an Array,https://leetcode.com/problems/maximize-greatness-of-an-array/,Medium,62.04,Array|Two Pointers|Greedy|Sorting
2593,Find Score of an Array After Marking All Elements,https://leetcode.com/problems/find-score-of-an-array-after-marking-all-elements/,Medium,64.56,Array|Hash Table|Sorting|Heap (Priority Queue)|Simulation
2594,Minimum Time to Repair Cars,https://leetcode.com/problems/minimum-time-to-repair-cars/,Medium,59.49,Array|Binary Search
2595,Number of Even and Odd Bits,https://leetcode.com/problems/number-of-even-and-odd-bits/,Easy,73.92,Bit Manipulation
2596,Check Knight Tour Configuration,https://leetcode.com/problems/check-knight-tour-configuration/,Medium,61.88,Array|Depth-First Search|Breadth-First Search|Matrix|Simulation
2597,The Number of Beautiful Subsets,https://leetcode.com/problems/the-number-of-beautiful-subsets/,Medium,50.98,Array|Hash Table|Math|Dynamic Programming|Backtracking|Sorting|Combinatorics
2598,Smallest Missing Non-negative Integer After Operations,https://leetcode.com/problems/smallest-missing-non-negative-integer-after-operations/,Medium,55.94,Array|Hash Table|Math|Greedy
2600,K Items With the Maximum Sum,https://leetcode.com/problems/k-items-with-the-maximum-sum/,Easy,60.32,Math|Greedy
2601,Prime Subtraction Operation,https://leetcode.com/problems/prime-subtraction-operation/,Medium,55.58,Array|Math|Binary Search|Greedy|Number Theory
2602,Minimum Operations to Make All Array Elements Equal,https://leetcode.com/problems/minimum-operations-to-make-all-array-elements-equal/,Medium,38.7,Array|Binary Search|Sorting|Prefix Sum
2603,Collect Coins in a Tree,https://leetcode.com/problems/collect-coins-in-a-tree/,Hard,39.72,Array|Tree|Graph Theory|Topological Sort
2605,Form Smallest Number From Two Digit Arrays,https://leetcode.com/problems/form-smallest-number-from-two-digit-arrays/,Easy,55.33,Array|Hash Table|Enumeration
2606,Find the Substring With Maximum Cost,https://leetcode.com/problems/find-the-substring-with-maximum-cost/,Medium,58.4,Array|Hash Table|String|Dynamic Programming
2607,Make K-Subarray Sums Equal,https://leetcode.com/problems/make-k-subarray-sums-equal/,Medium,38.95,Array|Math|Greedy|Sorting|Number Theory
2608,Shortest Cycle in a Graph,https://leetcode.com/problems/shortest-cycle-in-a-graph/,Hard,40.19,Breadth-First Search|Graph Theory
2609,Find the Longest Balanced Substring of a Binary String,https://leetcode.com/problems/find-the-longest-balanced-substring-of-a-binary-string/,Easy,46.86,String
2610,Convert an Array Into a 2D Array With Conditions,https://leetcode.com/problems/convert-an-array-into-a-2d-array-with-conditions/,Medium,86.14,Array|Hash Table
2611,Mice and Cheese,https://leetcode.com/problems/mice-and-cheese/,Medium,48.79,Array|Greedy|Sorting|Heap (Priority Queue)
2612,Minimum Reverse Operations,https://leetcode.com/problems/minimum-reverse-operations/,Hard,17.31,Array|Hash Table|Breadth-First Search|Union-Find|Ordered Set
2614,Prime In Diagonal,https://leetcode.com/problems/prime-in-diagonal/,Easy,38.78,Array|Math|Matrix|Number Theory
2615,Sum of Distances,https://leetcode.com/problems/sum-of-distances/,Medium,50.29,Array|Hash Table|Prefix Sum
2616,Minimize the Maximum Difference of Pairs,https://leetcode.com/problems/minimize-the-maximum-difference-of-pairs/,Medium,51.02,Array|Binary Search|Dynamic Programming|Greedy|Sorting
2617,Minimum Number of Visited Cells in a Grid,https://leetcode.com/problems/minimum-number-of-visited-cells-in-a-grid/,Hard,24.08,Array|Dynamic Programming|Stack|Breadth-First Search|Union-Find|Heap (Priority Queue)|Matrix|Monotonic Stack
2618,Check if Object Instance of Class,https://leetcode.com/problems/check-if-object-instance-of-class/,Medium,30.1,
2619,Array Prototype Last,https://leetcode.com/problems/array-prototype-last/,Easy,74.68,
2620,Counter,https://leetcode.com/problems/counter/,Easy,82.44,
2621,Sleep,https://leetcode.com/problems/sleep/,Easy,87.33,
2622,Cache With Time Limit,https://leetcode.com/problems/cache-with-time-limit/,Medium,76.27,
2623,Memoize,https://leetcode.com/problems/memoize/,Medium,65.24,
2624,Snail Traversal,https://leetcode.com/problems/snail-traversal/,Medium,68.68,
2625,Flatten Deeply Nested Array,https://leetcode.com/problems/flatten-deeply-nested-array/,Medium,66.11,
2626,Array Reduce Transformation,https://leetcode.com/problems/array-reduce-transformation/,Easy,85.5,
2627,Debounce,https://leetcode.com/problems/debounce/,Medium,91.66,
2629,Function Composition,https://leetcode.com/problems/function-composition/,Easy,86.78,
2630,Memoize II,https://leetcode.com/problems/memoize-ii/,Hard,39.46,
2631,Group By,https://leetcode.com/problems/group-by/,Medium,81.5,
2634,Filter Elements from Array,https://leetcode.com/problems/filter-elements-from-array/,Easy,85.55,
2635,Apply Transform Over Each Element in Array,https://leetcode.com/problems/apply-transform-over-each-element-in-array/,Easy,86.19,
2637,Promise Time Limit,https://leetcode.com/problems/promise-time-limit/,Medium,83.29,
2639,Find the Width of Columns of a Grid,https://leetcode.com/problems/find-the-width-of-columns-of-a-grid/,Easy,70.56,Array|Matrix
2640,Find the Score of All Prefixes of an Array,https://leetcode.com/problems/find-the-score-of-all-prefixes-of-an-array/,Medium,73.13,Array|Prefix Sum
2641,Cousins in Binary Tree II,https://leetcode.com/problems/cousins-in-binary-tree-ii/,Medium,75.94,Hash Table|Tree|Depth-First Search|Breadth-First Search|Binary Tree
2642,Design Graph With Shortest Path Calculator,https://leetcode.com/problems/design-graph-with-shortest-path-calculator/,Hard,65.49,Graph Theory|Design|Heap (Priority Queue)|Shortest Path
2643,Row With Maximum Ones,https://leetcode.com/problems/row-with-maximum-ones/,Easy,74.49,Array|Matrix
2644,Find the Maximum Divisibility Score,https://leetcode.com/problems/find-the-maximum-divisibility-score/,Easy,52.12,Array
2645,Minimum Additions to Make Valid String,https://leetcode.com/problems/minimum-additions-to-make-valid-string/,Medium,51.27,String|Dynamic Programming|Stack|Greedy
2646,Minimize the Total Price of the Trips,https://leetcode.com/problems/minimize-the-total-price-of-the-trips/,Hard,48.13,Array|Dynamic Programming|Tree|Depth-First Search|Graph Theory
2648,Generate Fibonacci Sequence,https://leetcode.com/problems/generate-fibonacci-sequence/,Easy,83.55,
2649,Nested Array Generator,https://leetcode.com/problems/nested-array-generator/,Medium,78.12,
2650,Design Cancellable Function,https://leetcode.com/problems/design-cancellable-function/,Hard,57.88,
2651,Calculate Delayed Arrival Time,https://leetcode.com/problems/calculate-delayed-arrival-time/,Easy,75.53,Math
2652,Sum Multiples,https://leetcode.com/problems/sum-multiples/,Easy,86.32,Math
2653,Sliding Subarray Beauty,https://leetcode.com/problems/sliding-subarray-beauty/,Medium,37.81,Array|Hash Table|Sliding Window
2654,Minimum Number of Operations to Make All Array Elements Equal to 1,https://leetcode.com/problems/minimum-number-of-operations-to-make-all-array-elements-equal-to-1/,Medium,54.72,Array|Math|Number Theory|Euclidean Algorithm|Greatest Common Divisor
2656,Maximum Sum With Exactly K Elements ,https://leetcode.com/problems/maximum-sum-with-exactly-k-elements/,Easy,80.23,Array|Greedy
2657,Find the Prefix Common Array of Two Arrays,https://leetcode.com/problems/find-the-prefix-common-array-of-two-arrays/,Medium,88.29,Array|Hash Table|Bit Manipulation
2658,Maximum Number of Fish in a Grid,https://leetcode.com/problems/maximum-number-of-fish-in-a-grid/,Medium,70.35,Array|Depth-First Search|Breadth-First Search|Union-Find|Matrix
2659,Make Array Empty,https://leetcode.com/problems/make-array-empty/,Hard,27.04,Array|Binary Search|Greedy|Binary Indexed Tree|Segment Tree|Sorting|Ordered Set
2660,Determine the Winner of a Bowling Game,https://leetcode.com/problems/determine-the-winner-of-a-bowling-game/,Easy,38.0,Array|Simulation
2661,First Completely Painted Row or Column,https://leetcode.com/problems/first-completely-painted-row-or-column/,Medium,63.86,Array|Hash Table|Matrix
2662,Minimum Cost of a Path With Special Roads,https://leetcode.com/problems/minimum-cost-of-a-path-with-special-roads/,Medium,43.78,Array|Graph Theory|Heap (Priority Queue)|Shortest Path
2663,Lexicographically Smallest Beautiful String,https://leetcode.com/problems/lexicographically-smallest-beautiful-string/,Hard,38.59,String|Greedy
2665,Counter II,https://leetcode.com/problems/counter-ii/,Easy,81.24,
2666,Allow One Function Call,https://leetcode.com/problems/allow-one-function-call/,Easy,86.6,
2667,Create Hello World Function,https://leetcode.com/problems/create-hello-world-function/,Easy,81.91,
2670,Find the Distinct Difference Array,https://leetcode.com/problems/find-the-distinct-difference-array/,Easy,76.8,Array|Hash Table
2671,Frequency Tracker,https://leetcode.com/problems/frequency-tracker/,Medium,31.48,Hash Table|Design
2672,Number of Adjacent Elements With the Same Color,https://leetcode.com/problems/number-of-adjacent-elements-with-the-same-color/,Medium,59.79,Array
2673,Make Costs of Paths Equal in a Binary Tree,https://leetcode.com/problems/make-costs-of-paths-equal-in-a-binary-tree/,Medium,58.91,Array|Dynamic Programming|Greedy|Tree|Binary Tree
2677,Chunk Array,https://leetcode.com/problems/chunk-array/,Easy,84.46,
2678,Number of Senior Citizens,https://leetcode.com/problems/number-of-senior-citizens/,Easy,81.19,Array|String
2679,Sum in a Matrix,https://leetcode.com/problems/sum-in-a-matrix/,Medium,61.08,Array|Sorting|Heap (Priority Queue)|Matrix|Simulation
2680,Maximum OR,https://leetcode.com/problems/maximum-or/,Medium,43.63,Array|Greedy|Bit Manipulation|Prefix Sum
2681,Power of Heroes,https://leetcode.com/problems/power-of-heroes/,Hard,32.03,Array|Math|Dynamic Programming|Sorting|Prefix Sum
2682,Find the Losers of the Circular Game,https://leetcode.com/problems/find-the-losers-of-the-circular-game/,Easy,50.44,Array|Hash Table|Simulation
2683,Neighboring Bitwise XOR,https://leetcode.com/problems/neighboring-bitwise-xor/,Medium,79.81,Array|Bit Manipulation
2684,Maximum Number of Moves in a Grid,https://leetcode.com/problems/maximum-number-of-moves-in-a-grid/,Medium,58.77,Array|Dynamic Programming|Matrix
2685,Count the Number of Complete Components,https://leetcode.com/problems/count-the-number-of-complete-components/,Medium,80.8,Depth-First Search|Breadth-First Search|Union-Find|Graph Theory
2693,Call Function with Custom Context,https://leetcode.com/problems/call-function-with-custom-context/,Medium,77.32,
2694,Event Emitter,https://leetcode.com/problems/event-emitter/,Medium,75.08,
2695,Array Wrapper,https://leetcode.com/problems/array-wrapper/,Easy,88.97,
2696,Minimum String Length After Removing Substrings,https://leetcode.com/problems/minimum-string-length-after-removing-substrings/,Easy,77.21,String|Stack|Simulation
2697,Lexicographically Smallest Palindrome,https://leetcode.com/problems/lexicographically-smallest-palindrome/,Easy,81.61,Two Pointers|String|Greedy
2698,Find the Punishment Number of an Integer,https://leetcode.com/problems/find-the-punishment-number-of-an-integer/,Medium,81.61,Math|Backtracking
2699,Modify Graph Edge Weights,https://leetcode.com/problems/modify-graph-edge-weights/,Hard,55.6,Graph Theory|Heap (Priority Queue)|Shortest Path
2703,Return Length of Arguments Passed,https://leetcode.com/problems/return-length-of-arguments-passed/,Easy,94.44,
2704,To Be Or Not To Be,https://leetcode.com/problems/to-be-or-not-to-be/,Easy,63.4,
2705,Compact Object,https://leetcode.com/problems/compact-object/,Medium,68.22,
2706,Buy Two Chocolates,https://leetcode.com/problems/buy-two-chocolates/,Easy,68.43,Array|Greedy|Sorting
2707,Extra Characters in a String,https://leetcode.com/problems/extra-characters-in-a-string/,Medium,57.2,Array|Hash Table|String|Dynamic Programming|Trie
2708,Maximum Strength of a Group,https://leetcode.com/problems/maximum-strength-of-a-group/,Medium,25.87,Array|Dynamic Programming|Backtracking|Greedy|Bit Manipulation|Sorting|Enumeration
2709,Greatest Common Divisor Traversal,https://leetcode.com/problems/greatest-common-divisor-traversal/,Hard,41.63,Array|Math|Union-Find|Number Theory|Prime Factorization|Euclidean Algorithm|Greatest Common Divisor
2710,Remove Trailing Zeros From a String,https://leetcode.com/problems/remove-trailing-zeros-from-a-string/,Easy,79.87,String
2711,Difference of Number of Distinct Values on Diagonals,https://leetcode.com/problems/difference-of-number-of-distinct-values-on-diagonals/,Medium,68.61,Array|Hash Table|Matrix
2712,Minimum Cost to Make All Characters Equal,https://leetcode.com/problems/minimum-cost-to-make-all-characters-equal/,Medium,54.66,String|Dynamic Programming|Greedy
2713,Maximum Strictly Increasing Cells in a Matrix,https://leetcode.com/problems/maximum-strictly-increasing-cells-in-a-matrix/,Hard,31.29,Array|Hash Table|Binary Search|Dynamic Programming|Memoization|Sorting|Matrix|Ordered Set
2715,Timeout Cancellation,https://leetcode.com/problems/timeout-cancellation/,Easy,89.55,
2716,Minimize String Length,https://leetcode.com/problems/minimize-string-length/,Easy,79.66,Hash Table|String
2717,Semi-Ordered Permutation,https://leetcode.com/problems/semi-ordered-permutation/,Easy,64.48,Array|Simulation
2718,Sum of Matrix After Queries,https://leetcode.com/problems/sum-of-matrix-after-queries/,Medium,32.35,Array|Hash Table
2719,Count of Integers,https://leetcode.com/problems/count-of-integers/,Hard,39.05,Math|String|Dynamic Programming
2721,Execute Asynchronous Functions in Parallel,https://leetcode.com/problems/execute-asynchronous-functions-in-parallel/,Medium,78.68,
2722,Join Two Arrays by ID,https://leetcode.com/problems/join-two-arrays-by-id/,Medium,57.72,
2723,Add Two Promises,https://leetcode.com/problems/add-two-promises/,Easy,91.69,
2724,Sort By,https://leetcode.com/problems/sort-by/,Easy,83.03,
2725,Interval Cancellation,https://leetcode.com/problems/interval-cancellation/,Easy,85.03,
2726,Calculator with Method Chaining,https://leetcode.com/problems/calculator-with-method-chaining/,Easy,76.88,
2727,Is Object Empty,https://leetcode.com/problems/is-object-empty/,Easy,82.01,
2729,Check if The Number is Fascinating,https://leetcode.com/problems/check-if-the-number-is-fascinating/,Easy,53.32,Hash Table|Math
2730,Find the Longest Semi-Repetitive Substring,https://leetcode.com/problems/find-the-longest-semi-repetitive-substring/,Medium,39.28,String|Sliding Window
2731,Movement of Robots,https://leetcode.com/problems/movement-of-robots/,Medium,28.24,Array|Brainteaser|Sorting|Prefix Sum
2732,Find a Good Subset of the Matrix,https://leetcode.com/problems/find-a-good-subset-of-the-matrix/,Hard,46.93,Array|Hash Table|Bit Manipulation|Matrix
2733,Neither Minimum nor Maximum,https://leetcode.com/problems/neither-minimum-nor-maximum/,Easy,76.51,Array|Sorting
2734,Lexicographically Smallest String After Substring Operation,https://leetcode.com/problems/lexicographically-smallest-string-after-substring-operation/,Medium,35.32,String|Greedy
2735,Collecting Chocolates,https://leetcode.com/problems/collecting-chocolates/,Medium,35.37,Array|Enumeration
2736,Maximum Sum Queries,https://leetcode.com/problems/maximum-sum-queries/,Hard,31.1,Array|Binary Search|Stack|Binary Indexed Tree|Segment Tree|Sorting|Monotonic Stack
2739,Total Distance Traveled,https://leetcode.com/problems/total-distance-traveled/,Easy,41.73,Math|Simulation
2740,Find the Value of the Partition,https://leetcode.com/problems/find-the-value-of-the-partition/,Medium,65.14,Array|Sorting
2741,Special Permutations,https://leetcode.com/problems/special-permutations/,Medium,29.64,Array|Dynamic Programming|Bit Manipulation|Bitmask
2742,Painting the Walls,https://leetcode.com/problems/painting-the-walls/,Hard,49.19,Array|Dynamic Programming
2744,Find Maximum Number of String Pairs,https://leetcode.com/problems/find-maximum-number-of-string-pairs/,Easy,82.73,Array|Hash Table|String|Simulation
2745,Construct the Longest New String,https://leetcode.com/problems/construct-the-longest-new-string/,Medium,55.04,Math|Dynamic Programming|Greedy|Brainteaser
2746,Decremental String Concatenation,https://leetcode.com/problems/decremental-string-concatenation/,Medium,28.09,Array|String|Dynamic Programming
2747,Count Zero Request Servers,https://leetcode.com/problems/count-zero-request-servers/,Medium,36.33,Array|Hash Table|Sliding Window|Sorting
2748,Number of Beautiful Pairs,https://leetcode.com/problems/number-of-beautiful-pairs/,Easy,52.84,Array|Hash Table|Math|Counting|Number Theory
2749,Minimum Operations to Make the Integer Zero,https://leetcode.com/problems/minimum-operations-to-make-the-integer-zero/,Medium,58.01,Bit Manipulation|Brainteaser|Enumeration
2750,Ways to Split Array Into Good Subarrays,https://leetcode.com/problems/ways-to-split-array-into-good-subarrays/,Medium,35.13,Array|Math|Dynamic Programming
2751,Robot Collisions,https://leetcode.com/problems/robot-collisions/,Hard,61.62,Array|Stack|Sorting|Simulation
2760,Longest Even Odd Subarray With Threshold,https://leetcode.com/problems/longest-even-odd-subarray-with-threshold/,Easy,32.45,Array|Sliding Window
2761,Prime Pairs With Target Sum,https://leetcode.com/problems/prime-pairs-with-target-sum/,Medium,38.03,Array|Math|Enumeration|Number Theory
2762,Continuous Subarrays,https://leetcode.com/problems/continuous-subarrays/,Medium,58.0,Array|Queue|Sliding Window|Heap (Priority Queue)|Ordered Set|Monotonic Queue
2763,Sum of Imbalance Numbers of All Subarrays,https://leetcode.com/problems/sum-of-imbalance-numbers-of-all-subarrays/,Hard,43.78,Array|Hash Table|Enumeration
2765,Longest Alternating Subarray,https://leetcode.com/problems/longest-alternating-subarray/,Easy,35.54,Array|Enumeration
2766,Relocate Marbles,https://leetcode.com/problems/relocate-marbles/,Medium,51.84,Array|Hash Table|Sorting|Simulation
2767,Partition String Into Minimum Beautiful Substrings,https://leetcode.com/problems/partition-string-into-minimum-beautiful-substrings/,Medium,53.92,Hash Table|String|Dynamic Programming|Backtracking
2768,Number of Black Blocks,https://leetcode.com/problems/number-of-black-blocks/,Medium,42.12,Array|Hash Table|Enumeration
2769,Find the Maximum Achievable Number,https://leetcode.com/problems/find-the-maximum-achievable-number/,Easy,91.61,Math
2770,Maximum Number of Jumps to Reach the Last Index,https://leetcode.com/problems/maximum-number-of-jumps-to-reach-the-last-index/,Medium,51.11,Array|Dynamic Programming
2771,Longest Non-decreasing Subarray From Two Arrays,https://leetcode.com/problems/longest-non-decreasing-subarray-from-two-arrays/,Medium,31.47,Array|Dynamic Programming
2772,Apply Operations to Make All Array Elements Equal to Zero,https://leetcode.com/problems/apply-operations-to-make-all-array-elements-equal-to-zero/,Medium,33.74,Array|Prefix Sum
2778,Sum of Squares of Special Elements ,https://leetcode.com/problems/sum-of-squares-of-special-elements/,Easy,82.33,Array|Enumeration
2779,Maximum Beauty of an Array After Applying Operation,https://leetcode.com/problems/maximum-beauty-of-an-array-after-applying-operation/,Medium,58.34,Array|Binary Search|Sliding Window|Sorting
2780,Minimum Index of a Valid Split,https://leetcode.com/problems/minimum-index-of-a-valid-split/,Medium,75.52,Array|Hash Table|Sorting
2781,Length of the Longest Valid Substring,https://leetcode.com/problems/length-of-the-longest-valid-substring/,Hard,38.61,Array|Hash Table|String|Sliding Window
2784,Check if Array is Good,https://leetcode.com/problems/check-if-array-is-good/,Easy,57.32,Array|Hash Table|Sorting
2785,Sort Vowels in a String,https://leetcode.com/problems/sort-vowels-in-a-string/,Medium,83.48,String|Sorting
2786,Visit Array Positions to Maximize Score,https://leetcode.com/problems/visit-array-positions-to-maximize-score/,Medium,37.99,Array|Dynamic Programming
2787,Ways to Express an Integer as Sum of Powers,https://leetcode.com/problems/ways-to-express-an-integer-as-sum-of-powers/,Medium,49.8,Dynamic Programming
2788,Split Strings by Separator,https://leetcode.com/problems/split-strings-by-separator/,Easy,76.49,Array|String
2789,Largest Element in an Array after Merge Operations,https://leetcode.com/problems/largest-element-in-an-array-after-merge-operations/,Medium,48.23,Array|Greedy
2790,Maximum Number of Groups With Increasing Length,https://leetcode.com/problems/maximum-number-of-groups-with-increasing-length/,Hard,23.31,Array|Math|Binary Search|Greedy|Sorting
2791,Count Paths That Can Form a Palindrome in a Tree,https://leetcode.com/problems/count-paths-that-can-form-a-palindrome-in-a-tree/,Hard,53.25,Hash Table|Bit Manipulation|Tree|Depth-First Search
2798,Number of Employees Who Met the Target,https://leetcode.com/problems/number-of-employees-who-met-the-target/,Easy,87.92,Array
2799,Count Complete Subarrays in an Array,https://leetcode.com/problems/count-complete-subarrays-in-an-array/,Medium,76.08,Array|Hash Table|Sliding Window
2800,Shortest String That Contains Three Strings,https://leetcode.com/problems/shortest-string-that-contains-three-strings/,Medium,32.13,String|Greedy|Enumeration
2801,Count Stepping Numbers in Range,https://leetcode.com/problems/count-stepping-numbers-in-range/,Hard,29.51,String|Dynamic Programming
2806,Account Balance After Rounded Purchase,https://leetcode.com/problems/account-balance-after-rounded-purchase/,Easy,57.82,Math
2807,Insert Greatest Common Divisors in Linked List,https://leetcode.com/problems/insert-greatest-common-divisors-in-linked-list/,Medium,91.27,Linked List|Math|Number Theory
2808,Minimum Seconds to Equalize a Circular Array,https://leetcode.com/problems/minimum-seconds-to-equalize-a-circular-array/,Medium,28.74,Array|Hash Table
2809,Minimum Time to Make Array Sum At Most x,https://leetcode.com/problems/minimum-time-to-make-array-sum-at-most-x/,Hard,28.22,Array|Dynamic Programming|Sorting
2810,Faulty Keyboard,https://leetcode.com/problems/faulty-keyboard/,Easy,80.54,String|Simulation
2811,Check if it is Possible to Split Array,https://leetcode.com/problems/check-if-it-is-possible-to-split-array/,Medium,34.54,Array|Dynamic Programming|Greedy
2812,Find the Safest Path in a Grid,https://leetcode.com/problems/find-the-safest-path-in-a-grid/,Medium,57.32,Array|Binary Search|Breadth-First Search|Union-Find|Heap (Priority Queue)|Matrix
2813,Maximum Elegance of a K-Length Subsequence,https://leetcode.com/problems/maximum-elegance-of-a-k-length-subsequence/,Hard,29.32,Array|Hash Table|Stack|Greedy|Sorting|Heap (Priority Queue)
2815,Max Pair Sum in an Array,https://leetcode.com/problems/max-pair-sum-in-an-array/,Easy,61.14,Array|Hash Table
2816,Double a Number Represented as a Linked List,https://leetcode.com/problems/double-a-number-represented-as-a-linked-list/,Medium,61.34,Linked List|Math|Stack
2817,Minimum Absolute Difference Between Elements With Constraint,https://leetcode.com/problems/minimum-absolute-difference-between-elements-with-constraint/,Medium,37.97,Array|Binary Search|Ordered Set
2818,Apply Operations to Maximize Score,https://leetcode.com/problems/apply-operations-to-maximize-score/,Hard,53.65,Array|Math|Stack|Greedy|Sorting|Monotonic Stack|Number Theory
2824,Count Pairs Whose Sum is Less than Target,https://leetcode.com/problems/count-pairs-whose-sum-is-less-than-target/,Easy,87.83,Array|Two Pointers|Binary Search|Sorting
2825,Make String a Subsequence Using Cyclic Increments,https://leetcode.com/problems/make-string-a-subsequence-using-cyclic-increments/,Medium,65.76,Two Pointers|String
2826,Sorting Three Groups,https://leetcode.com/problems/sorting-three-groups/,Medium,43.28,Array|Binary Search|Dynamic Programming
2827,Number of Beautiful Integers in the Range,https://leetcode.com/problems/number-of-beautiful-integers-in-the-range/,Hard,23.08,Math|Dynamic Programming
2828,Check if a String Is an Acronym of Words,https://leetcode.com/problems/check-if-a-string-is-an-acronym-of-words/,Easy,83.13,Array|String
2829,Determine the Minimum Sum of a k-avoiding Array,https://leetcode.com/problems/determine-the-minimum-sum-of-a-k-avoiding-array/,Medium,61.13,Math|Greedy
2830,Maximize the Profit as the Salesman,https://leetcode.com/problems/maximize-the-profit-as-the-salesman/,Medium,38.47,Array|Hash Table|Binary Search|Dynamic Programming|Sorting
2831,Find the Longest Equal Subarray,https://leetcode.com/problems/find-the-longest-equal-subarray/,Medium,38.53,Array|Hash Table|Binary Search|Sliding Window
2833,Furthest Point From Origin,https://leetcode.com/problems/furthest-point-from-origin/,Easy,77.18,String|Counting
2834,Find the Minimum Possible Sum of a Beautiful Array,https://leetcode.com/problems/find-the-minimum-possible-sum-of-a-beautiful-array/,Medium,34.66,Math|Greedy
2835,Minimum Operations to Form Subsequence With Target Sum,https://leetcode.com/problems/minimum-operations-to-form-subsequence-with-target-sum/,Hard,32.79,Array|Greedy|Bit Manipulation
2836,Maximize Value of Function in a Ball Passing Game,https://leetcode.com/problems/maximize-value-of-function-in-a-ball-passing-game/,Hard,31.73,Array|Dynamic Programming|Bit Manipulation
2839,Check if Strings Can be Made Equal With Operations I,https://leetcode.com/problems/check-if-strings-can-be-made-equal-with-operations-i/,Easy,61.94,String
2840,Check if Strings Can be Made Equal With Operations II,https://leetcode.com/problems/check-if-strings-can-be-made-equal-with-operations-ii/,Medium,74.11,Hash Table|String|Sorting
2841,Maximum Sum of Almost Unique Subarray,https://leetcode.com/problems/maximum-sum-of-almost-unique-subarray/,Medium,41.55,Array|Hash Table|Sliding Window
2842,Count K-Subsequences of a String With Maximum Beauty,https://leetcode.com/problems/count-k-subsequences-of-a-string-with-maximum-beauty/,Hard,30.23,Hash Table|Math|String|Greedy|Sorting|Combinatorics|Fermat's Little Theorem
2843,  Count Symmetric Integers,https://leetcode.com/problems/count-symmetric-integers/,Easy,83.14,Math|Enumeration
2844,Minimum Operations to Make a Special Number,https://leetcode.com/problems/minimum-operations-to-make-a-special-number/,Medium,38.77,Math|String|Greedy|Enumeration
2845,Count of Interesting Subarrays,https://leetcode.com/problems/count-of-interesting-subarrays/,Medium,57.79,Array|Hash Table|Prefix Sum
2846,Minimum Edge Weight Equilibrium Queries in a Tree,https://leetcode.com/problems/minimum-edge-weight-equilibrium-queries-in-a-tree/,Hard,47.42,Array|Dynamic Programming|Bit Manipulation|Tree|Depth-First Search
2848,Points That Intersect With Cars,https://leetcode.com/problems/points-that-intersect-with-cars/,Easy,73.54,Array|Hash Table|Prefix Sum
2849,Determine if a Cell Is Reachable at a Given Time,https://leetcode.com/problems/determine-if-a-cell-is-reachable-at-a-given-time/,Medium,37.47,Math
2850,Minimum Moves to Spread Stones Over Grid,https://leetcode.com/problems/minimum-moves-to-spread-stones-over-grid/,Medium,45.62,Array|Dynamic Programming|Backtracking|Bit Manipulation|Matrix|Bitmask
2851,String Transformation,https://leetcode.com/problems/string-transformation/,Hard,27.66,Math|String|Dynamic Programming|String Matching
2855,Minimum Right Shifts to Sort the Array,https://leetcode.com/problems/minimum-right-shifts-to-sort-the-array/,Easy,57.64,Array
2856,Minimum Array Length After Pair Removals,https://leetcode.com/problems/minimum-array-length-after-pair-removals/,Medium,27.95,Array|Hash Table|Two Pointers|Binary Search|Greedy|Counting
2857,Count Pairs of Points With Distance k,https://leetcode.com/problems/count-pairs-of-points-with-distance-k/,Medium,33.28,Array|Hash Table|Bit Manipulation
2858,Minimum Edge Reversals So Every Node Is Reachable,https://leetcode.com/problems/minimum-edge-reversals-so-every-node-is-reachable/,Hard,59.68,Dynamic Programming|Depth-First Search|Breadth-First Search|Graph Theory
2859,Sum of Values at Indices With K Set Bits,https://leetcode.com/problems/sum-of-values-at-indices-with-k-set-bits/,Easy,86.13,Array|Bit Manipulation
2860,Happy Students,https://leetcode.com/problems/happy-students/,Medium,51.33,Array|Sorting|Enumeration
2861,Maximum Number of Alloys,https://leetcode.com/problems/maximum-number-of-alloys/,Medium,41.42,Array|Binary Search
2862,Maximum Element-Sum of a Complete Subset of Indices,https://leetcode.com/problems/maximum-element-sum-of-a-complete-subset-of-indices/,Hard,43.42,Array|Math|Number Theory
2864,Maximum Odd Binary Number,https://leetcode.com/problems/maximum-odd-binary-number/,Easy,82.99,Math|String|Greedy
2865,Beautiful Towers I,https://leetcode.com/problems/beautiful-towers-i/,Medium,44.86,Array|Stack|Monotonic Stack
2866,Beautiful Towers II,https://leetcode.com/problems/beautiful-towers-ii/,Medium,36.97,Array|Stack|Monotonic Stack
2867,Count Valid Paths in a Tree,https://leetcode.com/problems/count-valid-paths-in-a-tree/,Hard,36.92,Math|Dynamic Programming|Tree|Depth-First Search|Number Theory|Primality Test|Sieve Theory|Prime Number Sieve
2869,Minimum Operations to Collect Elements,https://leetcode.com/problems/minimum-operations-to-collect-elements/,Easy,62.24,Array|Hash Table|Bit Manipulation
2870,Minimum Number of Operations to Make Array Empty,https://leetcode.com/problems/minimum-number-of-operations-to-make-array-empty/,Medium,62.36,Array|Hash Table|Greedy|Counting
2871,Split Array Into Maximum Number of Subarrays,https://leetcode.com/problems/split-array-into-maximum-number-of-subarrays/,Medium,42.75,Array|Greedy|Bit Manipulation
2872,Maximum Number of K-Divisible Components,https://leetcode.com/problems/maximum-number-of-k-divisible-components/,Hard,73.97,Tree|Depth-First Search
2873,Maximum Value of an Ordered Triplet I,https://leetcode.com/problems/maximum-value-of-an-ordered-triplet-i/,Easy,58.07,Array|Prefix Sum
2874,Maximum Value of an Ordered Triplet II,https://leetcode.com/problems/maximum-value-of-an-ordered-triplet-ii/,Medium,56.25,Array|Prefix Sum
2875,Minimum Size Subarray in Infinite Array,https://leetcode.com/problems/minimum-size-subarray-in-infinite-array/,Medium,32.27,Array|Hash Table|Sliding Window|Prefix Sum
2876,Count Visited Nodes in a Directed Graph,https://leetcode.com/problems/count-visited-nodes-in-a-directed-graph/,Hard,31.35,Dynamic Programming|Depth-First Search|Graph Theory|Topological Sort|Memoization|Kosaraju's Algorithm|Tarjan's SCC Algorithm
2877,Create a DataFrame from List,https://leetcode.com/problems/create-a-dataframe-from-list/,Easy,80.89,
2878,Get the Size of a DataFrame,https://leetcode.com/problems/get-the-size-of-a-dataframe/,Easy,84.76,
2879,Display the First Three Rows,https://leetcode.com/problems/display-the-first-three-rows/,Easy,92.98,
2880,Select Data,https://leetcode.com/problems/select-data/,Easy,78.38,
2881,Create a New Column,https://leetcode.com/problems/create-a-new-column/,Easy,90.15,
2882,Drop Duplicate Rows,https://leetcode.com/problems/drop-duplicate-rows/,Easy,85.14,
2883,Drop Missing Data,https://leetcode.com/problems/drop-missing-data/,Easy,64.69,
2884,Modify Columns,https://leetcode.com/problems/modify-columns/,Easy,92.25,
2885,Rename Columns,https://leetcode.com/problems/rename-columns/,Easy,85.27,
2886,Change Data Type,https://leetcode.com/problems/change-data-type/,Easy,87.32,
2887,Fill Missing Data,https://leetcode.com/problems/fill-missing-data/,Easy,72.58,
2888,Reshape Data: Concatenate,https://leetcode.com/problems/reshape-data-concatenate/,Easy,90.39,
2889,Reshape Data: Pivot,https://leetcode.com/problems/reshape-data-pivot/,Easy,82.92,
2890,Reshape Data: Melt,https://leetcode.com/problems/reshape-data-melt/,Easy,85.91,
2891,Method Chaining,https://leetcode.com/problems/method-chaining/,Easy,76.16,
2894,Divisible and Non-divisible Sums Difference,https://leetcode.com/problems/divisible-and-non-divisible-sums-difference/,Easy,91.13,Math
2895,Minimum Processing Time,https://leetcode.com/problems/minimum-processing-time/,Medium,70.79,Array|Greedy|Sorting
2896,Apply Operations to Make Two Strings Equal,https://leetcode.com/problems/apply-operations-to-make-two-strings-equal/,Medium,27.96,String|Dynamic Programming
2897,Apply Operations on Array to Maximize Sum of Squares,https://leetcode.com/problems/apply-operations-on-array-to-maximize-sum-of-squares/,Hard,45.17,Array|Hash Table|Greedy|Bit Manipulation
2899,Last Visited Integers,https://leetcode.com/problems/last-visited-integers/,Easy,62.62,Array|Simulation
2900,Longest Unequal Adjacent Groups Subsequence I,https://leetcode.com/problems/longest-unequal-adjacent-groups-subsequence-i/,Easy,66.78,Array|String|Dynamic Programming|Greedy
2901,Longest Unequal Adjacent Groups Subsequence II,https://leetcode.com/problems/longest-unequal-adjacent-groups-subsequence-ii/,Medium,51.31,Array|String|Dynamic Programming
2902,Count of Sub-Multisets With Bounded Sum,https://leetcode.com/problems/count-of-sub-multisets-with-bounded-sum/,Hard,22.82,Array|Hash Table|Dynamic Programming|Sliding Window|Knapsack Problem|Multiple Knapsack
2903,Find Indices With Index and Value Difference I,https://leetcode.com/problems/find-indices-with-index-and-value-difference-i/,Easy,60.04,Array|Two Pointers
2904,Shortest and Lexicographically Smallest Beautiful String,https://leetcode.com/problems/shortest-and-lexicographically-smallest-beautiful-string/,Medium,41.4,String|Sliding Window
2905,Find Indices With Index and Value Difference II,https://leetcode.com/problems/find-indices-with-index-and-value-difference-ii/,Medium,32.69,Array|Two Pointers
2906,Construct Product Matrix,https://leetcode.com/problems/construct-product-matrix/,Medium,51.74,Array|Matrix|Prefix Sum
2908,Minimum Sum of Mountain Triplets I,https://leetcode.com/problems/minimum-sum-of-mountain-triplets-i/,Easy,67.88,Array
2909,Minimum Sum of Mountain Triplets II,https://leetcode.com/problems/minimum-sum-of-mountain-triplets-ii/,Medium,54.96,Array|Prefix Sum
2910,Minimum Number of Groups to Create a Valid Assignment,https://leetcode.com/problems/minimum-number-of-groups-to-create-a-valid-assignment/,Medium,25.24,Array|Hash Table|Greedy
2911,Minimum Changes to Make K Semi-palindromes,https://leetcode.com/problems/minimum-changes-to-make-k-semi-palindromes/,Hard,35.04,Two Pointers|String|Dynamic Programming
2913,Subarrays Distinct Element Sum of Squares I,https://leetcode.com/problems/subarrays-distinct-element-sum-of-squares-i/,Easy,80.47,Array|Hash Table|Segment Tree
2914,Minimum Number of Changes to Make Binary String Beautiful,https://leetcode.com/problems/minimum-number-of-changes-to-make-binary-string-beautiful/,Medium,76.25,String
2915,Length of the Longest Subsequence That Sums to Target,https://leetcode.com/problems/length-of-the-longest-subsequence-that-sums-to-target/,Medium,40.24,Array|Dynamic Programming|Knapsack Problem|0-1 Knapsack
2916,Subarrays Distinct Element Sum of Squares II,https://leetcode.com/problems/subarrays-distinct-element-sum-of-squares-ii/,Hard,23.26,Array|Hash Table|Binary Indexed Tree|Segment Tree
2917,Find the K-or of an Array,https://leetcode.com/problems/find-the-k-or-of-an-array/,Easy,73.05,Array|Bit Manipulation
2918,Minimum Equal Sum of Two Arrays After Replacing Zeros,https://leetcode.com/problems/minimum-equal-sum-of-two-arrays-after-replacing-zeros/,Medium,50.15,Array|Greedy
2919,Minimum Increment Operations to Make Array Beautiful,https://leetcode.com/problems/minimum-increment-operations-to-make-array-beautiful/,Medium,34.66,Array|Dynamic Programming
2920,Maximum Points After Collecting Coins From All Nodes,https://leetcode.com/problems/maximum-points-after-collecting-coins-from-all-nodes/,Hard,36.53,Array|Dynamic Programming|Bit Manipulation|Tree|Depth-First Search|Memoization|DP on Trees
2923,Find Champion I,https://leetcode.com/problems/find-champion-i/,Easy,73.11,Array|Matrix
2924,Find Champion II,https://leetcode.com/problems/find-champion-ii/,Medium,70.41,Graph Theory
2925,Maximum Score After Applying Operations on a Tree,https://leetcode.com/problems/maximum-score-after-applying-operations-on-a-tree/,Medium,47.6,Dynamic Programming|Tree|Depth-First Search|DP on Trees
2926,Maximum Balanced Subsequence Sum,https://leetcode.com/problems/maximum-balanced-subsequence-sum/,Hard,26.08,Array|Binary Search|Dynamic Programming|Binary Indexed Tree|Segment Tree
2928,Distribute Candies Among Children I,https://leetcode.com/problems/distribute-candies-among-children-i/,Easy,76.72,Math|Combinatorics|Enumeration
2929,Distribute Candies Among Children II,https://leetcode.com/problems/distribute-candies-among-children-ii/,Medium,55.64,Math|Combinatorics|Enumeration
2930,Number of Strings Which Can Be Rearranged to Contain Substring,https://leetcode.com/problems/number-of-strings-which-can-be-rearranged-to-contain-substring/,Medium,56.65,Math|Dynamic Programming|Combinatorics
2931,Maximum Spending After Buying Items,https://leetcode.com/problems/maximum-spending-after-buying-items/,Hard,61.6,Array|Greedy|Sorting|Heap (Priority Queue)|Matrix
2932,Maximum Strong Pair XOR I,https://leetcode.com/problems/maximum-strong-pair-xor-i/,Easy,76.39,Array|Hash Table|Bit Manipulation|Trie|Sliding Window
2933,High-Access Employees,https://leetcode.com/problems/high-access-employees/,Medium,47.73,Array|Hash Table|String|Sorting
2934,Minimum Operations to Maximize Last Elements in Arrays,https://leetcode.com/problems/minimum-operations-to-maximize-last-elements-in-arrays/,Medium,44.27,Array|Enumeration
2935,Maximum Strong Pair XOR II,https://leetcode.com/problems/maximum-strong-pair-xor-ii/,Hard,32.75,Array|Hash Table|Bit Manipulation|Trie|Sliding Window
2937,Make Three Strings Equal,https://leetcode.com/problems/make-three-strings-equal/,Easy,45.3,String
2938,Separate Black and White Balls,https://leetcode.com/problems/separate-black-and-white-balls/,Medium,63.81,Two Pointers|String|Greedy
2939,Maximum Xor Product,https://leetcode.com/problems/maximum-xor-product/,Medium,30.45,Math|Greedy|Bit Manipulation
2940,Find Building Where Alice and Bob Can Meet,https://leetcode.com/problems/find-building-where-alice-and-bob-can-meet/,Hard,52.52,Array|Binary Search|Stack|Binary Indexed Tree|Segment Tree|Heap (Priority Queue)|Monotonic Stack
2942,Find Words Containing Character,https://leetcode.com/problems/find-words-containing-character/,Easy,90.4,Array|String
2943,Maximize Area of Square Hole in Grid,https://leetcode.com/problems/maximize-area-of-square-hole-in-grid/,Medium,61.78,Array|Sorting
2944,Minimum Number of Coins for Fruits,https://leetcode.com/problems/minimum-number-of-coins-for-fruits/,Medium,49.12,Array|Dynamic Programming|Queue|Heap (Priority Queue)|Monotonic Queue
2945,Find Maximum Non-decreasing Array Length,https://leetcode.com/problems/find-maximum-non-decreasing-array-length/,Hard,18.95,Array|Binary Search|Dynamic Programming|Stack|Queue|Monotonic Stack|Prefix Sum|Monotonic Queue
2946,Matrix Similarity After Cyclic Shifts,https://leetcode.com/problems/matrix-similarity-after-cyclic-shifts/,Easy,74.43,Array|Math|Matrix|Simulation
2947,Count Beautiful Substrings I,https://leetcode.com/problems/count-beautiful-substrings-i/,Medium,60.88,Hash Table|Math|String|Enumeration|Number Theory|Prefix Sum
2948,Make Lexicographically Smallest Array by Swapping Elements,https://leetcode.com/problems/make-lexicographically-smallest-array-by-swapping-elements/,Medium,60.13,Array|Union-Find|Sorting
2949,Count Beautiful Substrings II,https://leetcode.com/problems/count-beautiful-substrings-ii/,Hard,27.96,Hash Table|Math|String|Number Theory|Prefix Sum
2951,Find the Peaks,https://leetcode.com/problems/find-the-peaks/,Easy,75.48,Array|Enumeration
2952,Minimum Number of Coins to be Added,https://leetcode.com/problems/minimum-number-of-coins-to-be-added/,Medium,57.86,Array|Greedy|Sorting
2953,Count Complete Substrings,https://leetcode.com/problems/count-complete-substrings/,Hard,31.24,Hash Table|String|Sliding Window
2954,Count the Number of Infection Sequences,https://leetcode.com/problems/count-the-number-of-infection-sequences/,Hard,38.27,Array|Math|Combinatorics|Fermat's Little Theorem
2956,Find Common Elements Between Two Arrays,https://leetcode.com/problems/find-common-elements-between-two-arrays/,Easy,84.7,Array|Hash Table
2957,Remove Adjacent Almost-Equal Characters,https://leetcode.com/problems/remove-adjacent-almost-equal-characters/,Medium,53.95,String|Dynamic Programming|Greedy
2958,Length of Longest Subarray With at Most K Frequency,https://leetcode.com/problems/length-of-longest-subarray-with-at-most-k-frequency/,Medium,56.81,Array|Hash Table|Sliding Window
2959,Number of Possible Sets of Closing Branches,https://leetcode.com/problems/number-of-possible-sets-of-closing-branches/,Hard,50.6,Bit Manipulation|Graph Theory|Heap (Priority Queue)|Enumeration|Shortest Path
2960,Count Tested Devices After Test Operations,https://leetcode.com/problems/count-tested-devices-after-test-operations/,Easy,78.44,Array|Simulation|Counting
2961,Double Modular Exponentiation,https://leetcode.com/problems/double-modular-exponentiation/,Medium,47.96,Array|Math|Simulation
2962,Count Subarrays Where Max Element Appears at Least K Times,https://leetcode.com/problems/count-subarrays-where-max-element-appears-at-least-k-times/,Medium,62.32,Array|Sliding Window
2963,Count the Number of Good Partitions,https://leetcode.com/problems/count-the-number-of-good-partitions/,Hard,50.24,Array|Hash Table|Math|Combinatorics
2965,Find Missing and Repeated Values,https://leetcode.com/problems/find-missing-and-repeated-values/,Easy,82.99,Array|Hash Table|Math|Matrix
2966,Divide Array Into Arrays With Max Difference,https://leetcode.com/problems/divide-array-into-arrays-with-max-difference/,Medium,79.07,Array|Greedy|Sorting
2967,Minimum Cost to Make Array Equalindromic,https://leetcode.com/problems/minimum-cost-to-make-array-equalindromic/,Medium,23.67,Array|Math|Binary Search|Greedy|Sorting
2968,Apply Operations to Maximize Frequency Score,https://leetcode.com/problems/apply-operations-to-maximize-frequency-score/,Hard,39.58,Array|Binary Search|Sliding Window|Sorting|Prefix Sum
2970,Count the Number of Incremovable Subarrays I,https://leetcode.com/problems/count-the-number-of-incremovable-subarrays-i/,Easy,56.37,Array|Two Pointers|Binary Search|Enumeration
2971,Find Polygon With the Largest Perimeter,https://leetcode.com/problems/find-polygon-with-the-largest-perimeter/,Medium,65.6,Array|Greedy|Sorting|Prefix Sum|Polygons
2972,Count the Number of Incremovable Subarrays II,https://leetcode.com/problems/count-the-number-of-incremovable-subarrays-ii/,Hard,40.69,Array|Two Pointers|Binary Search
2973,Find Number of Coins to Place in Tree Nodes,https://leetcode.com/problems/find-number-of-coins-to-place-in-tree-nodes/,Hard,37.1,Dynamic Programming|Tree|Depth-First Search|Sorting|Heap (Priority Queue)|DP on Trees
2974,Minimum Number Game,https://leetcode.com/problems/minimum-number-game/,Easy,85.73,Array|Sorting|Heap (Priority Queue)|Simulation
2975,Maximum Square Area by Removing Fences From a Field,https://leetcode.com/problems/maximum-square-area-by-removing-fences-from-a-field/,Medium,49.56,Array|Hash Table|Enumeration
2976,Minimum Cost to Convert String I,https://leetcode.com/problems/minimum-cost-to-convert-string-i/,Medium,63.02,Array|String|Graph Theory|Shortest Path
2977,Minimum Cost to Convert String II,https://leetcode.com/problems/minimum-cost-to-convert-string-ii/,Hard,59.54,Array|String|Dynamic Programming|Graph Theory|Trie|Shortest Path
2980,Check if Bitwise OR Has Trailing Zeros,https://leetcode.com/problems/check-if-bitwise-or-has-trailing-zeros/,Easy,71.64,Array|Bit Manipulation
2981,Find Longest Special Substring That Occurs Thrice I,https://leetcode.com/problems/find-longest-special-substring-that-occurs-thrice-i/,Medium,61.85,Hash Table|String|Binary Search|Sliding Window|Counting
2982,Find Longest Special Substring That Occurs Thrice II,https://leetcode.com/problems/find-longest-special-substring-that-occurs-thrice-ii/,Medium,39.38,Hash Table|String|Binary Search|Sliding Window|Counting
2983,Palindrome Rearrangement Queries,https://leetcode.com/problems/palindrome-rearrangement-queries/,Hard,25.29,Array|Hash Table|String|Prefix Sum
2996,Smallest Missing Integer Greater Than Sequential Prefix Sum,https://leetcode.com/problems/smallest-missing-integer-greater-than-sequential-prefix-sum/,Easy,35.84,Array|Hash Table|Sorting
2997,Minimum Number of Operations to Make Array XOR Equal to K,https://leetcode.com/problems/minimum-number-of-operations-to-make-array-xor-equal-to-k/,Medium,85.5,Array|Bit Manipulation
2998,Minimum Number of Operations to Make X and Y Equal,https://leetcode.com/problems/minimum-number-of-operations-to-make-x-and-y-equal/,Medium,48.95,Dynamic Programming|Breadth-First Search|Memoization
2999,Count the Number of Powerful Integers,https://leetcode.com/problems/count-the-number-of-powerful-integers/,Hard,46.25,Math|String|Dynamic Programming
3000,Maximum Area of Longest Diagonal Rectangle,https://leetcode.com/problems/maximum-area-of-longest-diagonal-rectangle/,Easy,45.95,Array
3001,Minimum Moves to Capture The Queen,https://leetcode.com/problems/minimum-moves-to-capture-the-queen/,Medium,22.65,Math|Enumeration
3002,Maximum Size of a Set After Removals,https://leetcode.com/problems/maximum-size-of-a-set-after-removals/,Medium,46.9,Array|Hash Table|Greedy
3003,Maximize the Number of Partitions After Operations,https://leetcode.com/problems/maximize-the-number-of-partitions-after-operations/,Hard,53.26,String|Dynamic Programming|Bit Manipulation|Bitmask
3005,Count Elements With Maximum Frequency,https://leetcode.com/problems/count-elements-with-maximum-frequency/,Easy,79.73,Array|Hash Table|Counting
3006,Find Beautiful Indices in the Given Array I,https://leetcode.com/problems/find-beautiful-indices-in-the-given-array-i/,Medium,41.1,Two Pointers|String|Binary Search|Rolling Hash|String Matching|Hash Function|Z Algorithm|Knuth–Morris–Pratt Algorithm|Boyer–Moore String-Search Algorithm
3007,Maximum Number That Sum of the Prices Is Less Than or Equal to K,https://leetcode.com/problems/maximum-number-that-sum-of-the-prices-is-less-than-or-equal-to-k/,Medium,39.14,Math|Binary Search|Dynamic Programming|Bit Manipulation
3008,Find Beautiful Indices in the Given Array II,https://leetcode.com/problems/find-beautiful-indices-in-the-given-array-ii/,Hard,28.29,Two Pointers|String|Binary Search|Rolling Hash|String Matching|Hash Function|Z Algorithm|Knuth–Morris–Pratt Algorithm|Boyer–Moore String-Search Algorithm
3010,Divide an Array Into Subarrays With Minimum Cost I,https://leetcode.com/problems/divide-an-array-into-subarrays-with-minimum-cost-i/,Easy,80.6,Array|Sorting|Enumeration
3011,Find if Array Can Be Sorted,https://leetcode.com/problems/find-if-array-can-be-sorted/,Medium,66.39,Array|Bit Manipulation|Sorting
3012,Minimize Length of Array Using Operations,https://leetcode.com/problems/minimize-length-of-array-using-operations/,Medium,35.87,Array|Math|Greedy|Number Theory
3013,Divide an Array Into Subarrays With Minimum Cost II,https://leetcode.com/problems/divide-an-array-into-subarrays-with-minimum-cost-ii/,Hard,54.7,Array|Hash Table|Sliding Window|Heap (Priority Queue)
3014,Minimum Number of Pushes to Type Word I,https://leetcode.com/problems/minimum-number-of-pushes-to-type-word-i/,Easy,77.38,Math|String|Greedy
3015,Count the Number of Houses at a Certain Distance I,https://leetcode.com/problems/count-the-number-of-houses-at-a-certain-distance-i/,Medium,58.37,Breadth-First Search|Graph Theory|Prefix Sum
3016,Minimum Number of Pushes to Type Word II,https://leetcode.com/problems/minimum-number-of-pushes-to-type-word-ii/,Medium,83.28,Hash Table|String|Greedy|Sorting|Counting
3017,Count the Number of Houses at a Certain Distance II,https://leetcode.com/problems/count-the-number-of-houses-at-a-certain-distance-ii/,Hard,23.37,Graph Theory|Prefix Sum
3019,Number of Changing Keys,https://leetcode.com/problems/number-of-changing-keys/,Easy,80.94,String
3020,Find the Maximum Number of Elements in Subset,https://leetcode.com/problems/find-the-maximum-number-of-elements-in-subset/,Medium,42.3,Array|Hash Table|Enumeration
3021,Alice and Bob Playing Flower Game,https://leetcode.com/problems/alice-and-bob-playing-flower-game/,Medium,59.91,Math
3022,Minimize OR of Remaining Elements Using Operations,https://leetcode.com/problems/minimize-or-of-remaining-elements-using-operations/,Hard,31.03,Array|Greedy|Bit Manipulation
3024,Type of Triangle,https://leetcode.com/problems/type-of-triangle/,Easy,44.01,Array|Math|Sorting|Polygons
3025,Find the Number of Ways to Place People I,https://leetcode.com/problems/find-the-number-of-ways-to-place-people-i/,Medium,64.03,Array|Math|Geometry|Sorting|Enumeration
3026,Maximum Good Subarray Sum,https://leetcode.com/problems/maximum-good-subarray-sum/,Medium,22.28,Array|Hash Table|Prefix Sum
3027,Find the Number of Ways to Place People II,https://leetcode.com/problems/find-the-number-of-ways-to-place-people-ii/,Hard,64.18,Array|Math|Geometry|Sorting|Enumeration
3028,Ant on the Boundary,https://leetcode.com/problems/ant-on-the-boundary/,Easy,74.61,Array|Simulation|Prefix Sum
3029,Minimum Time to Revert Word to Initial State I,https://leetcode.com/problems/minimum-time-to-revert-word-to-initial-state-i/,Medium,42.82,String|Rolling Hash|String Matching|Hash Function
3030,Find the Grid of Region Average,https://leetcode.com/problems/find-the-grid-of-region-average/,Medium,43.94,Array|Matrix
3031,Minimum Time to Revert Word to Initial State II,https://leetcode.com/problems/minimum-time-to-revert-word-to-initial-state-ii/,Hard,35.74,String|Rolling Hash|String Matching|Hash Function
3033,Modify the Matrix,https://leetcode.com/problems/modify-the-matrix/,Easy,68.95,Array|Matrix
3034,Number of Subarrays That Match a Pattern I,https://leetcode.com/problems/number-of-subarrays-that-match-a-pattern-i/,Medium,68.83,Array|Rolling Hash|String Matching|Hash Function
3035,Maximum Palindromes After Operations,https://leetcode.com/problems/maximum-palindromes-after-operations/,Medium,46.93,Array|Hash Table|String|Greedy|Sorting|Counting
3036,Number of Subarrays That Match a Pattern II,https://leetcode.com/problems/number-of-subarrays-that-match-a-pattern-ii/,Hard,34.24,Array|Rolling Hash|String Matching|Hash Function
3038,Maximum Number of Operations With the Same Score I,https://leetcode.com/problems/maximum-number-of-operations-with-the-same-score-i/,Easy,52.86,Array|Simulation
3039,Apply Operations to Make String Empty,https://leetcode.com/problems/apply-operations-to-make-string-empty/,Medium,57.97,Array|Hash Table|Sorting|Counting
3040,Maximum Number of Operations With the Same Score II,https://leetcode.com/problems/maximum-number-of-operations-with-the-same-score-ii/,Medium,34.2,Array|Dynamic Programming|Memoization
3041,Maximize Consecutive Elements in an Array After Modification,https://leetcode.com/problems/maximize-consecutive-elements-in-an-array-after-modification/,Hard,34.28,Array|Dynamic Programming|Sorting
3042,Count Prefix and Suffix Pairs I,https://leetcode.com/problems/count-prefix-and-suffix-pairs-i/,Easy,77.66,Array|String|Trie|Rolling Hash|String Matching|Hash Function
3043,Find the Length of the Longest Common Prefix,https://leetcode.com/problems/find-the-length-of-the-longest-common-prefix/,Medium,62.34,Array|Hash Table|String|Trie
3044,Most Frequent Prime,https://leetcode.com/problems/most-frequent-prime/,Medium,46.33,Array|Hash Table|Math|Matrix|Counting|Enumeration|Number Theory|Primality Test|Sieve Theory|Prime Number Sieve
3045,Count Prefix and Suffix Pairs II,https://leetcode.com/problems/count-prefix-and-suffix-pairs-ii/,Hard,28.47,Array|String|Trie|Rolling Hash|String Matching|Hash Function|Z Algorithm
3046,Split the Array,https://leetcode.com/problems/split-the-array/,Easy,61.78,Array|Hash Table|Counting
3047,Find the Largest Area of Square Inside Two Rectangles,https://leetcode.com/problems/find-the-largest-area-of-square-inside-two-rectangles/,Medium,67.05,Array|Math|Geometry
3048,Earliest Second to Mark Indices I,https://leetcode.com/problems/earliest-second-to-mark-indices-i/,Medium,36.72,Array|Binary Search
3049,Earliest Second to Mark Indices II,https://leetcode.com/problems/earliest-second-to-mark-indices-ii/,Hard,22.27,Array|Binary Search|Greedy|Heap (Priority Queue)
3065,Minimum Operations to Exceed Threshold Value I,https://leetcode.com/problems/minimum-operations-to-exceed-threshold-value-i/,Easy,86.95,Array
3066,Minimum Operations to Exceed Threshold Value II,https://leetcode.com/problems/minimum-operations-to-exceed-threshold-value-ii/,Medium,45.85,Array|Heap (Priority Queue)|Simulation
3067,Count Pairs of Connectable Servers in a Weighted Tree Network,https://leetcode.com/problems/count-pairs-of-connectable-servers-in-a-weighted-tree-network/,Medium,56.39,Array|Tree|Depth-First Search
3068,Find the Maximum Sum of Node Values,https://leetcode.com/problems/find-the-maximum-sum-of-node-values/,Hard,69.38,Array|Dynamic Programming|Greedy|Bit Manipulation|Tree|Sorting
3069,Distribute Elements Into Two Arrays I,https://leetcode.com/problems/distribute-elements-into-two-arrays-i/,Easy,73.78,Array|Simulation
3070,Count Submatrices with Top-Left Element and Sum Less Than k,https://leetcode.com/problems/count-submatrices-with-top-left-element-and-sum-less-than-k/,Medium,74.94,Array|Matrix|Prefix Sum
3071,Minimum Operations to Write the Letter Y on a Grid,https://leetcode.com/problems/minimum-operations-to-write-the-letter-y-on-a-grid/,Medium,64.75,Array|Hash Table|Matrix|Counting
3072,Distribute Elements Into Two Arrays II,https://leetcode.com/problems/distribute-elements-into-two-arrays-ii/,Hard,31.15,Array|Binary Indexed Tree|Segment Tree|Simulation
3074,Apple Redistribution into Boxes,https://leetcode.com/problems/apple-redistribution-into-boxes/,Easy,78.4,Array|Greedy|Sorting
3075,Maximize Happiness of Selected Children,https://leetcode.com/problems/maximize-happiness-of-selected-children/,Medium,58.72,Array|Greedy|Sorting
3076,Shortest Uncommon Substring in an Array,https://leetcode.com/problems/shortest-uncommon-substring-in-an-array/,Medium,50.83,Array|Hash Table|String|Trie
3077,Maximum Strength of K Disjoint Subarrays,https://leetcode.com/problems/maximum-strength-of-k-disjoint-subarrays/,Hard,28.29,Array|Dynamic Programming|Prefix Sum
3079,Find the Sum of Encrypted Integers,https://leetcode.com/problems/find-the-sum-of-encrypted-integers/,Easy,75.31,Array|Math
3080,Mark Elements on Array by Performing Queries,https://leetcode.com/problems/mark-elements-on-array-by-performing-queries/,Medium,49.72,Array|Hash Table|Sorting|Heap (Priority Queue)|Simulation
3081,Replace Question Marks in String to Minimize Its Value,https://leetcode.com/problems/replace-question-marks-in-string-to-minimize-its-value/,Medium,29.23,Hash Table|String|Greedy|Sorting|Heap (Priority Queue)|Counting
3082,Find the Sum of the Power of All Subsequences,https://leetcode.com/problems/find-the-sum-of-the-power-of-all-subsequences/,Hard,38.1,Array|Dynamic Programming|Knapsack Problem|0-1 Knapsack
3083,Existence of a Substring in a String and Its Reverse,https://leetcode.com/problems/existence-of-a-substring-in-a-string-and-its-reverse/,Easy,66.75,Hash Table|String
3084,Count Substrings Starting and Ending with Given Character,https://leetcode.com/problems/count-substrings-starting-and-ending-with-given-character/,Medium,50.46,Math|String|Counting
3085,Minimum Deletions to Make String K-Special,https://leetcode.com/problems/minimum-deletions-to-make-string-k-special/,Medium,67.15,Hash Table|String|Greedy|Sorting|Counting
3086,Minimum Moves to Pick K Ones,https://leetcode.com/problems/minimum-moves-to-pick-k-ones/,Hard,21.87,Array|Greedy|Sliding Window|Prefix Sum
3090,Maximum Length Substring With Two Occurrences,https://leetcode.com/problems/maximum-length-substring-with-two-occurrences/,Easy,66.0,Hash Table|String|Sliding Window
3091,Apply Operations to Make Sum of Array Greater Than or Equal to k,https://leetcode.com/problems/apply-operations-to-make-sum-of-array-greater-than-or-equal-to-k/,Medium,44.61,Math|Greedy|Enumeration
3092,Most Frequent IDs,https://leetcode.com/problems/most-frequent-ids/,Medium,42.94,Array|Hash Table|Heap (Priority Queue)|Ordered Set
3093,Longest Common Suffix Queries,https://leetcode.com/problems/longest-common-suffix-queries/,Hard,52.63,Array|String|Trie
3095,Shortest Subarray With OR at Least K I,https://leetcode.com/problems/shortest-subarray-with-or-at-least-k-i/,Easy,44.95,Array|Bit Manipulation|Sliding Window
3096,Minimum Levels to Gain More Points,https://leetcode.com/problems/minimum-levels-to-gain-more-points/,Medium,40.61,Array|Prefix Sum
3097,Shortest Subarray With OR at Least K II,https://leetcode.com/problems/shortest-subarray-with-or-at-least-k-ii/,Medium,50.28,Array|Bit Manipulation|Sliding Window
3098,Find the Sum of Subsequence Powers,https://leetcode.com/problems/find-the-sum-of-subsequence-powers/,Hard,25.13,Array|Dynamic Programming|Sorting
3099,Harshad Number,https://leetcode.com/problems/harshad-number/,Easy,83.44,Math
3100,Water Bottles II,https://leetcode.com/problems/water-bottles-ii/,Medium,78.07,Math|Simulation
3101,Count Alternating Subarrays,https://leetcode.com/problems/count-alternating-subarrays/,Medium,57.56,Array|Math
3102,Minimize Manhattan Distances,https://leetcode.com/problems/minimize-manhattan-distances/,Hard,32.74,Array|Math|Geometry|Sorting|Ordered Set
3105,Longest Strictly Increasing or Strictly Decreasing Subarray,https://leetcode.com/problems/longest-strictly-increasing-or-strictly-decreasing-subarray/,Easy,64.93,Array
3106,Lexicographically Smallest String After Operations With Constraint,https://leetcode.com/problems/lexicographically-smallest-string-after-operations-with-constraint/,Medium,62.25,String|Greedy
3107,Minimum Operations to Make Median of Array Equal to K,https://leetcode.com/problems/minimum-operations-to-make-median-of-array-equal-to-k/,Medium,48.15,Array|Greedy|Sorting
3108,Minimum Cost Walk in Weighted Graph,https://leetcode.com/problems/minimum-cost-walk-in-weighted-graph/,Hard,68.0,Array|Bit Manipulation|Union-Find|Graph Theory
3110,Score of a String,https://leetcode.com/problems/score-of-a-string/,Easy,91.34,String
3111,Minimum Rectangles to Cover Points,https://leetcode.com/problems/minimum-rectangles-to-cover-points/,Medium,64.15,Array|Greedy|Sorting
3112,Minimum Time to Visit Disappearing Nodes,https://leetcode.com/problems/minimum-time-to-visit-disappearing-nodes/,Medium,38.0,Array|Graph Theory|Heap (Priority Queue)|Shortest Path
3113,Find the Number of Subarrays Where Boundary Elements Are Maximum,https://leetcode.com/problems/find-the-number-of-subarrays-where-boundary-elements-are-maximum/,Hard,33.96,Array|Binary Search|Stack|Monotonic Stack
3114,Latest Time You Can Obtain After Replacing Characters,https://leetcode.com/problems/latest-time-you-can-obtain-after-replacing-characters/,Easy,35.51,String|Enumeration
3115,Maximum Prime Difference,https://leetcode.com/problems/maximum-prime-difference/,Medium,59.4,Array|Math|Number Theory|Primality Test
3116,Kth Smallest Amount With Single Denomination Combination,https://leetcode.com/problems/kth-smallest-amount-with-single-denomination-combination/,Hard,20.34,Array|Math|Binary Search|Bit Manipulation|Combinatorics|Number Theory
3117,Minimum Sum of Values by Dividing Array,https://leetcode.com/problems/minimum-sum-of-values-by-dividing-array/,Hard,28.07,Array|Binary Search|Dynamic Programming|Bit Manipulation|Segment Tree|Queue
3120,Count the Number of Special Characters I,https://leetcode.com/problems/count-the-number-of-special-characters-i/,Easy,77.33,Hash Table|String
3121,Count the Number of Special Characters II,https://leetcode.com/problems/count-the-number-of-special-characters-ii/,Medium,60.48,Hash Table|String
3122,Minimum Number of Operations to Satisfy Conditions,https://leetcode.com/problems/minimum-number-of-operations-to-satisfy-conditions/,Medium,42.49,Array|Dynamic Programming|Matrix
3123,Find Edges in Shortest Paths,https://leetcode.com/problems/find-edges-in-shortest-paths/,Hard,46.53,Depth-First Search|Breadth-First Search|Graph Theory|Heap (Priority Queue)|Shortest Path
3127,Make a Square with the Same Color,https://leetcode.com/problems/make-a-square-with-the-same-color/,Easy,52.95,Array|Matrix|Enumeration
3128,Right Triangles,https://leetcode.com/problems/right-triangles/,Medium,48.84,Array|Hash Table|Math|Combinatorics|Counting
3129,Find All Possible Stable Binary Arrays I,https://leetcode.com/problems/find-all-possible-stable-binary-arrays-i/,Medium,53.68,Dynamic Programming|Prefix Sum
3130,Find All Possible Stable Binary Arrays II,https://leetcode.com/problems/find-all-possible-stable-binary-arrays-ii/,Hard,58.5,Dynamic Programming|Prefix Sum
3131,Find the Integer Added to Array I,https://leetcode.com/problems/find-the-integer-added-to-array-i/,Easy,82.67,Array
3132,Find the Integer Added to Array II,https://leetcode.com/problems/find-the-integer-added-to-array-ii/,Medium,33.0,Array|Two Pointers|Sorting|Enumeration
3133,Minimum Array End,https://leetcode.com/problems/minimum-array-end/,Medium,55.29,Bit Manipulation
3134,Find the Median of the Uniqueness Array,https://leetcode.com/problems/find-the-median-of-the-uniqueness-array/,Hard,30.6,Array|Hash Table|Binary Search|Sliding Window
3136,Valid Word,https://leetcode.com/problems/valid-word/,Easy,50.93,String
3137,Minimum Number of Operations to Make Word K-Periodic,https://leetcode.com/problems/minimum-number-of-operations-to-make-word-k-periodic/,Medium,60.97,Hash Table|String|Counting
3138,Minimum Length of Anagram Concatenation,https://leetcode.com/problems/minimum-length-of-anagram-concatenation/,Medium,39.7,Hash Table|String|Counting
3139,Minimum Cost to Equalize Array,https://leetcode.com/problems/minimum-cost-to-equalize-array/,Hard,18.96,Array|Greedy|Enumeration
3142,Check if Grid Satisfies Conditions,https://leetcode.com/problems/check-if-grid-satisfies-conditions/,Easy,45.86,Array|Matrix
3143,Maximum Points Inside the Square,https://leetcode.com/problems/maximum-points-inside-the-square/,Medium,39.56,Array|Hash Table|String|Binary Search|Sorting
3144,Minimum Substring Partition of Equal Character Frequency,https://leetcode.com/problems/minimum-substring-partition-of-equal-character-frequency/,Medium,40.7,Hash Table|String|Dynamic Programming|Counting
3145,Find Products of Elements of Big Array,https://leetcode.com/problems/find-products-of-elements-of-big-array/,Hard,25.31,Array|Binary Search|Bit Manipulation
3146,Permutation Difference between Two Strings,https://leetcode.com/problems/permutation-difference-between-two-strings/,Easy,88.01,Hash Table|String
3147,Taking Maximum Energy From the Mystic Dungeon,https://leetcode.com/problems/taking-maximum-energy-from-the-mystic-dungeon/,Medium,60.88,Array|Dynamic Programming|Prefix Sum
3148,Maximum Difference Score in a Grid,https://leetcode.com/problems/maximum-difference-score-in-a-grid/,Medium,47.9,Array|Dynamic Programming|Matrix
3149,Find the Minimum Cost Array Permutation,https://leetcode.com/problems/find-the-minimum-cost-array-permutation/,Hard,26.23,Array|Dynamic Programming|Bit Manipulation|Bitmask
3151,Special Array I,https://leetcode.com/problems/special-array-i/,Easy,81.64,Array
3152,Special Array II,https://leetcode.com/problems/special-array-ii/,Medium,45.75,Array|Binary Search|Prefix Sum
3153,Sum of Digit Differences of All Pairs,https://leetcode.com/problems/sum-of-digit-differences-of-all-pairs/,Medium,43.3,Array|Hash Table|Math|Counting
3154,Find Number of Ways to Reach the K-th Stair,https://leetcode.com/problems/find-number-of-ways-to-reach-the-k-th-stair/,Hard,37.66,Math|Dynamic Programming|Bit Manipulation|Memoization|Combinatorics
3158,Find the XOR of Numbers Which Appear Twice,https://leetcode.com/problems/find-the-xor-of-numbers-which-appear-twice/,Easy,79.22,Array|Hash Table|Bit Manipulation
3159,Find Occurrences of an Element in an Array,https://leetcode.com/problems/find-occurrences-of-an-element-in-an-array/,Medium,73.28,Array|Hash Table
3160,Find the Number of Distinct Colors Among the Balls,https://leetcode.com/problems/find-the-number-of-distinct-colors-among-the-balls/,Medium,54.07,Array|Hash Table|Simulation
3161,Block Placement Queries,https://leetcode.com/problems/block-placement-queries/,Hard,41.43,Array|Binary Search|Binary Indexed Tree|Segment Tree|Ordered Set
3162,Find the Number of Good Pairs I,https://leetcode.com/problems/find-the-number-of-good-pairs-i/,Easy,86.64,Array|Hash Table
3163,String Compression III,https://leetcode.com/problems/string-compression-iii/,Medium,67.13,String
3164,Find the Number of Good Pairs II,https://leetcode.com/problems/find-the-number-of-good-pairs-ii/,Medium,26.86,Array|Hash Table
3165,Maximum Sum of Subsequence With Non-adjacent Elements,https://leetcode.com/problems/maximum-sum-of-subsequence-with-non-adjacent-elements/,Hard,15.72,Array|Divide and Conquer|Dynamic Programming|Segment Tree
3168,Minimum Number of Chairs in a Waiting Room,https://leetcode.com/problems/minimum-number-of-chairs-in-a-waiting-room/,Easy,79.61,String|Simulation
3169,Count Days Without Meetings,https://leetcode.com/problems/count-days-without-meetings/,Medium,48.19,Array|Sorting
3170,Lexicographically Minimum String After Removing Stars,https://leetcode.com/problems/lexicographically-minimum-string-after-removing-stars/,Medium,50.86,Hash Table|String|Stack|Greedy|Heap (Priority Queue)
3171,Find Subarray With Bitwise OR Closest to K,https://leetcode.com/problems/find-subarray-with-bitwise-or-closest-to-k/,Hard,31.49,Array|Binary Search|Bit Manipulation|Segment Tree
3174,Clear Digits,https://leetcode.com/problems/clear-digits/,Easy,82.85,String|Stack|Simulation
3175,Find The First Player to win K Games in a Row,https://leetcode.com/problems/find-the-first-player-to-win-k-games-in-a-row/,Medium,40.46,Array|Simulation
3176,Find the Maximum Length of a Good Subsequence I,https://leetcode.com/problems/find-the-maximum-length-of-a-good-subsequence-i/,Medium,32.89,Array|Hash Table|Dynamic Programming
3177,Find the Maximum Length of a Good Subsequence II,https://leetcode.com/problems/find-the-maximum-length-of-a-good-subsequence-ii/,Hard,25.24,Array|Hash Table|Dynamic Programming
3178,Find the Child Who Has the Ball After K Seconds,https://leetcode.com/problems/find-the-child-who-has-the-ball-after-k-seconds/,Easy,62.23,Math|Simulation
3179,Find the N-th Value After K Seconds,https://leetcode.com/problems/find-the-n-th-value-after-k-seconds/,Medium,54.12,Array|Math|Simulation|Combinatorics|Prefix Sum
3180,Maximum Total Reward Using Operations I,https://leetcode.com/problems/maximum-total-reward-using-operations-i/,Medium,30.97,Array|Dynamic Programming|Bit Manipulation|Sorting
3181,Maximum Total Reward Using Operations II,https://leetcode.com/problems/maximum-total-reward-using-operations-ii/,Hard,21.77,Array|Dynamic Programming|Bit Manipulation|Sorting
3184,Count Pairs That Form a Complete Day I,https://leetcode.com/problems/count-pairs-that-form-a-complete-day-i/,Easy,78.34,Array|Hash Table|Counting
3185,Count Pairs That Form a Complete Day II,https://leetcode.com/problems/count-pairs-that-form-a-complete-day-ii/,Medium,43.97,Array|Hash Table|Counting
3186,Maximum Total Damage With Spell Casting,https://leetcode.com/problems/maximum-total-damage-with-spell-casting/,Medium,45.02,Array|Hash Table|Two Pointers|Binary Search|Dynamic Programming|Sorting|Counting
3187,Peaks in Array,https://leetcode.com/problems/peaks-in-array/,Hard,28.0,Array|Binary Indexed Tree|Segment Tree
3190,Find Minimum Operations to Make All Elements Divisible by Three,https://leetcode.com/problems/find-minimum-operations-to-make-all-elements-divisible-by-three/,Easy,90.82,Array|Math
3191,Minimum Operations to Make Binary Array Elements Equal to One I,https://leetcode.com/problems/minimum-operations-to-make-binary-array-elements-equal-to-one-i/,Medium,80.44,Array|Bit Manipulation|Queue|Sliding Window|Prefix Sum
3192,Minimum Operations to Make Binary Array Elements Equal to One II,https://leetcode.com/problems/minimum-operations-to-make-binary-array-elements-equal-to-one-ii/,Medium,65.37,Array|Dynamic Programming|Greedy
3193,Count the Number of Inversions,https://leetcode.com/problems/count-the-number-of-inversions/,Hard,32.05,Array|Dynamic Programming
3194,Minimum Average of Smallest and Largest Elements,https://leetcode.com/problems/minimum-average-of-smallest-and-largest-elements/,Easy,85.52,Array|Two Pointers|Sorting
3195,Find the Minimum Area to Cover All Ones I,https://leetcode.com/problems/find-the-minimum-area-to-cover-all-ones-i/,Medium,78.19,Array|Matrix
3196,Maximize Total Cost of Alternating Subarrays,https://leetcode.com/problems/maximize-total-cost-of-alternating-subarrays/,Medium,29.96,Array|Dynamic Programming
3197,Find the Minimum Area to Cover All Ones II,https://leetcode.com/problems/find-the-minimum-area-to-cover-all-ones-ii/,Hard,63.53,Array|Matrix|Enumeration
3200,Maximum Height of a Triangle,https://leetcode.com/problems/maximum-height-of-a-triangle/,Easy,44.7,Array|Enumeration
3201,Find the Maximum Length of Valid Subsequence I,https://leetcode.com/problems/find-the-maximum-length-of-valid-subsequence-i/,Medium,54.9,Array|Dynamic Programming
3202,Find the Maximum Length of Valid Subsequence II,https://leetcode.com/problems/find-the-maximum-length-of-valid-subsequence-ii/,Medium,57.11,Array|Dynamic Programming
3203,Find Minimum Diameter After Merging Two Trees,https://leetcode.com/problems/find-minimum-diameter-after-merging-two-trees/,Hard,57.02,Tree|Depth-First Search|Breadth-First Search|Graph Theory
3206,Alternating Groups I,https://leetcode.com/problems/alternating-groups-i/,Easy,69.39,Array|Sliding Window
3207,Maximum Points After Enemy Battles,https://leetcode.com/problems/maximum-points-after-enemy-battles/,Medium,33.38,Array|Greedy
3208,Alternating Groups II,https://leetcode.com/problems/alternating-groups-ii/,Medium,59.94,Array|Sliding Window
3209,Number of Subarrays With AND Value of K,https://leetcode.com/problems/number-of-subarrays-with-and-value-of-k/,Hard,35.8,Array|Binary Search|Bit Manipulation|Segment Tree
3210,Find the Encrypted String,https://leetcode.com/problems/find-the-encrypted-string/,Easy,68.4,String
3211,Generate Binary Strings Without Adjacent Zeros,https://leetcode.com/problems/generate-binary-strings-without-adjacent-zeros/,Medium,88.63,String|Backtracking|Bit Manipulation
3212,Count Submatrices With Equal Frequency of X and Y,https://leetcode.com/problems/count-submatrices-with-equal-frequency-of-x-and-y/,Medium,69.74,Array|Matrix|Prefix Sum
3213,Construct String with Minimum Cost,https://leetcode.com/problems/construct-string-with-minimum-cost/,Hard,19.02,Array|String|Dynamic Programming|Suffix Array
3216,Lexicographically Smallest String After a Swap,https://leetcode.com/problems/lexicographically-smallest-string-after-a-swap/,Easy,54.83,String|Greedy
3217,Delete Nodes From Linked List Present in Array,https://leetcode.com/problems/delete-nodes-from-linked-list-present-in-array/,Medium,69.27,Array|Hash Table|Linked List
3218,Minimum Cost for Cutting Cake I,https://leetcode.com/problems/minimum-cost-for-cutting-cake-i/,Medium,58.16,Array|Two Pointers|Dynamic Programming|Greedy|Sorting
3219,Minimum Cost for Cutting Cake II,https://leetcode.com/problems/minimum-cost-for-cutting-cake-ii/,Hard,54.09,Array|Greedy|Sorting
3220,Odd and Even Transactions,https://leetcode.com/problems/odd-and-even-transactions/,Medium,68.5,Database
3222,Find the Winning Player in Coin Game,https://leetcode.com/problems/find-the-winning-player-in-coin-game/,Easy,53.98,Math|Simulation|Game Theory
3223,Minimum Length of String After Operations,https://leetcode.com/problems/minimum-length-of-string-after-operations/,Medium,75.11,Hash Table|String|Counting
3224,Minimum Array Changes to Make Differences Equal,https://leetcode.com/problems/minimum-array-changes-to-make-differences-equal/,Medium,24.9,Array|Hash Table|Prefix Sum
3225,Maximum Score From Grid Operations,https://leetcode.com/problems/maximum-score-from-grid-operations/,Hard,64.23,Array|Dynamic Programming|Matrix|Prefix Sum
3226,Number of Bit Changes to Make Two Integers Equal,https://leetcode.com/problems/number-of-bit-changes-to-make-two-integers-equal/,Easy,63.76,Bit Manipulation
3227,Vowels Game in a String,https://leetcode.com/problems/vowels-game-in-a-string/,Medium,77.11,Math|String|Brainteaser|Game Theory
3228,Maximum Number of Operations to Move Ones to the End,https://leetcode.com/problems/maximum-number-of-operations-to-move-ones-to-the-end/,Medium,67.13,String|Greedy|Counting
3229,Minimum Operations to Make Array Equal to Target,https://leetcode.com/problems/minimum-operations-to-make-array-equal-to-target/,Hard,41.63,Array|Dynamic Programming|Stack|Greedy|Monotonic Stack
3232,Find if Digit Game Can Be Won,https://leetcode.com/problems/find-if-digit-game-can-be-won/,Easy,81.72,Array|Math
3233,Find the Count of Numbers Which Are Not Special,https://leetcode.com/problems/find-the-count-of-numbers-which-are-not-special/,Medium,28.33,Array|Math|Number Theory
3234,Count the Number of Substrings With Dominant Ones,https://leetcode.com/problems/count-the-number-of-substrings-with-dominant-ones/,Medium,41.99,String|Enumeration
3235,Check if the Rectangle Corner Is Reachable,https://leetcode.com/problems/check-if-the-rectangle-corner-is-reachable/,Hard,25.18,Array|Math|Depth-First Search|Breadth-First Search|Union-Find|Geometry
3238,Find the Number of Winning Players,https://leetcode.com/problems/find-the-number-of-winning-players/,Easy,60.85,Array|Hash Table|Counting
3239,Minimum Number of Flips to Make Binary Grid Palindromic I,https://leetcode.com/problems/minimum-number-of-flips-to-make-binary-grid-palindromic-i/,Medium,74.28,Array|Two Pointers|Matrix
3240,Minimum Number of Flips to Make Binary Grid Palindromic II,https://leetcode.com/problems/minimum-number-of-flips-to-make-binary-grid-palindromic-ii/,Medium,25.82,Array|Two Pointers|Matrix
3241,Time Taken to Mark All Nodes,https://leetcode.com/problems/time-taken-to-mark-all-nodes/,Hard,29.02,Dynamic Programming|Tree|Depth-First Search|Graph Theory|DP on Trees
3242,Design Neighbor Sum Service,https://leetcode.com/problems/design-neighbor-sum-service/,Easy,76.76,Array|Hash Table|Design|Matrix|Simulation
3243,Shortest Distance After Road Addition Queries I,https://leetcode.com/problems/shortest-distance-after-road-addition-queries-i/,Medium,61.92,Array|Breadth-First Search|Graph Theory
3244,Shortest Distance After Road Addition Queries II,https://leetcode.com/problems/shortest-distance-after-road-addition-queries-ii/,Hard,27.02,Array|Greedy|Graph Theory|Ordered Set
3245,Alternating Groups III,https://leetcode.com/problems/alternating-groups-iii/,Hard,19.69,Array|Binary Indexed Tree|Ordered Set
3248,Snake in Matrix,https://leetcode.com/problems/snake-in-matrix/,Easy,82.45,Array|String|Simulation
3249,Count the Number of Good Nodes,https://leetcode.com/problems/count-the-number-of-good-nodes/,Medium,54.98,Tree|Depth-First Search
3250,Find the Count of Monotonic Pairs I,https://leetcode.com/problems/find-the-count-of-monotonic-pairs-i/,Hard,47.79,Array|Math|Dynamic Programming|Combinatorics|Prefix Sum
3251,Find the Count of Monotonic Pairs II,https://leetcode.com/problems/find-the-count-of-monotonic-pairs-ii/,Hard,25.11,Array|Math|Dynamic Programming|Combinatorics|Prefix Sum
3254,Find the Power of K-Size Subarrays I,https://leetcode.com/problems/find-the-power-of-k-size-subarrays-i/,Medium,62.1,Array|Sliding Window
3255,Find the Power of K-Size Subarrays II,https://leetcode.com/problems/find-the-power-of-k-size-subarrays-ii/,Medium,31.96,Array|Sliding Window
3256,Maximum Value Sum by Placing Three Rooks I,https://leetcode.com/problems/maximum-value-sum-by-placing-three-rooks-i/,Hard,16.97,Array|Dynamic Programming|Matrix|Enumeration
3257,Maximum Value Sum by Placing Three Rooks II,https://leetcode.com/problems/maximum-value-sum-by-placing-three-rooks-ii/,Hard,27.07,Array|Dynamic Programming|Matrix|Enumeration
3258,Count Substrings That Satisfy K-Constraint I,https://leetcode.com/problems/count-substrings-that-satisfy-k-constraint-i/,Easy,79.34,String|Sliding Window
3259,Maximum Energy Boost From Two Drinks,https://leetcode.com/problems/maximum-energy-boost-from-two-drinks/,Medium,49.89,Array|Dynamic Programming
3260,Find the Largest Palindrome Divisible by K,https://leetcode.com/problems/find-the-largest-palindrome-divisible-by-k/,Hard,17.1,Math|String|Dynamic Programming|Greedy|Number Theory
3261,Count Substrings That Satisfy K-Constraint II,https://leetcode.com/problems/count-substrings-that-satisfy-k-constraint-ii/,Hard,23.52,Array|String|Binary Search|Sliding Window|Prefix Sum
3264,Final Array State After K Multiplication Operations I,https://leetcode.com/problems/final-array-state-after-k-multiplication-operations-i/,Easy,86.93,Array|Math|Heap (Priority Queue)|Simulation
3265,Count Almost Equal Pairs I,https://leetcode.com/problems/count-almost-equal-pairs-i/,Medium,38.57,Array|Hash Table|Sorting|Counting|Enumeration
3266,Final Array State After K Multiplication Operations II,https://leetcode.com/problems/final-array-state-after-k-multiplication-operations-ii/,Hard,13.8,Array|Heap (Priority Queue)|Simulation
3267,Count Almost Equal Pairs II,https://leetcode.com/problems/count-almost-equal-pairs-ii/,Hard,27.25,Array|Hash Table|Sorting|Counting|Enumeration
3270,Find the Key of the Numbers,https://leetcode.com/problems/find-the-key-of-the-numbers/,Easy,76.71,Math
3271,Hash Divided String,https://leetcode.com/problems/hash-divided-string/,Medium,83.46,String|Simulation
3272,Find the Count of Good Integers,https://leetcode.com/problems/find-the-count-of-good-integers/,Hard,69.25,Hash Table|Math|Combinatorics|Enumeration
3273,Minimum Amount of Damage Dealt to Bob,https://leetcode.com/problems/minimum-amount-of-damage-dealt-to-bob/,Hard,40.22,Array|Greedy|Sorting
3274,Check if Two Chessboard Squares Have the Same Color,https://leetcode.com/problems/check-if-two-chessboard-squares-have-the-same-color/,Easy,72.16,Math|String
3275,K-th Nearest Obstacle Queries,https://leetcode.com/problems/k-th-nearest-obstacle-queries/,Medium,48.95,Array|Heap (Priority Queue)
3276,Select Cells in Grid With Maximum Score,https://leetcode.com/problems/select-cells-in-grid-with-maximum-score/,Hard,15.9,Array|Dynamic Programming|Bit Manipulation|Matrix|Bitmask
3277,Maximum XOR Score Subarray Queries,https://leetcode.com/problems/maximum-xor-score-subarray-queries/,Hard,43.87,Array|Dynamic Programming
3280,Convert Date to Binary,https://leetcode.com/problems/convert-date-to-binary/,Easy,88.51,Math|String
3281,Maximize Score of Numbers in Ranges,https://leetcode.com/problems/maximize-score-of-numbers-in-ranges/,Medium,35.99,Array|Binary Search|Greedy|Sorting
3282,Reach End of Array With Max Score,https://leetcode.com/problems/reach-end-of-array-with-max-score/,Medium,33.74,Array|Greedy
3283,Maximum Number of Moves to Kill All Pawns,https://leetcode.com/problems/maximum-number-of-moves-to-kill-all-pawns/,Hard,34.46,Array|Math|Bit Manipulation|Breadth-First Search|Game Theory|Bitmask
3285,Find Indices of Stable Mountains,https://leetcode.com/problems/find-indices-of-stable-mountains/,Easy,87.2,Array
3286,Find a Safe Walk Through a Grid,https://leetcode.com/problems/find-a-safe-walk-through-a-grid/,Medium,55.47,Array|Breadth-First Search|Graph Theory|Heap (Priority Queue)|Matrix|Shortest Path
3287,Find the Maximum Sequence Value of Array,https://leetcode.com/problems/find-the-maximum-sequence-value-of-array/,Hard,22.19,Array|Dynamic Programming|Bit Manipulation
3288,Length of the Longest Increasing Path,https://leetcode.com/problems/length-of-the-longest-increasing-path/,Hard,19.9,Array|Binary Search|Sorting|Longest Increasing Subsequence
3289,The Two Sneaky Numbers of Digitville,https://leetcode.com/problems/the-two-sneaky-numbers-of-digitville/,Easy,89.81,Array|Hash Table|Math
3290,Maximum Multiplication Score,https://leetcode.com/problems/maximum-multiplication-score/,Medium,41.47,Array|Dynamic Programming
3291,Minimum Number of Valid Strings to Form Target I,https://leetcode.com/problems/minimum-number-of-valid-strings-to-form-target-i/,Medium,22.25,Array|String|Binary Search|Dynamic Programming|Greedy|Trie|Segment Tree|Rolling Hash|String Matching|Hash Function
3292,Minimum Number of Valid Strings to Form Target II,https://leetcode.com/problems/minimum-number-of-valid-strings-to-form-target-ii/,Hard,21.07,Array|String|Binary Search|Dynamic Programming|Greedy|Segment Tree|Rolling Hash|String Matching|Hash Function
3295,Report Spam Message,https://leetcode.com/problems/report-spam-message/,Medium,48.62,Array|Hash Table|String
3296,Minimum Number of Seconds to Make Mountain Height Zero,https://leetcode.com/problems/minimum-number-of-seconds-to-make-mountain-height-zero/,Medium,58.26,Array|Math|Binary Search|Greedy|Heap (Priority Queue)
3297,Count Substrings That Can Be Rearranged to Contain a String I,https://leetcode.com/problems/count-substrings-that-can-be-rearranged-to-contain-a-string-i/,Medium,43.49,Hash Table|String|Sliding Window
3298,Count Substrings That Can Be Rearranged to Contain a String II,https://leetcode.com/problems/count-substrings-that-can-be-rearranged-to-contain-a-string-ii/,Hard,56.43,Hash Table|String|Sliding Window
3300,Minimum Element After Replacement With Digit Sum,https://leetcode.com/problems/minimum-element-after-replacement-with-digit-sum/,Easy,89.6,Array|Math
3301,Maximize the Total Height of Unique Towers,https://leetcode.com/problems/maximize-the-total-height-of-unique-towers/,Medium,37.56,Array|Greedy|Sorting
3302,Find the Lexicographically Smallest Valid Sequence,https://leetcode.com/problems/find-the-lexicographically-smallest-valid-sequence/,Medium,22.4,Two Pointers|String|Dynamic Programming|Greedy
3303,Find the Occurrence of First Almost Equal Substring,https://leetcode.com/problems/find-the-occurrence-of-first-almost-equal-substring/,Hard,16.11,String|String Matching|Knuth–Morris–Pratt Algorithm
3304,Find the K-th Character in String Game I,https://leetcode.com/problems/find-the-k-th-character-in-string-game-i/,Easy,81.56,Math|Bit Manipulation|Recursion|Simulation
3305,Count of Substrings Containing Every Vowel and K Consonants I,https://leetcode.com/problems/count-of-substrings-containing-every-vowel-and-k-consonants-i/,Medium,42.2,Hash Table|String|Sliding Window
3306,Count of Substrings Containing Every Vowel and K Consonants II,https://leetcode.com/problems/count-of-substrings-containing-every-vowel-and-k-consonants-ii/,Medium,40.74,Hash Table|String|Sliding Window
3307,Find the K-th Character in String Game II,https://leetcode.com/problems/find-the-k-th-character-in-string-game-ii/,Hard,48.43,Math|Bit Manipulation|Recursion
3309,Maximum Possible Number by Binary Concatenation,https://leetcode.com/problems/maximum-possible-number-by-binary-concatenation/,Medium,65.72,Array|Bit Manipulation|Enumeration
3310,Remove Methods From Project,https://leetcode.com/problems/remove-methods-from-project/,Medium,70.29,Depth-First Search|Breadth-First Search|Graph Theory
3311,Construct 2D Grid Matching Graph Layout,https://leetcode.com/problems/construct-2d-grid-matching-graph-layout/,Hard,30.36,Array|Hash Table|Graph Theory|Matrix
3312,Sorted GCD Pair Queries,https://leetcode.com/problems/sorted-gcd-pair-queries/,Hard,58.47,Array|Hash Table|Math|Binary Search|Combinatorics|Counting|Number Theory|Prefix Sum|Euclidean Algorithm|Greatest Common Divisor
3314,Construct the Minimum Bitwise Array I,https://leetcode.com/problems/construct-the-minimum-bitwise-array-i/,Easy,85.27,Array|Bit Manipulation
3315,Construct the Minimum Bitwise Array II,https://leetcode.com/problems/construct-the-minimum-bitwise-array-ii/,Medium,66.65,Array|Bit Manipulation
3316,Find Maximum Removals From Source String,https://leetcode.com/problems/find-maximum-removals-from-source-string/,Medium,39.72,Array|Hash Table|Two Pointers|String|Dynamic Programming
3317,Find the Number of Possible Ways for an Event,https://leetcode.com/problems/find-the-number-of-possible-ways-for-an-event/,Hard,34.29,Math|Dynamic Programming|Combinatorics
3318,Find X-Sum of All K-Long Subarrays I,https://leetcode.com/problems/find-x-sum-of-all-k-long-subarrays-i/,Easy,76.08,Array|Hash Table|Sliding Window|Heap (Priority Queue)
3319,K-th Largest Perfect Subtree Size in Binary Tree,https://leetcode.com/problems/k-th-largest-perfect-subtree-size-in-binary-tree/,Medium,62.48,Tree|Depth-First Search|Sorting|Binary Tree
3320,Count The Number of Winning Sequences,https://leetcode.com/problems/count-the-number-of-winning-sequences/,Hard,32.65,String|Dynamic Programming
3321,Find X-Sum of All K-Long Subarrays II,https://leetcode.com/problems/find-x-sum-of-all-k-long-subarrays-ii/,Hard,41.22,Array|Hash Table|Sliding Window|Heap (Priority Queue)
3324,Find the Sequence of Strings Appeared on the Screen,https://leetcode.com/problems/find-the-sequence-of-strings-appeared-on-the-screen/,Medium,80.58,String|Simulation
3325,Count Substrings With K-Frequency Characters I,https://leetcode.com/problems/count-substrings-with-k-frequency-characters-i/,Medium,55.88,Hash Table|String|Sliding Window
3326,Minimum Division Operations to Make Array Non Decreasing,https://leetcode.com/problems/minimum-division-operations-to-make-array-non-decreasing/,Medium,29.41,Array|Math|Greedy|Number Theory
3327,Check if DFS Strings Are Palindromes,https://leetcode.com/problems/check-if-dfs-strings-are-palindromes/,Hard,20.77,Array|Hash Table|String|Tree|Depth-First Search|Hash Function
3330,Find the Original Typed String I,https://leetcode.com/problems/find-the-original-typed-string-i/,Easy,72.1,String
3331,Find Subtree Sizes After Changes,https://leetcode.com/problems/find-subtree-sizes-after-changes/,Medium,52.83,Array|Hash Table|String|Tree|Depth-First Search
3332,Maximum Points Tourist Can Earn,https://leetcode.com/problems/maximum-points-tourist-can-earn/,Medium,47.33,Array|Dynamic Programming|Matrix
3333,Find the Original Typed String II,https://leetcode.com/problems/find-the-original-typed-string-ii/,Hard,45.45,String|Dynamic Programming|Prefix Sum
3334,Find the Maximum Factor Score of Array,https://leetcode.com/problems/find-the-maximum-factor-score-of-array/,Medium,41.38,Array|Math|Number Theory|Least Common Multiple
3335,Total Characters in String After Transformations I,https://leetcode.com/problems/total-characters-in-string-after-transformations-i/,Medium,45.65,Hash Table|Math|String|Dynamic Programming|Counting
3336,Find the Number of Subsequences With Equal GCD,https://leetcode.com/problems/find-the-number-of-subsequences-with-equal-gcd/,Hard,66.33,Array|Math|Dynamic Programming|Number Theory|Euclidean Algorithm|Greatest Common Divisor
3337,Total Characters in String After Transformations II,https://leetcode.com/problems/total-characters-in-string-after-transformations-ii/,Hard,57.64,Hash Table|Math|String|Dynamic Programming|Counting
3340,Check Balanced String,https://leetcode.com/problems/check-balanced-string/,Easy,83.05,String
3341,Find Minimum Time to Reach Last Room I,https://leetcode.com/problems/find-minimum-time-to-reach-last-room-i/,Medium,55.47,Array|Graph Theory|Heap (Priority Queue)|Matrix|Shortest Path
3342,Find Minimum Time to Reach Last Room II,https://leetcode.com/problems/find-minimum-time-to-reach-last-room-ii/,Medium,67.6,Array|Graph Theory|Heap (Priority Queue)|Matrix|Shortest Path
3343,Count Number of Balanced Permutations,https://leetcode.com/problems/count-number-of-balanced-permutations/,Hard,49.02,Math|String|Dynamic Programming|Combinatorics
3345,Smallest Divisible Digit Product I,https://leetcode.com/problems/smallest-divisible-digit-product-i/,Easy,70.09,Math|Enumeration
3346,Maximum Frequency of an Element After Performing Operations I,https://leetcode.com/problems/maximum-frequency-of-an-element-after-performing-operations-i/,Medium,40.22,Array|Binary Search|Sliding Window|Sorting|Prefix Sum
3347,Maximum Frequency of an Element After Performing Operations II,https://leetcode.com/problems/maximum-frequency-of-an-element-after-performing-operations-ii/,Hard,53.73,Array|Binary Search|Sliding Window|Sorting|Prefix Sum
3348,Smallest Divisible Digit Product II,https://leetcode.com/problems/smallest-divisible-digit-product-ii/,Hard,15.34,Math|String|Backtracking|Greedy|Number Theory
3349,Adjacent Increasing Subarrays Detection I,https://leetcode.com/problems/adjacent-increasing-subarrays-detection-i/,Easy,47.99,Array
3350,Adjacent Increasing Subarrays Detection II,https://leetcode.com/problems/adjacent-increasing-subarrays-detection-ii/,Medium,58.89,Array|Binary Search
3351,Sum of Good Subsequences,https://leetcode.com/problems/sum-of-good-subsequences/,Hard,31.35,Array|Hash Table|Dynamic Programming
3352,Count K-Reducible Numbers Less Than N,https://leetcode.com/problems/count-k-reducible-numbers-less-than-n/,Hard,28.7,Math|String|Dynamic Programming|Combinatorics
3354,Make Array Elements Equal to Zero,https://leetcode.com/problems/make-array-elements-equal-to-zero/,Easy,68.13,Array|Simulation|Prefix Sum
3355,Zero Array Transformation I,https://leetcode.com/problems/zero-array-transformation-i/,Medium,54.64,Array|Prefix Sum
3356,Zero Array Transformation II,https://leetcode.com/problems/zero-array-transformation-ii/,Medium,43.53,Array|Two Pointers|Binary Search|Prefix Sum
3357,Minimize the Maximum Adjacent Element Difference,https://leetcode.com/problems/minimize-the-maximum-adjacent-element-difference/,Hard,20.09,Array|Binary Search|Greedy
3360,Stone Removal Game,https://leetcode.com/problems/stone-removal-game/,Easy,42.72,Math|Simulation
3361,Shift Distance Between Two Strings,https://leetcode.com/problems/shift-distance-between-two-strings/,Medium,53.91,Array|String|Prefix Sum
3362,Zero Array Transformation III,https://leetcode.com/problems/zero-array-transformation-iii/,Medium,54.74,Array|Two Pointers|Greedy|Sorting|Heap (Priority Queue)|Prefix Sum
3363,Find the Maximum Number of Fruits Collected,https://leetcode.com/problems/find-the-maximum-number-of-fruits-collected/,Hard,64.63,Array|Dynamic Programming|Matrix
3364,Minimum Positive Sum Subarray ,https://leetcode.com/problems/minimum-positive-sum-subarray/,Easy,45.49,Array|Sliding Window|Prefix Sum
3365,Rearrange K Substrings to Form Target String,https://leetcode.com/problems/rearrange-k-substrings-to-form-target-string/,Medium,56.99,Hash Table|String|Sorting
3366,Minimum Array Sum,https://leetcode.com/problems/minimum-array-sum/,Medium,31.95,Array|Dynamic Programming
3367,Maximize Sum of Weights after Edge Removals,https://leetcode.com/problems/maximize-sum-of-weights-after-edge-removals/,Hard,32.24,Dynamic Programming|Tree|Depth-First Search|Sorting
3370,Smallest Number With All Set Bits,https://leetcode.com/problems/smallest-number-with-all-set-bits/,Easy,80.12,Math|Bit Manipulation
3371,Identify the Largest Outlier in an Array,https://leetcode.com/problems/identify-the-largest-outlier-in-an-array/,Medium,36.46,Array|Hash Table|Counting|Enumeration
3372,Maximize the Number of Target Nodes After Connecting Trees I,https://leetcode.com/problems/maximize-the-number-of-target-nodes-after-connecting-trees-i/,Medium,69.44,Tree|Depth-First Search|Breadth-First Search
3373,Maximize the Number of Target Nodes After Connecting Trees II,https://leetcode.com/problems/maximize-the-number-of-target-nodes-after-connecting-trees-ii/,Hard,73.11,Tree|Depth-First Search|Breadth-First Search
3374,First Letter Capitalization II,https://leetcode.com/problems/first-letter-capitalization-ii/,Hard,41.12,Database
3375,Minimum Operations to Make Array Values Equal to K,https://leetcode.com/problems/minimum-operations-to-make-array-values-equal-to-k/,Easy,73.21,Array|Hash Table
3376,Minimum Time to Break Locks I,https://leetcode.com/problems/minimum-time-to-break-locks-i/,Medium,32.93,Array|Dynamic Programming|Backtracking|Bit Manipulation|Breadth-First Search|Bitmask
3377,Digit Operations to Make Two Integers Equal,https://leetcode.com/problems/digit-operations-to-make-two-integers-equal/,Medium,30.79,Math|Graph Theory|Heap (Priority Queue)|Number Theory|Shortest Path
3378,Count Connected Components in LCM Graph,https://leetcode.com/problems/count-connected-components-in-lcm-graph/,Hard,31.72,Array|Hash Table|Math|Union-Find|Number Theory|Least Common Multiple|Euclidean Algorithm|Greatest Common Divisor
3379,Transformed Array,https://leetcode.com/problems/transformed-array/,Easy,70.62,Array|Simulation
3380,Maximum Area Rectangle With Point Constraints I,https://leetcode.com/problems/maximum-area-rectangle-with-point-constraints-i/,Medium,52.31,Array|Math|Binary Indexed Tree|Segment Tree|Geometry|Sorting|Enumeration
3381,Maximum Subarray Sum With Length Divisible by K,https://leetcode.com/problems/maximum-subarray-sum-with-length-divisible-by-k/,Medium,49.73,Array|Hash Table|Prefix Sum
3382,Maximum Area Rectangle With Point Constraints II,https://leetcode.com/problems/maximum-area-rectangle-with-point-constraints-ii/,Hard,23.56,Array|Math|Binary Indexed Tree|Segment Tree|Geometry|Sorting
3386,Button with Longest Push Time,https://leetcode.com/problems/button-with-longest-push-time/,Easy,41.08,Array
3387,Maximize Amount After Two Days of Conversions,https://leetcode.com/problems/maximize-amount-after-two-days-of-conversions/,Medium,61.89,Array|String|Depth-First Search|Breadth-First Search|Graph Theory
3388,Count Beautiful Splits in an Array,https://leetcode.com/problems/count-beautiful-splits-in-an-array/,Medium,19.03,Array|Dynamic Programming
3389,Minimum Operations to Make Character Frequencies Equal,https://leetcode.com/problems/minimum-operations-to-make-character-frequencies-equal/,Hard,26.81,Hash Table|String|Dynamic Programming|Counting|Enumeration
3392,Count Subarrays of Length Three With a Condition,https://leetcode.com/problems/count-subarrays-of-length-three-with-a-condition/,Easy,61.36,Array
3393,Count Paths With the Given XOR Value,https://leetcode.com/problems/count-paths-with-the-given-xor-value/,Medium,40.5,Array|Dynamic Programming|Bit Manipulation|Matrix
3394,Check if Grid can be Cut into Sections,https://leetcode.com/problems/check-if-grid-can-be-cut-into-sections/,Medium,68.26,Array|Sorting
3395,Subsequences with a Unique Middle Mode I,https://leetcode.com/problems/subsequences-with-a-unique-middle-mode-i/,Hard,21.84,Array|Hash Table|Math|Combinatorics
3396,Minimum Number of Operations to Make Elements in Array Distinct,https://leetcode.com/problems/minimum-number-of-operations-to-make-elements-in-array-distinct/,Easy,71.26,Array|Hash Table
3397,Maximum Number of Distinct Elements After Operations,https://leetcode.com/problems/maximum-number-of-distinct-elements-after-operations/,Medium,52.1,Array|Greedy|Sorting
3398,Smallest Substring With Identical Characters I,https://leetcode.com/problems/smallest-substring-with-identical-characters-i/,Hard,21.0,Array|Binary Search|Enumeration
3399,Smallest Substring With Identical Characters II,https://leetcode.com/problems/smallest-substring-with-identical-characters-ii/,Hard,40.57,String|Binary Search
3402,Minimum Operations to Make Columns Strictly Increasing,https://leetcode.com/problems/minimum-operations-to-make-columns-strictly-increasing/,Easy,72.82,Array|Greedy|Matrix
3403,Find the Lexicographically Largest String From the Box I,https://leetcode.com/problems/find-the-lexicographically-largest-string-from-the-box-i/,Medium,40.93,Two Pointers|String|Enumeration
3404,Count Special Subsequences,https://leetcode.com/problems/count-special-subsequences/,Medium,29.86,Array|Hash Table|Math|Enumeration
3405,Count the Number of Arrays with K Matching Adjacent Elements,https://leetcode.com/problems/count-the-number-of-arrays-with-k-matching-adjacent-elements/,Hard,58.23,Math|Combinatorics|Fermat's Little Theorem
3407,Substring Matching Pattern,https://leetcode.com/problems/substring-matching-pattern/,Easy,29.19,String|String Matching
3408,Design Task Manager,https://leetcode.com/problems/design-task-manager/,Medium,48.89,Hash Table|Design|Heap (Priority Queue)|Ordered Set
3409,Longest Subsequence With Decreasing Adjacent Difference,https://leetcode.com/problems/longest-subsequence-with-decreasing-adjacent-difference/,Medium,16.9,Array|Dynamic Programming
3410,Maximize Subarray Sum After Removing All Occurrences of One Element,https://leetcode.com/problems/maximize-subarray-sum-after-removing-all-occurrences-of-one-element/,Hard,23.56,Array|Hash Table|Divide and Conquer|Dynamic Programming|Segment Tree|Prefix Sum
3411,Maximum Subarray With Equal Products,https://leetcode.com/problems/maximum-subarray-with-equal-products/,Easy,47.21,Array|Math|Sliding Window|Enumeration|Number Theory
3412,Find Mirror Score of a String,https://leetcode.com/problems/find-mirror-score-of-a-string/,Medium,35.81,Hash Table|String|Stack|Simulation
3413,Maximum Coins From K Consecutive Bags,https://leetcode.com/problems/maximum-coins-from-k-consecutive-bags/,Medium,26.2,Array|Binary Search|Greedy|Sliding Window|Sorting|Prefix Sum
3414,Maximum Score of Non-overlapping Intervals,https://leetcode.com/problems/maximum-score-of-non-overlapping-intervals/,Hard,30.83,Array|Binary Search|Dynamic Programming|Sorting
3417,Zigzag Grid Traversal With Skip,https://leetcode.com/problems/zigzag-grid-traversal-with-skip/,Easy,65.62,Array|Matrix|Simulation
3418,Maximum Amount of Money Robot Can Earn,https://leetcode.com/problems/maximum-amount-of-money-robot-can-earn/,Medium,47.71,Array|Dynamic Programming|Matrix
3419,Minimize the Maximum Edge Weight of Graph,https://leetcode.com/problems/minimize-the-maximum-edge-weight-of-graph/,Medium,45.41,Binary Search|Depth-First Search|Breadth-First Search|Graph Theory|Shortest Path
3420,Count Non-Decreasing Subarrays After K Operations,https://leetcode.com/problems/count-non-decreasing-subarrays-after-k-operations/,Hard,25.19,Array|Stack|Segment Tree|Queue|Sliding Window|Monotonic Stack|Monotonic Queue
3421,Find Students Who Improved,https://leetcode.com/problems/find-students-who-improved/,Medium,49.48,Database
3423,Maximum Difference Between Adjacent Elements in a Circular Array,https://leetcode.com/problems/maximum-difference-between-adjacent-elements-in-a-circular-array/,Easy,75.62,Array
3424,Minimum Cost to Make Arrays Identical,https://leetcode.com/problems/minimum-cost-to-make-arrays-identical/,Medium,38.12,Array|Greedy|Sorting
3425,Longest Special Path,https://leetcode.com/problems/longest-special-path/,Hard,23.36,Array|Hash Table|Tree|Depth-First Search|Prefix Sum
3426,Manhattan Distances of All Arrangements of Pieces,https://leetcode.com/problems/manhattan-distances-of-all-arrangements-of-pieces/,Hard,35.85,Math|Combinatorics
3427,Sum of Variable Length Subarrays,https://leetcode.com/problems/sum-of-variable-length-subarrays/,Easy,85.92,Array|Prefix Sum
3428,Maximum and Minimum Sums of at Most Size K Subsequences,https://leetcode.com/problems/maximum-and-minimum-sums-of-at-most-size-k-subsequences/,Medium,22.13,Array|Math|Dynamic Programming|Sorting|Combinatorics
3429,Paint House IV,https://leetcode.com/problems/paint-house-iv/,Medium,45.77,Array|Dynamic Programming
3430,Maximum and Minimum Sums of at Most Size K Subarrays,https://leetcode.com/problems/maximum-and-minimum-sums-of-at-most-size-k-subarrays/,Hard,26.4,Array|Math|Stack|Monotonic Stack
3432,Count Partitions with Even Sum Difference,https://leetcode.com/problems/count-partitions-with-even-sum-difference/,Easy,85.1,Array|Math|Prefix Sum
3433,Count Mentions Per User,https://leetcode.com/problems/count-mentions-per-user/,Medium,50.79,Array|Math|Sorting|Simulation
3434,Maximum Frequency After Subarray Operation,https://leetcode.com/problems/maximum-frequency-after-subarray-operation/,Medium,31.51,Array|Hash Table|Dynamic Programming|Greedy|Enumeration|Prefix Sum
3435,Frequencies of Shortest Supersequences,https://leetcode.com/problems/frequencies-of-shortest-supersequences/,Hard,23.0,Array|String|Bit Manipulation|Graph Theory|Topological Sort|Enumeration
3436,Find Valid Emails,https://leetcode.com/problems/find-valid-emails/,Easy,43.31,Database
3438,Find Valid Pair of Adjacent Digits in String,https://leetcode.com/problems/find-valid-pair-of-adjacent-digits-in-string/,Easy,61.2,Hash Table|String|Counting
3439,Reschedule Meetings for Maximum Free Time I,https://leetcode.com/problems/reschedule-meetings-for-maximum-free-time-i/,Medium,54.03,Array|Greedy|Sliding Window
3440,Reschedule Meetings for Maximum Free Time II,https://leetcode.com/problems/reschedule-meetings-for-maximum-free-time-ii/,Medium,60.36,Array|Greedy|Enumeration
3441,Minimum Cost Good Caption,https://leetcode.com/problems/minimum-cost-good-caption/,Hard,21.22,String|Dynamic Programming
3442,Maximum Difference Between Even and Odd Frequency I,https://leetcode.com/problems/maximum-difference-between-even-and-odd-frequency-i/,Easy,60.75,Hash Table|String|Counting
3443,Maximum Manhattan Distance After K Changes,https://leetcode.com/problems/maximum-manhattan-distance-after-k-changes/,Medium,54.18,Hash Table|Math|String|Counting
3444,Minimum Increments for Target Multiples in an Array,https://leetcode.com/problems/minimum-increments-for-target-multiples-in-an-array/,Hard,27.48,Array|Math|Dynamic Programming|Bit Manipulation|Number Theory|Bitmask
3445,Maximum Difference Between Even and Odd Frequency II,https://leetcode.com/problems/maximum-difference-between-even-and-odd-frequency-ii/,Hard,48.63,String|Sliding Window|Enumeration|Prefix Sum
3446,Sort Matrix by Diagonals,https://leetcode.com/problems/sort-matrix-by-diagonals/,Medium,84.68,Array|Sorting|Matrix
3447,Assign Elements to Groups with Constraints,https://leetcode.com/problems/assign-elements-to-groups-with-constraints/,Medium,27.06,Array|Hash Table
3448,Count Substrings Divisible By Last Digit,https://leetcode.com/problems/count-substrings-divisible-by-last-digit/,Hard,23.76,String|Dynamic Programming
3449,Maximize the Minimum Game Score,https://leetcode.com/problems/maximize-the-minimum-game-score/,Hard,26.72,Array|Binary Search|Greedy
3451,Find Invalid IP Addresses,https://leetcode.com/problems/find-invalid-ip-addresses/,Hard,48.14,Database
3452,Sum of Good Numbers,https://leetcode.com/problems/sum-of-good-numbers/,Easy,69.92,Array
3453,Separate Squares I,https://leetcode.com/problems/separate-squares-i/,Medium,57.96,Array|Binary Search
3454,Separate Squares II,https://leetcode.com/problems/separate-squares-ii/,Hard,59.23,Array|Binary Search|Segment Tree|Sweep Line
3455,Shortest Matching Substring,https://leetcode.com/problems/shortest-matching-substring/,Hard,24.79,Two Pointers|String|Binary Search|String Matching
3456,Find Special Substring of Length K,https://leetcode.com/problems/find-special-substring-of-length-k/,Easy,35.29,String
3457,Eat Pizzas!,https://leetcode.com/problems/eat-pizzas/,Medium,33.79,Array|Greedy|Sorting
3458,Select K Disjoint Special Substrings,https://leetcode.com/problems/select-k-disjoint-special-substrings/,Medium,19.48,Hash Table|String|Dynamic Programming|Greedy|Sorting
3459,Length of Longest V-Shaped Diagonal Segment,https://leetcode.com/problems/length-of-longest-v-shaped-diagonal-segment/,Hard,55.92,Array|Dynamic Programming|Memoization|Matrix
3461,Check If Digits Are Equal in String After Operations I,https://leetcode.com/problems/check-if-digits-are-equal-in-string-after-operations-i/,Easy,82.56,Math|String|Simulation|Combinatorics|Number Theory
3462,Maximum Sum With at Most K Elements,https://leetcode.com/problems/maximum-sum-with-at-most-k-elements/,Medium,60.48,Array|Greedy|Sorting|Heap (Priority Queue)|Matrix
3463,Check If Digits Are Equal in String After Operations II,https://leetcode.com/problems/check-if-digits-are-equal-in-string-after-operations-ii/,Hard,14.53,Math|String|Combinatorics|Number Theory
3464,Maximize the Distance Between Points on a Square,https://leetcode.com/problems/maximize-the-distance-between-points-on-a-square/,Hard,50.81,Array|Math|Binary Search|Geometry|Sorting
3465,Find Products with Valid Serial Numbers,https://leetcode.com/problems/find-products-with-valid-serial-numbers/,Easy,28.84,Database
3467,Transform Array by Parity,https://leetcode.com/problems/transform-array-by-parity/,Easy,89.88,Array|Sorting|Counting
3468,Find the Number of Copy Arrays,https://leetcode.com/problems/find-the-number-of-copy-arrays/,Medium,47.34,Array|Math
3469,Find Minimum Cost to Remove Array Elements,https://leetcode.com/problems/find-minimum-cost-to-remove-array-elements/,Medium,22.33,Array|Dynamic Programming
3470,Permutations IV,https://leetcode.com/problems/permutations-iv/,Hard,34.6,Array|Math|Combinatorics|Enumeration
3471,Find the Largest Almost Missing Integer,https://leetcode.com/problems/find-the-largest-almost-missing-integer/,Easy,37.43,Array|Hash Table
3472,Longest Palindromic Subsequence After at Most K Operations,https://leetcode.com/problems/longest-palindromic-subsequence-after-at-most-k-operations/,Medium,37.56,String|Dynamic Programming
3473,Sum of K Subarrays With Length at Least M,https://leetcode.com/problems/sum-of-k-subarrays-with-length-at-least-m/,Medium,26.04,Array|Dynamic Programming|Prefix Sum
3474,Lexicographically Smallest Generated String,https://leetcode.com/problems/lexicographically-smallest-generated-string/,Hard,53.58,String|Greedy|String Matching
3475,DNA Pattern Recognition ,https://leetcode.com/problems/dna-pattern-recognition/,Medium,85.12,Database
3477,Fruits Into Baskets II,https://leetcode.com/problems/fruits-into-baskets-ii/,Easy,70.31,Array|Binary Search|Segment Tree|Simulation|Ordered Set
3478,Choose K Elements With Maximum Sum,https://leetcode.com/problems/choose-k-elements-with-maximum-sum/,Medium,34.19,Array|Sorting|Heap (Priority Queue)
3479,Fruits Into Baskets III,https://leetcode.com/problems/fruits-into-baskets-iii/,Medium,39.43,Array|Binary Search|Segment Tree|Ordered Set
3480,Maximize Subarrays After Removing One Conflicting Pair,https://leetcode.com/problems/maximize-subarrays-after-removing-one-conflicting-pair/,Hard,64.47,Array|Segment Tree|Enumeration|Prefix Sum
3482,Analyze Organization Hierarchy,https://leetcode.com/problems/analyze-organization-hierarchy/,Hard,61.73,Database
3483,Unique 3-Digit Even Numbers,https://leetcode.com/problems/unique-3-digit-even-numbers/,Easy,70.34,Array|Hash Table|Recursion|Enumeration
3484,Design Spreadsheet,https://leetcode.com/problems/design-spreadsheet/,Medium,73.85,Array|Hash Table|String|Design|Matrix
3485,Longest Common Prefix of K Strings After Removal,https://leetcode.com/problems/longest-common-prefix-of-k-strings-after-removal/,Hard,24.42,Array|String|Trie
3486,Longest Special Path II,https://leetcode.com/problems/longest-special-path-ii/,Hard,20.03,Array|Hash Table|Tree|Depth-First Search|Prefix Sum
3487,Maximum Unique Subarray Sum After Deletion,https://leetcode.com/problems/maximum-unique-subarray-sum-after-deletion/,Easy,40.54,Array|Hash Table|Greedy
3488,Closest Equal Element Queries,https://leetcode.com/problems/closest-equal-element-queries/,Medium,51.35,Array|Hash Table|Binary Search
3489,Zero Array Transformation IV,https://leetcode.com/problems/zero-array-transformation-iv/,Medium,31.63,Array|Dynamic Programming
3490,Count Beautiful Numbers,https://leetcode.com/problems/count-beautiful-numbers/,Hard,24.09,Dynamic Programming
3492,Maximum Containers on a Ship,https://leetcode.com/problems/maximum-containers-on-a-ship/,Easy,75.55,Math
3493,Properties Graph,https://leetcode.com/problems/properties-graph/,Medium,49.18,Array|Hash Table|Depth-First Search|Breadth-First Search|Union-Find|Graph Theory
3494,Find the Minimum Amount of Time to Brew Potions,https://leetcode.com/problems/find-the-minimum-amount-of-time-to-brew-potions/,Medium,62.68,Array|Simulation|Prefix Sum
3495,Minimum Operations to Make Array Elements Zero,https://leetcode.com/problems/minimum-operations-to-make-array-elements-zero/,Hard,60.34,Array|Math|Bit Manipulation
3497,Analyze Subscription Conversion ,https://leetcode.com/problems/analyze-subscription-conversion/,Medium,73.74,Database
3498,Reverse Degree of a String,https://leetcode.com/problems/reverse-degree-of-a-string/,Easy,88.93,String|Simulation
3499,Maximize Active Section with Trade I,https://leetcode.com/problems/maximize-active-section-with-trade-i/,Medium,60.94,String|Enumeration
3500,Minimum Cost to Divide Array Into Subarrays,https://leetcode.com/problems/minimum-cost-to-divide-array-into-subarrays/,Hard,28.61,Array|Dynamic Programming|Prefix Sum|Li Chao Tree
3501,Maximize Active Section with Trade II,https://leetcode.com/problems/maximize-active-section-with-trade-ii/,Hard,64.69,Array|String|Binary Search|Segment Tree
3502,Minimum Cost to Reach Every Position,https://leetcode.com/problems/minimum-cost-to-reach-every-position/,Easy,83.66,Array
3503,Longest Palindrome After Substring Concatenation I,https://leetcode.com/problems/longest-palindrome-after-substring-concatenation-i/,Medium,43.5,Two Pointers|String|Dynamic Programming|Enumeration
3504,Longest Palindrome After Substring Concatenation II,https://leetcode.com/problems/longest-palindrome-after-substring-concatenation-ii/,Hard,18.38,Two Pointers|String|Dynamic Programming
3505,Minimum Operations to Make Elements Within K Subarrays Equal,https://leetcode.com/problems/minimum-operations-to-make-elements-within-k-subarrays-equal/,Hard,28.96,Array|Hash Table|Math|Dynamic Programming|Sliding Window|Heap (Priority Queue)
3507,Minimum Pair Removal to Sort Array I,https://leetcode.com/problems/minimum-pair-removal-to-sort-array-i/,Easy,65.25,Array|Hash Table|Linked List|Heap (Priority Queue)|Simulation|Doubly-Linked List|Ordered Set
3508,Implement Router,https://leetcode.com/problems/implement-router/,Medium,39.02,Array|Hash Table|Binary Search|Design|Queue|Ordered Set
3509,Maximum Product of Subsequences With an Alternating Sum Equal to K,https://leetcode.com/problems/maximum-product-of-subsequences-with-an-alternating-sum-equal-to-k/,Hard,13.82,Array|Hash Table|Dynamic Programming
3510,Minimum Pair Removal to Sort Array II,https://leetcode.com/problems/minimum-pair-removal-to-sort-array-ii/,Hard,38.94,Array|Hash Table|Linked List|Heap (Priority Queue)|Simulation|Doubly-Linked List|Ordered Set
3512,Minimum Operations to Make Array Sum Divisible by K,https://leetcode.com/problems/minimum-operations-to-make-array-sum-divisible-by-k/,Easy,92.34,Array|Math
3513,Number of Unique XOR Triplets I,https://leetcode.com/problems/number-of-unique-xor-triplets-i/,Medium,57.65,Array|Math|Bit Manipulation
3514,Number of Unique XOR Triplets II,https://leetcode.com/problems/number-of-unique-xor-triplets-ii/,Medium,52.89,Array|Math|Bit Manipulation|Enumeration
3515,Shortest Path in a Weighted Tree,https://leetcode.com/problems/shortest-path-in-a-weighted-tree/,Hard,41.53,Array|Tree|Depth-First Search|Binary Indexed Tree|Segment Tree
3516,Find Closest Person,https://leetcode.com/problems/find-closest-person/,Easy,89.0,Math
3517,Smallest Palindromic Rearrangement I,https://leetcode.com/problems/smallest-palindromic-rearrangement-i/,Medium,74.53,String|Sorting|Counting Sort
3518,Smallest Palindromic Rearrangement II,https://leetcode.com/problems/smallest-palindromic-rearrangement-ii/,Hard,44.1,Hash Table|Math|String|Combinatorics|Counting
3519,Count Numbers with Non-Decreasing Digits ,https://leetcode.com/problems/count-numbers-with-non-decreasing-digits/,Hard,39.05,Math|String|Dynamic Programming
3521,Find Product Recommendation Pairs,https://leetcode.com/problems/find-product-recommendation-pairs/,Medium,62.38,Database
3522,Calculate Score After Performing Instructions,https://leetcode.com/problems/calculate-score-after-performing-instructions/,Medium,57.31,Array|Hash Table|String|Simulation
3523,Make Array Non-decreasing,https://leetcode.com/problems/make-array-non-decreasing/,Medium,57.7,Array|Stack|Greedy|Monotonic Stack
3524,Find X Value of Array I,https://leetcode.com/problems/find-x-value-of-array-i/,Medium,37.82,Array|Math|Dynamic Programming
3525,Find X Value of Array II,https://leetcode.com/problems/find-x-value-of-array-ii/,Hard,31.76,Array|Math|Segment Tree
3527,Find the Most Common Response,https://leetcode.com/problems/find-the-most-common-response/,Medium,74.99,Array|Hash Table|String|Counting
3528,Unit Conversion I,https://leetcode.com/problems/unit-conversion-i/,Medium,54.1,Depth-First Search|Breadth-First Search|Graph Theory
3529,Count Cells in Overlapping Horizontal and Vertical Substrings,https://leetcode.com/problems/count-cells-in-overlapping-horizontal-and-vertical-substrings/,Medium,27.19,Array|String|Rolling Hash|String Matching|Matrix|Hash Function
3530,Maximum Profit from Valid Topological Order in DAG,https://leetcode.com/problems/maximum-profit-from-valid-topological-order-in-dag/,Hard,30.59,Array|Dynamic Programming|Bit Manipulation|Graph Theory|Topological Sort|Bitmask
3531,Count Covered Buildings,https://leetcode.com/problems/count-covered-buildings/,Medium,58.8,Array|Hash Table|Sorting
3532,Path Existence Queries in a Graph I,https://leetcode.com/problems/path-existence-queries-in-a-graph-i/,Medium,70.27,Array|Hash Table|Binary Search|Union-Find|Graph Theory
3533,Concatenated Divisibility,https://leetcode.com/problems/concatenated-divisibility/,Hard,30.49,Array|Dynamic Programming|Bit Manipulation|Bitmask
3534,Path Existence Queries in a Graph II,https://leetcode.com/problems/path-existence-queries-in-a-graph-ii/,Hard,64.2,Array|Two Pointers|Binary Search|Dynamic Programming|Greedy|Bit Manipulation|Graph Theory|Sorting
3536,Maximum Product of Two Digits,https://leetcode.com/problems/maximum-product-of-two-digits/,Easy,75.76,Math|Sorting
3537,Fill a Special Grid,https://leetcode.com/problems/fill-a-special-grid/,Medium,70.9,Array|Divide and Conquer|Matrix
3538,Merge Operations for Minimum Travel Time,https://leetcode.com/problems/merge-operations-for-minimum-travel-time/,Hard,31.71,Array|Dynamic Programming|Prefix Sum
3539,Find Sum of Array Product of Magical Sequences,https://leetcode.com/problems/find-sum-of-array-product-of-magical-sequences/,Hard,61.36,Array|Math|Dynamic Programming|Bit Manipulation|Combinatorics|Bitmask
3541,Find Most Frequent Vowel and Consonant,https://leetcode.com/problems/find-most-frequent-vowel-and-consonant/,Easy,89.26,Hash Table|String|Counting
3542,Minimum Operations to Convert All Elements to Zero,https://leetcode.com/problems/minimum-operations-to-convert-all-elements-to-zero/,Medium,53.08,Array|Hash Table|Stack|Greedy|Monotonic Stack
3543,Maximum Weighted K-Edge Path,https://leetcode.com/problems/maximum-weighted-k-edge-path/,Medium,20.32,Hash Table|Dynamic Programming|Graph Theory
3544,Subtree Inversion Sum,https://leetcode.com/problems/subtree-inversion-sum/,Hard,44.27,Array|Dynamic Programming|Tree|Depth-First Search
3545,Minimum Deletions for At Most K Distinct Characters,https://leetcode.com/problems/minimum-deletions-for-at-most-k-distinct-characters/,Easy,73.26,Hash Table|String|Greedy|Sorting|Counting
3546,Equal Sum Grid Partition I,https://leetcode.com/problems/equal-sum-grid-partition-i/,Medium,52.92,Array|Matrix|Enumeration|Prefix Sum
3547,Maximum Sum of Edge Values in a Graph,https://leetcode.com/problems/maximum-sum-of-edge-values-in-a-graph/,Hard,37.23,Math|Greedy|Graph Theory
3548,Equal Sum Grid Partition II,https://leetcode.com/problems/equal-sum-grid-partition-ii/,Hard,39.47,Array|Hash Table|Matrix|Enumeration|Prefix Sum
3550,Smallest Index With Digit Sum Equal to Index,https://leetcode.com/problems/smallest-index-with-digit-sum-equal-to-index/,Easy,80.44,Array|Math
3551,Minimum Swaps to Sort by Digit Sum,https://leetcode.com/problems/minimum-swaps-to-sort-by-digit-sum/,Medium,50.76,Array|Hash Table|Sorting
3552,Grid Teleportation Traversal,https://leetcode.com/problems/grid-teleportation-traversal/,Medium,23.8,Array|Hash Table|Breadth-First Search|Matrix
3553,Minimum Weighted Subgraph With the Required Paths II,https://leetcode.com/problems/minimum-weighted-subgraph-with-the-required-paths-ii/,Hard,50.81,Array|Dynamic Programming|Bit Manipulation|Tree|Depth-First Search
3554,Find Category Recommendation Pairs,https://leetcode.com/problems/find-category-recommendation-pairs/,Hard,63.96,Database
3556,Sum of Largest Prime Substrings,https://leetcode.com/problems/sum-of-largest-prime-substrings/,Medium,38.22,Hash Table|Math|String|Sorting|Number Theory
3557,Find Maximum Number of Non Intersecting Substrings,https://leetcode.com/problems/find-maximum-number-of-non-intersecting-substrings/,Medium,31.18,Hash Table|String|Dynamic Programming|Greedy
3558,Number of Ways to Assign Edge Weights I,https://leetcode.com/problems/number-of-ways-to-assign-edge-weights-i/,Medium,63.99,Math|Tree|Depth-First Search
3559,Number of Ways to Assign Edge Weights II,https://leetcode.com/problems/number-of-ways-to-assign-edge-weights-ii/,Hard,71.95,Array|Math|Dynamic Programming|Bit Manipulation|Tree|Depth-First Search
3560,Find Minimum Log Transportation Cost,https://leetcode.com/problems/find-minimum-log-transportation-cost/,Easy,42.66,Math
3561,Resulting String After Adjacent Removals,https://leetcode.com/problems/resulting-string-after-adjacent-removals/,Medium,57.21,String|Stack|Simulation
3562,Maximum Profit from Trading Stocks with Discounts,https://leetcode.com/problems/maximum-profit-from-trading-stocks-with-discounts/,Hard,56.47,Array|Dynamic Programming|Tree|Depth-First Search
3563,Lexicographically Smallest String After Adjacent Removals,https://leetcode.com/problems/lexicographically-smallest-string-after-adjacent-removals/,Hard,17.96,String|Dynamic Programming
3564,Seasonal Sales Analysis,https://leetcode.com/problems/seasonal-sales-analysis/,Medium,63.04,Database
3566,Partition Array into Two Equal Product Subsets,https://leetcode.com/problems/partition-array-into-two-equal-product-subsets/,Medium,35.32,Array|Bit Manipulation|Recursion|Enumeration
3567,Minimum Absolute Difference in Sliding Submatrix,https://leetcode.com/problems/minimum-absolute-difference-in-sliding-submatrix/,Medium,78.78,Array|Sorting|Matrix
3568,Minimum Moves to Clean the Classroom,https://leetcode.com/problems/minimum-moves-to-clean-the-classroom/,Medium,27.07,Array|Hash Table|Bit Manipulation|Breadth-First Search|Matrix
3569,Maximize Count of Distinct Primes After Split,https://leetcode.com/problems/maximize-count-of-distinct-primes-after-split/,Hard,19.34,Array|Hash Table|Math|Segment Tree|Number Theory|Ordered Set
3570,Find Books with No Available Copies,https://leetcode.com/problems/find-books-with-no-available-copies/,Easy,54.38,Database
3572,Maximize Y‑Sum by Picking a Triplet of Distinct X‑Values,https://leetcode.com/problems/maximize-ysum-by-picking-a-triplet-of-distinct-xvalues/,Medium,63.56,Array|Hash Table|Greedy|Sorting|Heap (Priority Queue)
3573,Best Time to Buy and Sell Stock V,https://leetcode.com/problems/best-time-to-buy-and-sell-stock-v/,Medium,60.59,Array|Dynamic Programming
3574,Maximize Subarray GCD Score,https://leetcode.com/problems/maximize-subarray-gcd-score/,Hard,25.6,Array|Math|Enumeration|Number Theory
3575,Maximum Good Subtree Score,https://leetcode.com/problems/maximum-good-subtree-score/,Hard,44.0,Array|Dynamic Programming|Bit Manipulation|Tree|Depth-First Search|Bitmask
3576,Transform Array to All Equal Elements,https://leetcode.com/problems/transform-array-to-all-equal-elements/,Medium,33.3,Array|Greedy
3577,Count the Number of Computer Unlocking Permutations,https://leetcode.com/problems/count-the-number-of-computer-unlocking-permutations/,Medium,58.95,Array|Math|Brainteaser|Combinatorics
3578,Count Partitions With Max-Min Difference at Most K,https://leetcode.com/problems/count-partitions-with-max-min-difference-at-most-k/,Medium,58.4,Array|Dynamic Programming|Queue|Sliding Window|Prefix Sum|Monotonic Queue
3579,Minimum Steps to Convert String with Operations,https://leetcode.com/problems/minimum-steps-to-convert-string-with-operations/,Hard,43.48,String|Dynamic Programming
3580,Find Consistently Improving Employees,https://leetcode.com/problems/find-consistently-improving-employees/,Medium,57.35,Database
3582,Generate Tag for Video Caption,https://leetcode.com/problems/generate-tag-for-video-caption/,Easy,32.64,String|Simulation
3583,Count Special Triplets,https://leetcode.com/problems/count-special-triplets/,Medium,47.1,Array|Hash Table|Counting
3584,Maximum Product of First and Last Elements of a Subsequence,https://leetcode.com/problems/maximum-product-of-first-and-last-elements-of-a-subsequence/,Medium,31.87,Array|Two Pointers
3585,Find Weighted Median Node in Tree,https://leetcode.com/problems/find-weighted-median-node-in-tree/,Hard,26.38,Array|Binary Search|Dynamic Programming|Bit Manipulation|Tree|Depth-First Search
3586,Find COVID Recovery Patients,https://leetcode.com/problems/find-covid-recovery-patients/,Medium,43.47,Database
3587,Minimum Adjacent Swaps to Alternate Parity,https://leetcode.com/problems/minimum-adjacent-swaps-to-alternate-parity/,Medium,42.63,Array|Greedy
3588,Find Maximum Area of a Triangle,https://leetcode.com/problems/find-maximum-area-of-a-triangle/,Medium,29.84,Array|Hash Table|Math|Greedy|Geometry|Enumeration
3589,Count Prime-Gap Balanced Subarrays,https://leetcode.com/problems/count-prime-gap-balanced-subarrays/,Medium,24.03,Array|Math|Queue|Sliding Window|Number Theory|Monotonic Queue
3590,Kth Smallest Path XOR Sum,https://leetcode.com/problems/kth-smallest-path-xor-sum/,Hard,29.01,Array|Tree|Depth-First Search|Ordered Set
3591,Check if Any Element Has Prime Frequency,https://leetcode.com/problems/check-if-any-element-has-prime-frequency/,Easy,62.63,Array|Hash Table|Math|Counting|Number Theory
3592,Inverse Coin Change,https://leetcode.com/problems/inverse-coin-change/,Medium,52.72,Array|Dynamic Programming
3593,Minimum Increments to Equalize Leaf Paths,https://leetcode.com/problems/minimum-increments-to-equalize-leaf-paths/,Medium,40.89,Array|Dynamic Programming|Tree|Depth-First Search
3594,Minimum Time to Transport All Individuals,https://leetcode.com/problems/minimum-time-to-transport-all-individuals/,Hard,27.65,Array|Bit Manipulation|Graph Theory|Heap (Priority Queue)|Shortest Path|Bitmask
3597,Partition String ,https://leetcode.com/problems/partition-string/,Medium,59.49,Hash Table|String|Trie|Simulation
3598,Longest Common Prefix Between Adjacent Strings After Removals,https://leetcode.com/problems/longest-common-prefix-between-adjacent-strings-after-removals/,Medium,32.74,Array|String
3599,Partition Array to Minimize XOR,https://leetcode.com/problems/partition-array-to-minimize-xor/,Medium,41.71,Array|Dynamic Programming|Bit Manipulation|Prefix Sum
3600,Maximize Spanning Tree Stability with Upgrades,https://leetcode.com/problems/maximize-spanning-tree-stability-with-upgrades/,Hard,65.81,Binary Search|Greedy|Union-Find|Graph Theory|Minimum Spanning Tree
3601,Find Drivers with Improved Fuel Efficiency,https://leetcode.com/problems/find-drivers-with-improved-fuel-efficiency/,Medium,47.71,Database
3602,Hexadecimal and Hexatrigesimal Conversion,https://leetcode.com/problems/hexadecimal-and-hexatrigesimal-conversion/,Easy,80.99,Math|String
3603,Minimum Cost Path with Alternating Directions II,https://leetcode.com/problems/minimum-cost-path-with-alternating-directions-ii/,Medium,45.29,Array|Dynamic Programming|Matrix
3604,Minimum Time to Reach Destination in Directed Graph,https://leetcode.com/problems/minimum-time-to-reach-destination-in-directed-graph/,Medium,45.56,Graph Theory|Heap (Priority Queue)|Shortest Path
3605,Minimum Stability Factor of Array,https://leetcode.com/problems/minimum-stability-factor-of-array/,Hard,21.02,Array|Math|Binary Search|Greedy|Segment Tree|Number Theory
3606,Coupon Code Validator,https://leetcode.com/problems/coupon-code-validator/,Easy,64.73,Array|Hash Table|String|Sorting
3607,Power Grid Maintenance,https://leetcode.com/problems/power-grid-maintenance/,Medium,56.14,Array|Hash Table|Depth-First Search|Breadth-First Search|Union-Find|Graph Theory|Heap (Priority Queue)|Ordered Set
3608,Minimum Time for K Connected Components,https://leetcode.com/problems/minimum-time-for-k-connected-components/,Medium,45.13,Binary Search|Union-Find|Graph Theory|Sorting
3609,Minimum Moves to Reach Target in Grid,https://leetcode.com/problems/minimum-moves-to-reach-target-in-grid/,Hard,15.4,Math
3611,Find Overbooked Employees,https://leetcode.com/problems/find-overbooked-employees/,Medium,43.99,Database
3612,Process String with Special Operations I,https://leetcode.com/problems/process-string-with-special-operations-i/,Medium,71.46,String|Simulation
3613,Minimize Maximum Component Cost,https://leetcode.com/problems/minimize-maximum-component-cost/,Medium,43.79,Binary Search|Union-Find|Graph Theory|Sorting
3614,Process String with Special Operations II,https://leetcode.com/problems/process-string-with-special-operations-ii/,Hard,39.81,String|Simulation
3615,Longest Palindromic Path in Graph,https://leetcode.com/problems/longest-palindromic-path-in-graph/,Hard,22.31,String|Dynamic Programming|Bit Manipulation|Graph Theory|Bitmask
3617,Find Students with Study Spiral Pattern,https://leetcode.com/problems/find-students-with-study-spiral-pattern/,Hard,24.03,
3618,Split Array by Prime Indices,https://leetcode.com/problems/split-array-by-prime-indices/,Medium,49.68,Array|Math|Number Theory
3619,Count Islands With Total Value Divisible by K,https://leetcode.com/problems/count-islands-with-total-value-divisible-by-k/,Medium,56.15,Array|Depth-First Search|Breadth-First Search|Union-Find|Matrix
3620,Network Recovery Pathways,https://leetcode.com/problems/network-recovery-pathways/,Hard,50.7,Array|Binary Search|Dynamic Programming|Graph Theory|Topological Sort|Heap (Priority Queue)|Shortest Path
3621,Number of Integers With Popcount-Depth Equal to K I,https://leetcode.com/problems/number-of-integers-with-popcount-depth-equal-to-k-i/,Hard,23.29,Math|Dynamic Programming|Bit Manipulation|Combinatorics
3622,Check Divisibility by Digit Sum and Product,https://leetcode.com/problems/check-divisibility-by-digit-sum-and-product/,Easy,69.63,Math
3623,Count Number of Trapezoids I,https://leetcode.com/problems/count-number-of-trapezoids-i/,Medium,48.08,Array|Hash Table|Math|Geometry
3624,Number of Integers With Popcount-Depth Equal to K II,https://leetcode.com/problems/number-of-integers-with-popcount-depth-equal-to-k-ii/,Hard,58.49,Array|Divide and Conquer|Binary Indexed Tree|Segment Tree
3625,Count Number of Trapezoids II,https://leetcode.com/problems/count-number-of-trapezoids-ii/,Hard,39.72,Array|Hash Table|Math|Geometry
3626,Find Stores with Inventory Imbalance,https://leetcode.com/problems/find-stores-with-inventory-imbalance/,Medium,49.76,
3627,Maximum Median Sum of Subsequences of Size 3,https://leetcode.com/problems/maximum-median-sum-of-subsequences-of-size-3/,Medium,65.14,Array|Math|Greedy|Sorting|Game Theory
3628,Maximum Number of Subsequences After One Inserting,https://leetcode.com/problems/maximum-number-of-subsequences-after-one-inserting/,Medium,32.21,String|Dynamic Programming|Greedy|Prefix Sum
3629,Minimum Jumps to Reach End via Prime Teleportation,https://leetcode.com/problems/minimum-jumps-to-reach-end-via-prime-teleportation/,Medium,44.54,Array|Hash Table|Math|Breadth-First Search|Number Theory
3630,Partition Array for Maximum XOR and AND,https://leetcode.com/problems/partition-array-for-maximum-xor-and-and/,Hard,17.7,Array|Math|Greedy|Bit Manipulation|Enumeration
3633,Earliest Finish Time for Land and Water Rides I,https://leetcode.com/problems/earliest-finish-time-for-land-and-water-rides-i/,Easy,72.98,Array|Two Pointers|Binary Search|Greedy|Sorting
3634,Minimum Removals to Balance Array,https://leetcode.com/problems/minimum-removals-to-balance-array/,Medium,47.84,Array|Binary Search|Sliding Window|Sorting
3635,Earliest Finish Time for Land and Water Rides II,https://leetcode.com/problems/earliest-finish-time-for-land-and-water-rides-ii/,Medium,64.12,Array|Two Pointers|Binary Search|Greedy|Sorting
3636,Threshold Majority Queries,https://leetcode.com/problems/threshold-majority-queries/,Hard,21.99,Array|Hash Table|Binary Search|Divide and Conquer|Counting|Prefix Sum
3637,Trionic Array I,https://leetcode.com/problems/trionic-array-i/,Easy,49.52,Array
3638,Maximum Balanced Shipments,https://leetcode.com/problems/maximum-balanced-shipments/,Medium,61.58,Array|Dynamic Programming|Stack|Greedy|Monotonic Stack
3639,Minimum Time to Activate String,https://leetcode.com/problems/minimum-time-to-activate-string/,Medium,49.26,Array|Binary Search
3640,Trionic Array II,https://leetcode.com/problems/trionic-array-ii/,Hard,47.35,Array|Dynamic Programming
3642,Find Books with Polarized Opinions,https://leetcode.com/problems/find-books-with-polarized-opinions/,Medium,44.06,
3643,Flip Square Submatrix Vertically,https://leetcode.com/problems/flip-square-submatrix-vertically/,Easy,79.39,Array|Two Pointers|Matrix
3644,Maximum K to Sort a Permutation,https://leetcode.com/problems/maximum-k-to-sort-a-permutation/,Medium,37.6,Array|Bit Manipulation
3645,Maximum Total from Optimal Activation Order,https://leetcode.com/problems/maximum-total-from-optimal-activation-order/,Medium,33.54,Array|Two Pointers|Greedy|Sorting|Heap (Priority Queue)
3646,Next Special Palindrome Number,https://leetcode.com/problems/next-special-palindrome-number/,Hard,27.91,Backtracking|Bit Manipulation
3648,Minimum Sensors to Cover Grid,https://leetcode.com/problems/minimum-sensors-to-cover-grid/,Medium,68.85,Math
3649,Number of Perfect Pairs,https://leetcode.com/problems/number-of-perfect-pairs/,Medium,34.57,Array|Math|Two Pointers|Sorting
3650,Minimum Cost Path with Edge Reversals,https://leetcode.com/problems/minimum-cost-path-with-edge-reversals/,Medium,61.76,Graph Theory|Heap (Priority Queue)|Shortest Path
3651,Minimum Cost Path with Teleportations,https://leetcode.com/problems/minimum-cost-path-with-teleportations/,Hard,45.33,Array|Dynamic Programming|Matrix
3652,Best Time to Buy and Sell Stock using Strategy,https://leetcode.com/problems/best-time-to-buy-and-sell-stock-using-strategy/,Medium,59.74,Array|Sliding Window|Prefix Sum
3653,XOR After Range Multiplication Queries I,https://leetcode.com/problems/xor-after-range-multiplication-queries-i/,Medium,73.28,Array|Divide and Conquer|Simulation|Prefix Sum
3654,Minimum Sum After Divisible Sum Deletions,https://leetcode.com/problems/minimum-sum-after-divisible-sum-deletions/,Medium,46.47,Array|Hash Table|Dynamic Programming|Prefix Sum
3655,XOR After Range Multiplication Queries II,https://leetcode.com/problems/xor-after-range-multiplication-queries-ii/,Hard,47.54,Array|Divide and Conquer|Prefix Sum
3657,Find Loyal Customers,https://leetcode.com/problems/find-loyal-customers/,Medium,61.59,
3658,GCD of Odd and Even Sums,https://leetcode.com/problems/gcd-of-odd-and-even-sums/,Easy,89.85,Math|Number Theory
3659,Partition Array Into K-Distinct Groups,https://leetcode.com/problems/partition-array-into-k-distinct-groups/,Medium,47.23,Array|Hash Table|Counting
3660,Jump Game IX,https://leetcode.com/problems/jump-game-ix/,Medium,46.32,Array|Dynamic Programming
3661,Maximum Walls Destroyed by Robots,https://leetcode.com/problems/maximum-walls-destroyed-by-robots/,Hard,47.84,Array|Binary Search|Dynamic Programming|Sorting
3663,Find The Least Frequent Digit,https://leetcode.com/problems/find-the-least-frequent-digit/,Easy,69.72,Array|Hash Table|Math|Counting
3664,Two-Letter Card Game,https://leetcode.com/problems/two-letter-card-game/,Medium,13.14,Array|Hash Table|String|Counting|Enumeration
3665,Twisted Mirror Path Count,https://leetcode.com/problems/twisted-mirror-path-count/,Medium,47.52,Array|Dynamic Programming|Matrix
3666,Minimum Operations to Equalize Binary String,https://leetcode.com/problems/minimum-operations-to-equalize-binary-string/,Hard,45.12,Math|String|Breadth-First Search|Union-Find|Ordered Set
3668,Restore Finishing Order,https://leetcode.com/problems/restore-finishing-order/,Easy,91.37,Array|Hash Table
3669,Balanced K-Factor Decomposition,https://leetcode.com/problems/balanced-k-factor-decomposition/,Medium,40.49,Math|Backtracking|Number Theory
3670,Maximum Product of Two Integers With No Common Bits,https://leetcode.com/problems/maximum-product-of-two-integers-with-no-common-bits/,Medium,15.45,Array|Dynamic Programming|Bit Manipulation
3671,Sum of Beautiful Subsequences,https://leetcode.com/problems/sum-of-beautiful-subsequences/,Hard,31.03,Array|Math|Binary Indexed Tree|Number Theory
3673,Find Zombie Sessions,https://leetcode.com/problems/find-zombie-sessions/,Hard,49.56,
3674,Minimum Operations to Equalize Array,https://leetcode.com/problems/minimum-operations-to-equalize-array/,Easy,60.84,Array|Bit Manipulation|Brainteaser
3675,Minimum Operations to Transform String,https://leetcode.com/problems/minimum-operations-to-transform-string/,Medium,62.12,String|Greedy
3676,Count Bowl Subarrays,https://leetcode.com/problems/count-bowl-subarrays/,Medium,48.69,Array|Stack|Monotonic Stack
3677,Count Binary Palindromic Numbers,https://leetcode.com/problems/count-binary-palindromic-numbers/,Hard,33.78,Math|Bit Manipulation
3678,Smallest Absent Positive Greater Than Average,https://leetcode.com/problems/smallest-absent-positive-greater-than-average/,Easy,34.51,Array|Hash Table
3679, Minimum Discards to Balance Inventory,https://leetcode.com/problems/minimum-discards-to-balance-inventory/,Medium,35.19,Array|Hash Table|Sliding Window|Simulation|Counting
3680,Generate Schedule,https://leetcode.com/problems/generate-schedule/,Medium,24.99,Array|Math|Greedy
3681,Maximum XOR of Subsequences,https://leetcode.com/problems/maximum-xor-of-subsequences/,Hard,51.62,Array|Math|Greedy|Bit Manipulation
3683,Earliest Time to Finish One Task,https://leetcode.com/problems/earliest-time-to-finish-one-task/,Easy,84.88,Array
3684,Maximize Sum of At Most K Distinct Elements,https://leetcode.com/problems/maximize-sum-of-at-most-k-distinct-elements/,Easy,76.65,Array|Hash Table|Greedy|Sorting
3685,Subsequence Sum After Capping Elements,https://leetcode.com/problems/subsequence-sum-after-capping-elements/,Medium,25.54,Array|Two Pointers|Dynamic Programming|Sorting
3686,Number of Stable Subsequences,https://leetcode.com/problems/number-of-stable-subsequences/,Hard,60.19,Array|Dynamic Programming
3688,Bitwise OR of Even Numbers in an Array,https://leetcode.com/problems/bitwise-or-of-even-numbers-in-an-array/,Easy,85.38,Array|Bit Manipulation|Simulation
3689,Maximum Total Subarray Value I,https://leetcode.com/problems/maximum-total-subarray-value-i/,Medium,71.94,Array|Greedy
3690,Split and Merge Array Transformation,https://leetcode.com/problems/split-and-merge-array-transformation/,Medium,58.29,Array|Hash Table|Breadth-First Search
3691,Maximum Total Subarray Value II,https://leetcode.com/problems/maximum-total-subarray-value-ii/,Hard,41.76,Array|Greedy|Segment Tree|Heap (Priority Queue)
3692,Majority Frequency Characters,https://leetcode.com/problems/majority-frequency-characters/,Easy,67.25,Hash Table|String|Counting
3693,Climbing Stairs II,https://leetcode.com/problems/climbing-stairs-ii/,Medium,64.72,Array|Dynamic Programming
3694,Distinct Points Reachable After Substring Removal,https://leetcode.com/problems/distinct-points-reachable-after-substring-removal/,Medium,53.33,Hash Table|String|Sliding Window|Prefix Sum
3695,Maximize Alternating Sum Using Swaps,https://leetcode.com/problems/maximize-alternating-sum-using-swaps/,Hard,62.45,Array|Greedy|Union-Find|Sorting
3697,Compute Decimal Representation,https://leetcode.com/problems/compute-decimal-representation/,Easy,64.94,Array|Math
3698,Split Array With Minimum Difference,https://leetcode.com/problems/split-array-with-minimum-difference/,Medium,33.59,Array|Prefix Sum
3699,Number of ZigZag Arrays I,https://leetcode.com/problems/number-of-zigzag-arrays-i/,Hard,50.4,Dynamic Programming|Prefix Sum
3700,Number of ZigZag Arrays II,https://leetcode.com/problems/number-of-zigzag-arrays-ii/,Hard,67.23,Math|Dynamic Programming
3701,Compute Alternating Sum,https://leetcode.com/problems/compute-alternating-sum/,Easy,90.25,Array|Simulation
3702,Longest Subsequence With Non-Zero Bitwise XOR,https://leetcode.com/problems/longest-subsequence-with-non-zero-bitwise-xor/,Medium,37.6,Array|Bit Manipulation
3703,Remove K-Balanced Substrings,https://leetcode.com/problems/remove-k-balanced-substrings/,Medium,33.02,String|Stack|Simulation
3704,Count No-Zero Pairs That Sum to N,https://leetcode.com/problems/count-no-zero-pairs-that-sum-to-n/,Hard,15.25,Math|Dynamic Programming
3705,Find Golden Hour Customers,https://leetcode.com/problems/find-golden-hour-customers/,Medium,34.39,
3707,Equal Score Substrings,https://leetcode.com/problems/equal-score-substrings/,Easy,57.0,String|Prefix Sum
3708,Longest Fibonacci Subarray,https://leetcode.com/problems/longest-fibonacci-subarray/,Medium,69.69,Array
3709,Design Exam Scores Tracker,https://leetcode.com/problems/design-exam-scores-tracker/,Medium,44.4,Array|Binary Search|Design|Prefix Sum
3710,Maximum Partition Factor,https://leetcode.com/problems/maximum-partition-factor/,Hard,32.3,Array|Binary Search|Depth-First Search|Breadth-First Search|Union-Find|Graph Theory
3712,Sum of Elements With Frequency Divisible by K,https://leetcode.com/problems/sum-of-elements-with-frequency-divisible-by-k/,Easy,78.39,Array|Hash Table|Counting
3713,Longest Balanced Substring I,https://leetcode.com/problems/longest-balanced-substring-i/,Medium,69.66,Hash Table|String|Counting|Enumeration
3714,Longest Balanced Substring II,https://leetcode.com/problems/longest-balanced-substring-ii/,Medium,41.9,Hash Table|String|Prefix Sum
3715,Sum of Perfect Square Ancestors,https://leetcode.com/problems/sum-of-perfect-square-ancestors/,Hard,42.83,Array|Hash Table|Math|Tree|Depth-First Search|Counting|Number Theory
3716,Find Churn Risk Customers,https://leetcode.com/problems/find-churn-risk-customers/,Medium,46.95,
3718,Smallest Missing Multiple of K,https://leetcode.com/problems/smallest-missing-multiple-of-k/,Easy,63.38,Array|Hash Table
3719,Longest Balanced Subarray I,https://leetcode.com/problems/longest-balanced-subarray-i/,Medium,65.69,Array|Hash Table|Divide and Conquer|Segment Tree|Prefix Sum
3720,Lexicographically Smallest Permutation Greater Than Target,https://leetcode.com/problems/lexicographically-smallest-permutation-greater-than-target/,Medium,26.98,Hash Table|String|Greedy|Counting|Enumeration
3721,Longest Balanced Subarray II,https://leetcode.com/problems/longest-balanced-subarray-ii/,Hard,33.8,Array|Hash Table|Divide and Conquer|Segment Tree|Prefix Sum
3722,Lexicographically Smallest String After Reverse,https://leetcode.com/problems/lexicographically-smallest-string-after-reverse/,Medium,54.94,Two Pointers|Binary Search|Enumeration
3723,Maximize Sum of Squares of Digits,https://leetcode.com/problems/maximize-sum-of-squares-of-digits/,Medium,59.17,Math|Greedy
3724,Minimum Operations to Transform Array,https://leetcode.com/problems/minimum-operations-to-transform-array/,Medium,40.34,Array|Greedy
3725,Count Ways to Choose Coprime Integers from Rows,https://leetcode.com/problems/count-ways-to-choose-coprime-integers-from-rows/,Hard,48.67,Array|Math|Dynamic Programming|Matrix|Combinatorics|Number Theory
3726,Remove Zeros in Decimal Representation,https://leetcode.com/problems/remove-zeros-in-decimal-representation/,Easy,76.6,Math|Simulation
3727,Maximum Alternating Sum of Squares,https://leetcode.com/problems/maximum-alternating-sum-of-squares/,Medium,61.8,Array|Greedy|Sorting
3728,Stable Subarrays With Equal Boundary and Interior Sum,https://leetcode.com/problems/stable-subarrays-with-equal-boundary-and-interior-sum/,Medium,26.6,Array|Hash Table|Prefix Sum
3729,Count Distinct Subarrays Divisible by K in Sorted Array,https://leetcode.com/problems/count-distinct-subarrays-divisible-by-k-in-sorted-array/,Hard,28.3,Array|Hash Table|Prefix Sum
3731,Find Missing Elements,https://leetcode.com/problems/find-missing-elements/,Easy,88.56,Array|Hash Table|Sorting
3732,Maximum Product of Three Elements After One Replacement,https://leetcode.com/problems/maximum-product-of-three-elements-after-one-replacement/,Medium,48.22,Array|Math|Greedy|Sorting
3733,Minimum Time to Complete All Deliveries,https://leetcode.com/problems/minimum-time-to-complete-all-deliveries/,Medium,35.66,Math|Binary Search
3734,Lexicographically Smallest Palindromic Permutation Greater Than Target,https://leetcode.com/problems/lexicographically-smallest-palindromic-permutation-greater-than-target/,Hard,25.66,Two Pointers|String|Enumeration
3736,Minimum Moves to Equal Array Elements III,https://leetcode.com/problems/minimum-moves-to-equal-array-elements-iii/,Easy,82.31,Array|Math
3737,Count Subarrays With Majority Element I,https://leetcode.com/problems/count-subarrays-with-majority-element-i/,Medium,75.68,Array|Hash Table|Divide and Conquer|Segment Tree|Merge Sort|Counting|Prefix Sum
3738,Longest Non-Decreasing Subarray After Replacing at Most One Element,https://leetcode.com/problems/longest-non-decreasing-subarray-after-replacing-at-most-one-element/,Medium,22.6,Array|Dynamic Programming
3739,Count Subarrays With Majority Element II,https://leetcode.com/problems/count-subarrays-with-majority-element-ii/,Hard,64.8,Array|Hash Table|Divide and Conquer|Segment Tree|Merge Sort|Prefix Sum
3740,Minimum Distance Between Three Equal Elements I,https://leetcode.com/problems/minimum-distance-between-three-equal-elements-i/,Easy,73.41,Array|Hash Table
3741,Minimum Distance Between Three Equal Elements II,https://leetcode.com/problems/minimum-distance-between-three-equal-elements-ii/,Medium,74.7,Array|Hash Table
3742,Maximum Path Score in a Grid,https://leetcode.com/problems/maximum-path-score-in-a-grid/,Medium,53.5,Array|Dynamic Programming|Matrix
3743,Maximize Cyclic Partition Score,https://leetcode.com/problems/maximize-cyclic-partition-score/,Hard,14.37,Array|Dynamic Programming
3745,Maximize Expression of Three Elements,https://leetcode.com/problems/maximize-expression-of-three-elements/,Easy,73.04,Array|Greedy|Sorting|Enumeration
3746,Minimum String Length After Balanced Removals,https://leetcode.com/problems/minimum-string-length-after-balanced-removals/,Medium,78.53,String|Stack|Counting
3747,Count Distinct Integers After Removing Zeros,https://leetcode.com/problems/count-distinct-integers-after-removing-zeros/,Medium,23.16,Math|Dynamic Programming
3748,Count Stable Subarrays,https://leetcode.com/problems/count-stable-subarrays/,Hard,33.1,Array|Binary Search|Prefix Sum
3750,Minimum Number of Flips to Reverse Binary String,https://leetcode.com/problems/minimum-number-of-flips-to-reverse-binary-string/,Easy,76.98,Math|Two Pointers|String|Bit Manipulation
3751,Total Waviness of Numbers in Range I,https://leetcode.com/problems/total-waviness-of-numbers-in-range-i/,Medium,87.44,Math|Dynamic Programming|Enumeration
3752,Lexicographically Smallest Negated Permutation that Sums to Target,https://leetcode.com/problems/lexicographically-smallest-negated-permutation-that-sums-to-target/,Medium,31.52,Array|Math|Two Pointers|Greedy|Sorting
3753,Total Waviness of Numbers in Range II,https://leetcode.com/problems/total-waviness-of-numbers-in-range-ii/,Hard,56.64,Math|Dynamic Programming
3754,Concatenate Non-Zero Digits and Multiply by Sum I,https://leetcode.com/problems/concatenate-non-zero-digits-and-multiply-by-sum-i/,Easy,66.16,Math
3755,Find Maximum Balanced XOR Subarray Length,https://leetcode.com/problems/find-maximum-balanced-xor-subarray-length/,Medium,50.5,Array|Hash Table|Bit Manipulation|Prefix Sum
3756,Concatenate Non-Zero Digits and Multiply by Sum II,https://leetcode.com/problems/concatenate-non-zero-digits-and-multiply-by-sum-ii/,Medium,42.66,Math|String|Prefix Sum
3757,Number of Effective Subsequences,https://leetcode.com/problems/number-of-effective-subsequences/,Hard,33.01,Array|Math|Dynamic Programming|Bit Manipulation|Combinatorics
3759,Count Elements With at Least K Greater Values,https://leetcode.com/problems/count-elements-with-at-least-k-greater-values/,Medium,31.92,Array|Binary Search|Divide and Conquer|Sorting|Quickselect
3760,Maximum Substrings With Distinct Start,https://leetcode.com/problems/maximum-substrings-with-distinct-start/,Medium,91.46,Hash Table|String
3761,Minimum Absolute Distance Between Mirror Pairs,https://leetcode.com/problems/minimum-absolute-distance-between-mirror-pairs/,Medium,59.19,Array|Hash Table|Math
3762,Minimum Operations to Equalize Subarrays,https://leetcode.com/problems/minimum-operations-to-equalize-subarrays/,Hard,20.98,Array|Math|Binary Search|Segment Tree|Sorting
3764,Most Common Course Pairs,https://leetcode.com/problems/most-common-course-pairs/,Hard,50.94,
3765,Complete Prime Number,https://leetcode.com/problems/complete-prime-number/,Medium,36.52,Math|Enumeration|Number Theory
3766,Minimum Operations to Make Binary Palindrome,https://leetcode.com/problems/minimum-operations-to-make-binary-palindrome/,Medium,52.28,Array|Two Pointers|Binary Search|Bit Manipulation
3767,Maximize Points After Choosing K Tasks,https://leetcode.com/problems/maximize-points-after-choosing-k-tasks/,Medium,59.14,Array|Greedy|Sorting|Heap (Priority Queue)
3768,Minimum Inversion Count in Subarrays of Fixed Length,https://leetcode.com/problems/minimum-inversion-count-in-subarrays-of-fixed-length/,Hard,42.95,Array|Segment Tree|Sliding Window
3769,Sort Integers by Binary Reflection,https://leetcode.com/problems/sort-integers-by-binary-reflection/,Easy,61.26,Array|Sorting
3770,Largest Prime from Consecutive Prime Sum,https://leetcode.com/problems/largest-prime-from-consecutive-prime-sum/,Medium,39.35,Array|Math|Number Theory
3771,Total Score of Dungeon Runs,https://leetcode.com/problems/total-score-of-dungeon-runs/,Medium,31.26,Array|Binary Search|Prefix Sum
3772,Maximum Subgraph Score in a Tree,https://leetcode.com/problems/maximum-subgraph-score-in-a-tree/,Hard,71.06,Array|Dynamic Programming|Tree|Depth-First Search
3774,Absolute Difference Between Maximum and Minimum K Elements,https://leetcode.com/problems/absolute-difference-between-maximum-and-minimum-k-elements/,Easy,75.77,Array|Sorting
3775,Reverse Words With Same Vowel Count,https://leetcode.com/problems/reverse-words-with-same-vowel-count/,Medium,67.08,Two Pointers|String|Simulation
3776,Minimum Moves to Balance Circular Array,https://leetcode.com/problems/minimum-moves-to-balance-circular-array/,Medium,40.57,Array|Greedy|Sorting
3777,Minimum Deletions to Make Alternating Substring,https://leetcode.com/problems/minimum-deletions-to-make-alternating-substring/,Hard,45.7,String|Segment Tree
3779,Minimum Number of Operations to Have Distinct Elements,https://leetcode.com/problems/minimum-number-of-operations-to-have-distinct-elements/,Medium,42.6,Array|Hash Table
3780,Maximum Sum of Three Numbers Divisible by Three,https://leetcode.com/problems/maximum-sum-of-three-numbers-divisible-by-three/,Medium,47.62,Array|Greedy|Sorting|Heap (Priority Queue)
3781,Maximum Score After Binary Swaps,https://leetcode.com/problems/maximum-score-after-binary-swaps/,Medium,35.53,Array|String|Greedy|Heap (Priority Queue)
3782,Last Remaining Integer After Alternating Deletion Operations,https://leetcode.com/problems/last-remaining-integer-after-alternating-deletion-operations/,Hard,49.09,Math|Recursion
3783,Mirror Distance of an Integer,https://leetcode.com/problems/mirror-distance-of-an-integer/,Easy,91.44,Math
3784,Minimum Deletion Cost to Make All Characters Equal,https://leetcode.com/problems/minimum-deletion-cost-to-make-all-characters-equal/,Medium,55.34,Array|Hash Table|String|Enumeration
3785,Minimum Swaps to Avoid Forbidden Values,https://leetcode.com/problems/minimum-swaps-to-avoid-forbidden-values/,Hard,31.05,Array|Hash Table|Greedy|Counting
3786,Total Sum of Interaction Cost in Tree Groups,https://leetcode.com/problems/total-sum-of-interaction-cost-in-tree-groups/,Hard,54.51,Array|Tree|Depth-First Search
3788,Maximum Score of a Split,https://leetcode.com/problems/maximum-score-of-a-split/,Medium,51.7,Array|Prefix Sum
3789,Minimum Cost to Acquire Required Items,https://leetcode.com/problems/minimum-cost-to-acquire-required-items/,Medium,35.22,Math|Greedy
3790,Smallest All-Ones Multiple,https://leetcode.com/problems/smallest-all-ones-multiple/,Medium,47.06,Hash Table|Math
3791,Number of Balanced Integers in a Range,https://leetcode.com/problems/number-of-balanced-integers-in-a-range/,Hard,36.24,Dynamic Programming
3793,Find Users with High Token Usage,https://leetcode.com/problems/find-users-with-high-token-usage/,Easy,57.23,
3794,Reverse String Prefix,https://leetcode.com/problems/reverse-string-prefix/,Easy,89.52,Two Pointers|String
3795,Minimum Subarray Length With Distinct Sum At Least K,https://leetcode.com/problems/minimum-subarray-length-with-distinct-sum-at-least-k/,Medium,31.99,Array|Hash Table|Sliding Window
3796,Find Maximum Value in a Constrained Sequence,https://leetcode.com/problems/find-maximum-value-in-a-constrained-sequence/,Medium,62.59,Array|Greedy
3797,Count Routes to Climb a Rectangular Grid,https://leetcode.com/problems/count-routes-to-climb-a-rectangular-grid/,Hard,25.29,Array|Dynamic Programming|Matrix|Prefix Sum
3798,Largest Even Number,https://leetcode.com/problems/largest-even-number/,Easy,69.29,String
3799,Word Squares II,https://leetcode.com/problems/word-squares-ii/,Medium,55.19,Array|String|Backtracking|Sorting|Enumeration
3800,Minimum Cost to Make Two Binary Strings Equal,https://leetcode.com/problems/minimum-cost-to-make-two-binary-strings-equal/,Medium,39.77,String|Greedy
3801,Minimum Cost to Merge Sorted Lists,https://leetcode.com/problems/minimum-cost-to-merge-sorted-lists/,Hard,35.28,Array|Two Pointers|Binary Search|Dynamic Programming|Bit Manipulation
3803,Count Residue Prefixes,https://leetcode.com/problems/count-residue-prefixes/,Easy,65.89,Hash Table|String
3804,Number of Centered Subarrays,https://leetcode.com/problems/number-of-centered-subarrays/,Medium,67.4,Array|Hash Table|Enumeration
3805,Count Caesar Cipher Pairs,https://leetcode.com/problems/count-caesar-cipher-pairs/,Medium,51.54,Array|Hash Table|Math|String|Counting
3806,Maximum Bitwise AND After Increment Operations,https://leetcode.com/problems/maximum-bitwise-and-after-increment-operations/,Hard,32.36,Array|Greedy|Bit Manipulation|Sorting
3808,Find Emotionally Consistent Users,https://leetcode.com/problems/find-emotionally-consistent-users/,Medium,52.16,
3809,Best Reachable Tower,https://leetcode.com/problems/best-reachable-tower/,Medium,56.14,Array
3810,Minimum Operations to Reach Target Array,https://leetcode.com/problems/minimum-operations-to-reach-target-array/,Medium,64.09,Array|Hash Table|Greedy
3811,Number of Alternating XOR Partitions,https://leetcode.com/problems/number-of-alternating-xor-partitions/,Medium,27.37,Array|Hash Table|Dynamic Programming|Bit Manipulation
3812,Minimum Edge Toggles on a Tree,https://leetcode.com/problems/minimum-edge-toggles-on-a-tree/,Hard,65.63,Tree|Depth-First Search|Graph Theory|Topological Sort|Sorting
3813,Vowel-Consonant Score,https://leetcode.com/problems/vowel-consonant-score/,Easy,53.81,String|Simulation
3814,Maximum Capacity Within Budget,https://leetcode.com/problems/maximum-capacity-within-budget/,Medium,20.65,Array|Two Pointers|Binary Search|Sorting
3815,Design Auction System,https://leetcode.com/problems/design-auction-system/,Medium,41.92,Hash Table|Design|Heap (Priority Queue)|Ordered Set
3816,Lexicographically Smallest String After Deleting Duplicate Characters,https://leetcode.com/problems/lexicographically-smallest-string-after-deleting-duplicate-characters/,Hard,21.1,Hash Table|String|Stack|Greedy|Monotonic Stack
3818,Minimum Prefix Removal to Make Array Strictly Increasing,https://leetcode.com/problems/minimum-prefix-removal-to-make-array-strictly-increasing/,Medium,74.09,Array
3819,Rotate Non Negative Elements,https://leetcode.com/problems/rotate-non-negative-elements/,Medium,48.12,Array|Simulation
3820,Pythagorean Distance Nodes in a Tree,https://leetcode.com/problems/pythagorean-distance-nodes-in-a-tree/,Medium,58.0,Tree|Breadth-First Search
3821,Find Nth Smallest Integer With K One Bits,https://leetcode.com/problems/find-nth-smallest-integer-with-k-one-bits/,Hard,35.41,Math|Bit Manipulation|Combinatorics
3823,Reverse Letters Then Special Characters in a String,https://leetcode.com/problems/reverse-letters-then-special-characters-in-a-string/,Easy,82.38,Two Pointers|String|Simulation
3824,Minimum K to Reduce Array Within Limit,https://leetcode.com/problems/minimum-k-to-reduce-array-within-limit/,Medium,41.02,Array|Binary Search
3825,Longest Strictly Increasing Subsequence With Non-Zero Bitwise AND,https://leetcode.com/problems/longest-strictly-increasing-subsequence-with-non-zero-bitwise-and/,Medium,50.58,Array|Binary Search|Bit Manipulation|Enumeration
3826,Minimum Partition Score,https://leetcode.com/problems/minimum-partition-score/,Hard,33.89,Array|Divide and Conquer|Dynamic Programming|Queue|Prefix Sum|Monotonic Queue
3827,Count Monobit Integers,https://leetcode.com/problems/count-monobit-integers/,Easy,66.68,Bit Manipulation|Enumeration
3828,Final Element After Subarray Deletions,https://leetcode.com/problems/final-element-after-subarray-deletions/,Medium,41.16,Array|Math|Brainteaser|Game Theory
3829,Design Ride Sharing System,https://leetcode.com/problems/design-ride-sharing-system/,Medium,63.41,Hash Table|Design|Queue|Data Stream
3830,Longest Alternating Subarray After Removing At Most One Element,https://leetcode.com/problems/longest-alternating-subarray-after-removing-at-most-one-element/,Hard,31.59,Array|Dynamic Programming|Enumeration
3832,Find Users with Persistent Behavior Patterns,https://leetcode.com/problems/find-users-with-persistent-behavior-patterns/,Hard,48.37,
3833,Count Dominant Indices,https://leetcode.com/problems/count-dominant-indices/,Easy,66.2,Array|Enumeration
3834,Merge Adjacent Equal Elements,https://leetcode.com/problems/merge-adjacent-equal-elements/,Medium,42.61,Array|Stack|Simulation
3835,Count Subarrays With Cost Less Than or Equal to K,https://leetcode.com/problems/count-subarrays-with-cost-less-than-or-equal-to-k/,Medium,46.32,Array|Queue|Monotonic Queue
3836,Maximum Score Using Exactly K Pairs,https://leetcode.com/problems/maximum-score-using-exactly-k-pairs/,Hard,41.83,Array|Dynamic Programming
3838,Weighted Word Mapping,https://leetcode.com/problems/weighted-word-mapping/,Easy,90.59,Array|String|Simulation
3839,Number of Prefix Connected Groups,https://leetcode.com/problems/number-of-prefix-connected-groups/,Medium,60.74,Array|Hash Table|String|Counting
3840,House Robber V,https://leetcode.com/problems/house-robber-v/,Medium,53.97,Array|Dynamic Programming
3841,Palindromic Path Queries in a Tree,https://leetcode.com/problems/palindromic-path-queries-in-a-tree/,Hard,37.11,Array|String|Divide and Conquer|Bit Manipulation|Tree|Depth-First Search|Segment Tree
3842,Toggle Light Bulbs,https://leetcode.com/problems/toggle-light-bulbs/,Easy,71.95,Array|Hash Table|Sorting|Simulation
3843,First Element with Unique Frequency,https://leetcode.com/problems/first-element-with-unique-frequency/,Medium,70.34,Array|Hash Table|Counting
3844,Longest Almost-Palindromic Substring,https://leetcode.com/problems/longest-almost-palindromic-substring/,Medium,22.89,Two Pointers|String|Dynamic Programming
3845,Maximum Subarray XOR with Bounded Range,https://leetcode.com/problems/maximum-subarray-xor-with-bounded-range/,Hard,33.4,Array|Bit Manipulation|Trie|Queue|Sliding Window|Prefix Sum|Monotonic Queue
3847,Find the Score Difference in a Game,https://leetcode.com/problems/find-the-score-difference-in-a-game/,Medium,72.61,Array|Simulation
3848,Check Digitorial Permutation,https://leetcode.com/problems/check-digitorial-permutation/,Medium,46.95,Math|Counting
3849,Maximum Bitwise XOR After Rearrangement,https://leetcode.com/problems/maximum-bitwise-xor-after-rearrangement/,Medium,71.52,String|Greedy|Bit Manipulation
3850,Count Sequences to K,https://leetcode.com/problems/count-sequences-to-k/,Hard,36.21,Array|Math|Dynamic Programming|Memoization|Number Theory
3852,Smallest Pair With Different Frequencies,https://leetcode.com/problems/smallest-pair-with-different-frequencies/,Easy,69.43,Array|Hash Table|Counting
3853,Merge Close Characters,https://leetcode.com/problems/merge-close-characters/,Medium,54.85,Hash Table|String
3854,Minimum Operations to Make Array Parity Alternating,https://leetcode.com/problems/minimum-operations-to-make-array-parity-alternating/,Medium,17.45,Array|Greedy
3855,Sum of K-Digit Numbers in a Range,https://leetcode.com/problems/sum-of-k-digit-numbers-in-a-range/,Hard,50.88,Math|Divide and Conquer|Combinatorics|Number Theory
3856,Trim Trailing Vowels,https://leetcode.com/problems/trim-trailing-vowels/,Easy,77.63,String
3857,Minimum Cost to Split into Ones,https://leetcode.com/problems/minimum-cost-to-split-into-ones/,Medium,82.55,Math|Dynamic Programming
3858,Minimum Bitwise OR From Grid,https://leetcode.com/problems/minimum-bitwise-or-from-grid/,Medium,27.53,Array|Greedy|Bit Manipulation|Matrix
3859,Count Subarrays With K Distinct Integers,https://leetcode.com/problems/count-subarrays-with-k-distinct-integers/,Hard,20.7,Array|Hash Table|Sliding Window|Counting
3861,Minimum Capacity Box,https://leetcode.com/problems/minimum-capacity-box/,Easy,72.32,Array
3862,Find the Smallest Balanced Index,https://leetcode.com/problems/find-the-smallest-balanced-index/,Medium,19.52,Array|Prefix Sum
3863,Minimum Operations to Sort a String,https://leetcode.com/problems/minimum-operations-to-sort-a-string/,Medium,19.34,String
3864,Minimum Cost to Partition a Binary String,https://leetcode.com/problems/minimum-cost-to-partition-a-binary-string/,Hard,52.74,String|Divide and Conquer|Prefix Sum
3866,First Unique Even Element,https://leetcode.com/problems/first-unique-even-element/,Easy,66.25,Array|Hash Table|Counting
3867,Sum of GCD of Formed Pairs,https://leetcode.com/problems/sum-of-gcd-of-formed-pairs/,Medium,75.03,Array|Math|Two Pointers|Sorting|Simulation|Number Theory
3868,Minimum Cost to Equalize Arrays Using Swaps,https://leetcode.com/problems/minimum-cost-to-equalize-arrays-using-swaps/,Medium,48.98,Array|Hash Table|Greedy|Counting
3869,Count Fancy Numbers in a Range,https://leetcode.com/problems/count-fancy-numbers-in-a-range/,Hard,27.48,Math|Dynamic Programming
3870,Count Commas in Range,https://leetcode.com/problems/count-commas-in-range/,Easy,69.27,Math
3871,Count Commas in Range II,https://leetcode.com/problems/count-commas-in-range-ii/,Medium,41.01,Math
3872,Longest Arithmetic Sequence After Changing At Most One Element,https://leetcode.com/problems/longest-arithmetic-sequence-after-changing-at-most-one-element/,Medium,21.68,Array|Enumeration
3873,Maximum Points Activated with One Addition,https://leetcode.com/problems/maximum-points-activated-with-one-addition/,Hard,44.73,Array|Hash Table|Union-Find
3875,Construct Uniform Parity Array I,https://leetcode.com/problems/construct-uniform-parity-array-i/,Easy,76.69,Array|Math
3876,Construct Uniform Parity Array II,https://leetcode.com/problems/construct-uniform-parity-array-ii/,Medium,50.3,Array|Math
3877,Minimum Removals to Achieve Target XOR,https://leetcode.com/problems/minimum-removals-to-achieve-target-xor/,Medium,41.86,Array|Dynamic Programming|Bit Manipulation
3878,Count Good Subarrays,https://leetcode.com/problems/count-good-subarrays/,Hard,25.79,Array|Stack|Bit Manipulation|Monotonic Stack
3880,Minimum Absolute Difference Between Two Values,https://leetcode.com/problems/minimum-absolute-difference-between-two-values/,Easy,66.92,Array|Enumeration
3881,Direction Assignments with Exactly K Visible People,https://leetcode.com/problems/direction-assignments-with-exactly-k-visible-people/,Medium,36.45,Math|Combinatorics
3882,Minimum XOR Path in a Grid,https://leetcode.com/problems/minimum-xor-path-in-a-grid/,Medium,39.89,Array|Dynamic Programming|Bit Manipulation|Matrix
3883,Count Non Decreasing Arrays With Given Digit Sums,https://leetcode.com/problems/count-non-decreasing-arrays-with-given-digit-sums/,Hard,41.77,Array|Dynamic Programming|Prefix Sum
3884,First Matching Character From Both Ends,https://leetcode.com/problems/first-matching-character-from-both-ends/,Easy,82.2,Two Pointers|String
3885,Design Event Manager,https://leetcode.com/problems/design-event-manager/,Medium,50.89,Array|Hash Table|Design|Heap (Priority Queue)|Ordered Set
3886,Sum of Sortable Integers,https://leetcode.com/problems/sum-of-sortable-integers/,Hard,31.76,Array|Math|Sorting|Enumeration
3887,Incremental Even-Weighted Cycle Queries,https://leetcode.com/problems/incremental-even-weighted-cycle-queries/,Hard,51.99,Union-Find|Graph Theory
3889,Mirror Frequency Distance,https://leetcode.com/problems/mirror-frequency-distance/,Medium,60.98,Hash Table|String|Counting
3890,Integers With Multiple Sum of Two Cubes,https://leetcode.com/problems/integers-with-multiple-sum-of-two-cubes/,Medium,55.47,Hash Table|Sorting|Counting|Enumeration
3891,Minimum Increase to Maximize Special Indices,https://leetcode.com/problems/minimum-increase-to-maximize-special-indices/,Medium,19.93,Array|Dynamic Programming|Greedy|Prefix Sum
3892,Minimum Operations to Achieve At Least K Peaks,https://leetcode.com/problems/minimum-operations-to-achieve-at-least-k-peaks/,Hard,30.77,Array|Dynamic Programming
3894,Traffic Signal Color,https://leetcode.com/problems/traffic-signal-color/,Easy,83.86,Math|String|Simulation
3895,Count Digit Appearances,https://leetcode.com/problems/count-digit-appearances/,Medium,86.75,Array|Math
3896,Minimum Operations to Transform Array into Alternating Prime,https://leetcode.com/problems/minimum-operations-to-transform-array-into-alternating-prime/,Medium,52.81,Array|Math|Two Pointers|Binary Search|Sorting|Number Theory
3897,Maximum Value of Concatenated Binary Segments,https://leetcode.com/problems/maximum-value-of-concatenated-binary-segments/,Hard,26.61,Array|Greedy|Sorting
3898,Find the Degree of Each Vertex,https://leetcode.com/problems/find-the-degree-of-each-vertex/,Easy,92.68,Array|Graph Theory|Matrix
3899,Angles of a Triangle,https://leetcode.com/problems/angles-of-a-triangle/,Medium,62.37,Array|Math|Geometry
3900,Longest Balanced Substring After One Swap,https://leetcode.com/problems/longest-balanced-substring-after-one-swap/,Medium,14.04,Hash Table|String|Prefix Sum
3901,Good Subsequence Queries,https://leetcode.com/problems/good-subsequence-queries/,Hard,20.63,Array|Math|Segment Tree|Number Theory
3903,Smallest Stable Index I,https://leetcode.com/problems/smallest-stable-index-i/,Easy,68.61,Array|Prefix Sum
3904,Smallest Stable Index II,https://leetcode.com/problems/smallest-stable-index-ii/,Medium,73.52,Array|Prefix Sum
3905,Multi Source Flood Fill,https://leetcode.com/problems/multi-source-flood-fill/,Medium,55.9,Array|Breadth-First Search|Matrix
3906,Count Good Integers on a Grid Path,https://leetcode.com/problems/count-good-integers-on-a-grid-path/,Hard,49.3,Dynamic Programming
3908,Valid Digit Number,https://leetcode.com/problems/valid-digit-number/,Easy,70.69,Math
3909,Compare Sums of Bitonic Parts,https://leetcode.com/problems/compare-sums-of-bitonic-parts/,Medium,53.63,Array
3910,Count Connected Subgraphs with Even Node Sum,https://leetcode.com/problems/count-connected-subgraphs-with-even-node-sum/,Hard,62.25,Array|Bit Manipulation|Depth-First Search|Breadth-First Search|Union-Find|Graph Theory|Enumeration
3911,K-th Smallest Remaining Even Integer in Subarray Queries,https://leetcode.com/problems/k-th-smallest-remaining-even-integer-in-subarray-queries/,Hard,29.81,Array|Binary Search
3912,Valid Elements in an Array,https://leetcode.com/problems/valid-elements-in-an-array/,Easy,57.38,Array
3913,Sort Vowels by Frequency,https://leetcode.com/problems/sort-vowels-by-frequency/,Medium,62.92,String|Sorting|Counting
3914,Minimum Operations to Make Array Non Decreasing,https://leetcode.com/problems/minimum-operations-to-make-array-non-decreasing/,Medium,55.66,Array|Greedy
3915,Maximum Sum of Alternating Subsequence With Distance at Least K,https://leetcode.com/problems/maximum-sum-of-alternating-subsequence-with-distance-at-least-k/,Hard,32.33,Array|Dynamic Programming|Segment Tree
3917,Count Indices With Opposite Parity,https://leetcode.com/problems/count-indices-with-opposite-parity/,Easy,81.94,Array
3918,Sum of Primes Between Number and Its Reverse,https://leetcode.com/problems/sum-of-primes-between-number-and-its-reverse/,Medium,76.37,Math|Number Theory
3919,Minimum Cost to Move Between Indices,https://leetcode.com/problems/minimum-cost-to-move-between-indices/,Medium,50.76,Array|Greedy|Prefix Sum
3920,Maximize Fixed Points After Deletions,https://leetcode.com/problems/maximize-fixed-points-after-deletions/,Hard,19.91,Array|Binary Search|Sorting
3921,Score Validator,https://leetcode.com/problems/score-validator/,Easy,73.71,Array|String|Simulation
3922,Minimum Flips to Make Binary String Coherent,https://leetcode.com/problems/minimum-flips-to-make-binary-string-coherent/,Medium,20.07,String
3923,Minimum Generations to Target Point,https://leetcode.com/problems/minimum-generations-to-target-point/,Medium,44.26,Array|Hash Table|Simulation
3924,Minimum Threshold Path With Limited Heavy Edges,https://leetcode.com/problems/minimum-threshold-path-with-limited-heavy-edges/,Hard,39.0,Binary Search|Breadth-First Search|Graph Theory
3925,Concatenate Array With Reverse,https://leetcode.com/problems/concatenate-array-with-reverse/,Easy,91.68,Array|Simulation
3926,Count Valid Word Occurrences,https://leetcode.com/problems/count-valid-word-occurrences/,Medium,48.45,Array|Hash Table|String|Counting
3927,Minimize Array Sum Using Divisible Replacements,https://leetcode.com/problems/minimize-array-sum-using-divisible-replacements/,Medium,32.26,Array|Hash Table|Math|Greedy|Number Theory
3928,Minimum Cost to Buy Apples II,https://leetcode.com/problems/minimum-cost-to-buy-apples-ii/,Hard,31.94,Array|Graph Theory|Heap (Priority Queue)|Shortest Path
3931,Check Adjacent Digit Differences,https://leetcode.com/problems/check-adjacent-digit-differences/,Easy,78.04,String
3932,Count K-th Roots in a Range,https://leetcode.com/problems/count-k-th-roots-in-a-range/,Medium,24.6,Math|Binary Search
3933,Largest Local Values in a Matrix II,https://leetcode.com/problems/largest-local-values-in-a-matrix-ii/,Medium,18.78,Array|Matrix|Prefix Sum
3934,Smallest Unique Subarray,https://leetcode.com/problems/smallest-unique-subarray/,Hard,41.05,Array|Hash Table|Binary Search|Rolling Hash|Suffix Array|Hash Function
3936,Minimum Swaps to Move Zeros to End,https://leetcode.com/problems/minimum-swaps-to-move-zeros-to-end/,Easy,60.64,Array|Two Pointers
3937,Minimum Operations to Make Array Modulo Alternating I,https://leetcode.com/problems/minimum-operations-to-make-array-modulo-alternating-i/,Medium,46.75,Array|Enumeration
3938,Maximum Path Intersection Sum in a Grid,https://leetcode.com/problems/maximum-path-intersection-sum-in-a-grid/,Medium,25.38,Array|Dynamic Programming|Matrix|Prefix Sum
3939,Count Non Adjacent Subsets in a Rooted Tree,https://leetcode.com/problems/count-non-adjacent-subsets-in-a-rooted-tree/,Hard,51.74,Array|Dynamic Programming|Tree|Depth-First Search
3940,Limit Occurrences in Sorted Array,https://leetcode.com/problems/limit-occurrences-in-sorted-array/,Easy,73.41,Array|Two Pointers
3941,Password Strength,https://leetcode.com/problems/password-strength/,Medium,75.32,Hash Table|String
3942,Minimum Operations to Sort a Permutation,https://leetcode.com/problems/minimum-operations-to-sort-a-permutation/,Medium,27.99,Array
3943,Number of Pairs After Increment,https://leetcode.com/problems/number-of-pairs-after-increment/,Hard,21.34,Array|Hash Table|Divide and Conquer|Counting
3945,Digit Frequency Score,https://leetcode.com/problems/digit-frequency-score/,Easy,91.64,Hash Table|Math
3946,Maximum Number of Items From Sale I,https://leetcode.com/problems/maximum-number-of-items-from-sale-i/,Medium,37.39,Array|Dynamic Programming|Greedy
3947,Maximum Number of Items From Sale II,https://leetcode.com/problems/maximum-number-of-items-from-sale-ii/,Medium,31.05,Array|Greedy|Sorting|Heap (Priority Queue)
3948,Lexicographically Maximum MEX Array,https://leetcode.com/problems/lexicographically-maximum-mex-array/,Hard,57.22,Array|Hash Table|Greedy|Queue
3950,Exactly One Consecutive Set Bits Pair,https://leetcode.com/problems/exactly-one-consecutive-set-bits-pair/,Easy,50.91,Bit Manipulation
3951,Minimum Energy to Maintain Brightness,https://leetcode.com/problems/minimum-energy-to-maintain-brightness/,Medium,54.11,Array|Sorting
3952,Maximum Total Value of Covered Indices,https://leetcode.com/problems/maximum-total-value-of-covered-indices/,Medium,28.6,Array|String|Dynamic Programming|Greedy
3953,Maximum Score with Co-Prime Element,https://leetcode.com/problems/maximum-score-with-co-prime-element/,Hard,28.7,Array|Hash Table|Math|Combinatorics|Enumeration|Number Theory
3954,Sum of Compatible Numbers in Range I,https://leetcode.com/problems/sum-of-compatible-numbers-in-range-i/,Easy,58.95,Dynamic Programming|Bit Manipulation|Enumeration
3955,Valid Binary Strings With Cost Limit,https://leetcode.com/problems/valid-binary-strings-with-cost-limit/,Medium,78.9,String|Backtracking|Bit Manipulation|Enumeration
3956,Maximum Sum of M Non-Overlapping Subarrays I,https://leetcode.com/problems/maximum-sum-of-m-non-overlapping-subarrays-i/,Hard,26.81,Array|Binary Search|Dynamic Programming|Queue|Sliding Window|Prefix Sum|Monotonic Queue
3957,Maximum Sum of M Non-Overlapping Subarrays II,https://leetcode.com/problems/maximum-sum-of-m-non-overlapping-subarrays-ii/,Hard,16.67,Array|Binary Search|Dynamic Programming|Queue|Sliding Window|Prefix Sum|Monotonic Queue
3959,Check Good Integer,https://leetcode.com/problems/check-good-integer/,Easy,83.2,
3960,Frequency Balance Subarray,https://leetcode.com/problems/frequency-balance-subarray/,Medium,29.49,
3961,Maximize Sum of Device Ratings,https://leetcode.com/problems/maximize-sum-of-device-ratings/,Medium,39.46,
3962,Maximum Subarray Sum After at Most K Swaps,https://leetcode.com/problems/maximum-subarray-sum-after-at-most-k-swaps/,Hard,14.28,
3963,Create Grid With Exactly One Path,https://leetcode.com/problems/create-grid-with-exactly-one-path/,Easy,75.56,
3964,Minimum Lights to Illuminate a Road,https://leetcode.com/problems/minimum-lights-to-illuminate-a-road/,Medium,38.0,
3965,Finish Time of Tasks I,https://leetcode.com/problems/finish-time-of-tasks-i/,Medium,61.86,
3966,Count Good Integers in a Range,https://leetcode.com/problems/count-good-integers-in-a-range/,Hard,52.19,
3968,Maximum Manhattan Distance After All Moves,https://leetcode.com/problems/maximum-manhattan-distance-after-all-moves/,Medium,63.61,Math|String|Counting
3969,Valid Subarrays With Matching Sum Digits I,https://leetcode.com/problems/valid-subarrays-with-matching-sum-digits-i/,Medium,46.65,Array|Hash Table|Sliding Window|Enumeration|Prefix Sum
3970,Shortest Path With At Most K Consecutive Identical Characters,https://leetcode.com/problems/shortest-path-with-at-most-k-consecutive-identical-characters/,Medium,45.12,String|Graph Theory|Heap (Priority Queue)|Shortest Path
3971,Maximum Total Value,https://leetcode.com/problems/maximum-total-value/,Hard,29.7,Array|Math|Binary Search|Greedy
3974,Maximum Total Sum of K Selected Elements,https://leetcode.com/problems/maximum-total-sum-of-k-selected-elements/,Medium,49.41,Array|Greedy|Sorting
3975,Filter Occupied Intervals,https://leetcode.com/problems/filter-occupied-intervals/,Medium,45.93,Array|Sorting
3976,Maximum Subarray Sum After Multiplier,https://leetcode.com/problems/maximum-subarray-sum-after-multiplier/,Medium,26.23,Array|Dynamic Programming
3977,Minimum Time to Reach Target With Limited Power,https://leetcode.com/problems/minimum-time-to-reach-target-with-limited-power/,Hard,41.1,Array|Dynamic Programming|Graph Theory|Heap (Priority Queue)|Shortest Path
3978,Unique Middle Element,https://leetcode.com/problems/unique-middle-element/,Easy,72.29,
3979,Maximum Valid Pair Sum,https://leetcode.com/problems/maximum-valid-pair-sum/,Medium,49.16,
3980,Minimum Operations to Transform Binary String,https://leetcode.com/problems/minimum-operations-to-transform-binary-string/,Medium,36.53,
3981,Count Distinct Ways to Form Target from Two Strings,https://leetcode.com/problems/count-distinct-ways-to-form-target-from-two-strings/,Hard,46.55,
3982,Sum of Integers with Maximum Digit Range,https://leetcode.com/problems/sum-of-integers-with-maximum-digit-range/,Easy,72.97,
3983,Subsequence After One Replacement,https://leetcode.com/problems/subsequence-after-one-replacement/,Medium,21.73,
3984,Divisible Game,https://leetcode.com/problems/divisible-game/,Medium,42.35,
3985,Palindromic Subarray Sum,https://leetcode.com/problems/palindromic-subarray-sum/,Hard,34.32,
3986,Number of Elapsed Seconds Between Two Times,https://leetcode.com/problems/number-of-elapsed-seconds-between-two-times/,Easy,82.17,
3987,Minimum Total Cost to Process All Elements,https://leetcode.com/problems/minimum-total-cost-to-process-all-elements/,Medium,24.82,
3988,Create Grid With Exactly K Paths I,https://leetcode.com/problems/create-grid-with-exactly-k-paths-i/,Medium,32.78,
3989,Maximum Consistent Columns in a Grid,https://leetcode.com/problems/maximum-consistent-columns-in-a-grid/,Hard,68.63,
3992,Rearrange String to Avoid Character Pair,https://leetcode.com/problems/rearrange-string-to-avoid-character-pair/,Easy,78.13,
3993,Maximum Value of an Alternating Sequence,https://leetcode.com/problems/maximum-value-of-an-alternating-sequence/,Medium,31.43,
3994,Minimum Adjacent Swaps to Partition Array,https://leetcode.com/problems/minimum-adjacent-swaps-to-partition-array/,Medium,57.23,
3995,Minimum Cost to Convert String III,https://leetcode.com/problems/minimum-cost-to-convert-string-iii/,Hard,55.18,
3996,Even Number of Knight Moves,https://leetcode.com/problems/even-number-of-knight-moves/,Easy,74.84,
3997,Count Dominant Nodes in a Binary Tree,https://leetcode.com/problems/count-dominant-nodes-in-a-binary-tree/,Medium,72.33,
3998,Transform Binary String Using Subsequence Sort,https://leetcode.com/problems/transform-binary-string-using-subsequence-sort/,Medium,37.86,
3999,Minimum Number of String Groups Through Transformations,https://leetcode.com/problems/minimum-number-of-string-groups-through-transformations/,Hard,47.95,
4000,Largest Integer With Given Digit Sum,https://leetcode.com/problems/largest-integer-with-given-digit-sum/,Easy,61.1,
4001,Aggregate Two Time Series,https://leetcode.com/problems/aggregate-two-time-series/,Medium,57.67,
4002,Count Valid Sequences,https://leetcode.com/problems/count-valid-sequences/,Medium,42.7,
4003,Minimum Cost Path with Alternating Directions III,https://leetcode.com/problems/minimum-cost-path-with-alternating-directions-iii/,Hard,60.98,
4006,Count Valid Prefixes,https://leetcode.com/problems/count-valid-prefixes/,Easy,77.74,
4007,Widest Possible Fence,https://leetcode.com/problems/widest-possible-fence/,Medium,15.9,
4008,Minimum Initial Strength to Defeat All Monsters,https://leetcode.com/problems/minimum-initial-strength-to-defeat-all-monsters/,Medium,50.58,
4009,Minimum Possible Maximum Waiting Time,https://leetcode.com/problems/minimum-possible-maximum-waiting-time/,Hard,27.9,
4010,Maximize Pair Strength Using GCD,https://leetcode.com/problems/maximize-pair-strength-using-gcd/,Easy,48.45,
4011,Count Subarrays With Even Odd Ratio I,https://leetcode.com/problems/count-subarrays-with-even-odd-ratio-i/,Medium,60.57,
4012,Count of Unfinished Tasks After Each Shift,https://leetcode.com/problems/count-of-unfinished-tasks-after-each-shift/,Medium,41.41,
4013,Count Subarrays With Even Odd Ratio II,https://leetcode.com/problems/count-subarrays-with-even-odd-ratio-ii/,Hard,38.64,
